date,league,home_team,away_team,home_goals,away_goals
2024-08-16,Premier League,Manchester United FC,Fulham FC,1,0
2024-08-17,Premier League,Ipswich Town FC,Liverpool FC,0,2
2024-08-17,Premier League,Arsenal FC,Wolverhampton Wanderers FC,2,0
2024-08-17,Premier League,Everton FC,Brighton & Hove Albion FC,0,3
2024-08-17,Premier League,Newcastle United FC,Southampton FC,1,0
2024-08-17,Premier League,Nottingham Forest FC,AFC Bournemouth,1,1
2024-08-17,Premier League,West Ham United FC,Aston Villa FC,1,2
2024-08-18,Premier League,Brentford FC,Crystal Palace FC,2,1
2024-08-18,Premier League,Chelsea FC,Manchester City FC,0,2
2024-08-19,Premier League,Leicester City FC,Tottenham Hotspur FC,1,1
2024-08-24,Premier League,Brighton & Hove Albion FC,Manchester United FC,2,1
2024-08-24,Premier League,Crystal Palace FC,West Ham United FC,0,2
2024-08-24,Premier League,Fulham FC,Leicester City FC,2,1
2024-08-24,Premier League,Manchester City FC,Ipswich Town FC,4,1
2024-08-24,Premier League,Southampton FC,Nottingham Forest FC,0,1
2024-08-24,Premier League,Tottenham Hotspur FC,Everton FC,4,0
2024-08-24,Premier League,Aston Villa FC,Arsenal FC,0,2
2024-08-25,Premier League,AFC Bournemouth,Newcastle United FC,1,1
2024-08-25,Premier League,Wolverhampton Wanderers FC,Chelsea FC,2,6
2024-08-25,Premier League,Liverpool FC,Brentford FC,2,0
2024-08-31,Premier League,Arsenal FC,Brighton & Hove Albion FC,1,1
2024-08-31,Premier League,Brentford FC,Southampton FC,3,1
2024-08-31,Premier League,Everton FC,AFC Bournemouth,2,3
2024-08-31,Premier League,Ipswich Town FC,Fulham FC,1,1
2024-08-31,Premier League,Leicester City FC,Aston Villa FC,1,2
2024-08-31,Premier League,Nottingham Forest FC,Wolverhampton Wanderers FC,1,1
2024-08-31,Premier League,West Ham United FC,Manchester City FC,1,3
2024-09-01,Premier League,Chelsea FC,Crystal Palace FC,1,1
2024-09-01,Premier League,Newcastle United FC,Tottenham Hotspur FC,2,1
2024-09-01,Premier League,Manchester United FC,Liverpool FC,0,3
2024-09-14,Premier League,Southampton FC,Manchester United FC,0,3
2024-09-14,Premier League,Brighton & Hove Albion FC,Ipswich Town FC,0,0
2024-09-14,Premier League,Crystal Palace FC,Leicester City FC,2,2
2024-09-14,Premier League,Fulham FC,West Ham United FC,1,1
2024-09-14,Premier League,Liverpool FC,Nottingham Forest FC,0,1
2024-09-14,Premier League,Manchester City FC,Brentford FC,2,1
2024-09-14,Premier League,Aston Villa FC,Everton FC,3,2
2024-09-14,Premier League,AFC Bournemouth,Chelsea FC,0,1
2024-09-15,Premier League,Tottenham Hotspur FC,Arsenal FC,0,1
2024-09-15,Premier League,Wolverhampton Wanderers FC,Newcastle United FC,1,2
2024-09-21,Premier League,West Ham United FC,Chelsea FC,0,3
2024-09-21,Premier League,Aston Villa FC,Wolverhampton Wanderers FC,3,1
2024-09-21,Premier League,Fulham FC,Newcastle United FC,3,1
2024-09-21,Premier League,Leicester City FC,Everton FC,1,1
2024-09-21,Premier League,Liverpool FC,AFC Bournemouth,3,0
2024-09-21,Premier League,Southampton FC,Ipswich Town FC,1,1
2024-09-21,Premier League,Tottenham Hotspur FC,Brentford FC,3,1
2024-09-21,Premier League,Crystal Palace FC,Manchester United FC,0,0
2024-09-22,Premier League,Brighton & Hove Albion FC,Nottingham Forest FC,2,2
2024-09-22,Premier League,Manchester City FC,Arsenal FC,2,2
2024-09-28,Premier League,Newcastle United FC,Manchester City FC,1,1
2024-09-28,Premier League,Arsenal FC,Leicester City FC,4,2
2024-09-28,Premier League,Brentford FC,West Ham United FC,1,1
2024-09-28,Premier League,Chelsea FC,Brighton & Hove Albion FC,4,2
2024-09-28,Premier League,Everton FC,Crystal Palace FC,2,1
2024-09-28,Premier League,Nottingham Forest FC,Fulham FC,0,1
2024-09-28,Premier League,Wolverhampton Wanderers FC,Liverpool FC,1,2
2024-09-29,Premier League,Ipswich Town FC,Aston Villa FC,2,2
2024-09-29,Premier League,Manchester United FC,Tottenham Hotspur FC,0,3
2024-09-30,Premier League,AFC Bournemouth,Southampton FC,3,1
2024-10-05,Premier League,Crystal Palace FC,Liverpool FC,0,1
2024-10-05,Premier League,Arsenal FC,Southampton FC,3,1
2024-10-05,Premier League,Brentford FC,Wolverhampton Wanderers FC,5,3
2024-10-05,Premier League,Leicester City FC,AFC Bournemouth,1,0
2024-10-05,Premier League,Manchester City FC,Fulham FC,3,2
2024-10-05,Premier League,West Ham United FC,Ipswich Town FC,4,1
2024-10-05,Premier League,Everton FC,Newcastle United FC,0,0
2024-10-06,Premier League,Aston Villa FC,Manchester United FC,0,0
2024-10-06,Premier League,Chelsea FC,Nottingham Forest FC,1,1
2024-10-06,Premier League,Brighton & Hove Albion FC,Tottenham Hotspur FC,3,2
2024-10-19,Premier League,Tottenham Hotspur FC,West Ham United FC,4,1
2024-10-19,Premier League,Fulham FC,Aston Villa FC,1,3
2024-10-19,Premier League,Ipswich Town FC,Everton FC,0,2
2024-10-19,Premier League,Manchester United FC,Brentford FC,2,1
2024-10-19,Premier League,Newcastle United FC,Brighton & Hove Albion FC,0,1
2024-10-19,Premier League,Southampton FC,Leicester City FC,2,3
2024-10-19,Premier League,AFC Bournemouth,Arsenal FC,2,0
2024-10-20,Premier League,Wolverhampton Wanderers FC,Manchester City FC,1,2
2024-10-20,Premier League,Liverpool FC,Chelsea FC,2,1
2024-10-21,Premier League,Nottingham Forest FC,Crystal Palace FC,1,0
2024-10-25,Premier League,Leicester City FC,Nottingham Forest FC,1,3
2024-10-26,Premier League,Aston Villa FC,AFC Bournemouth,1,1
2024-10-26,Premier League,Brentford FC,Ipswich Town FC,4,3
2024-10-26,Premier League,Brighton & Hove Albion FC,Wolverhampton Wanderers FC,2,2
2024-10-26,Premier League,Manchester City FC,Southampton FC,1,0
2024-10-26,Premier League,Everton FC,Fulham FC,1,1
2024-10-27,Premier League,Chelsea FC,Newcastle United FC,2,1
2024-10-27,Premier League,Crystal Palace FC,Tottenham Hotspur FC,1,0
2024-10-27,Premier League,West Ham United FC,Manchester United FC,2,1
2024-10-27,Premier League,Arsenal FC,Liverpool FC,2,2
2024-11-02,Premier League,Newcastle United FC,Arsenal FC,1,0
2024-11-02,Premier League,AFC Bournemouth,Manchester City FC,2,1
2024-11-02,Premier League,Ipswich Town FC,Leicester City FC,1,1
2024-11-02,Premier League,Liverpool FC,Brighton & Hove Albion FC,2,1
2024-11-02,Premier League,Nottingham Forest FC,West Ham United FC,3,0
2024-11-02,Premier League,Southampton FC,Everton FC,1,0
2024-11-02,Premier League,Wolverhampton Wanderers FC,Crystal Palace FC,2,2
2024-11-03,Premier League,Tottenham Hotspur FC,Aston Villa FC,4,1
2024-11-03,Premier League,Manchester United FC,Chelsea FC,1,1
2024-11-04,Premier League,Fulham FC,Brentford FC,2,1
2024-11-09,Premier League,Brentford FC,AFC Bournemouth,3,2
2024-11-09,Premier League,Crystal Palace FC,Fulham FC,0,2
2024-11-09,Premier League,West Ham United FC,Everton FC,0,0
2024-11-09,Premier League,Wolverhampton Wanderers FC,Southampton FC,2,0
2024-11-09,Premier League,Brighton & Hove Albion FC,Manchester City FC,2,1
2024-11-09,Premier League,Liverpool FC,Aston Villa FC,2,0
2024-11-10,Premier League,Manchester United FC,Leicester City FC,3,0
2024-11-10,Premier League,Nottingham Forest FC,Newcastle United FC,1,3
2024-11-10,Premier League,Tottenham Hotspur FC,Ipswich Town FC,1,2
2024-11-10,Premier League,Chelsea FC,Arsenal FC,1,1
2024-11-23,Premier League,Leicester City FC,Chelsea FC,1,2
2024-11-23,Premier League,AFC Bournemouth,Brighton & Hove Albion FC,1,2
2024-11-23,Premier League,Arsenal FC,Nottingham Forest FC,3,0
2024-11-23,Premier League,Aston Villa FC,Crystal Palace FC,2,2
2024-11-23,Premier League,Everton FC,Brentford FC,0,0
2024-11-23,Premier League,Fulham FC,Wolverhampton Wanderers FC,1,4
2024-11-23,Premier League,Manchester City FC,Tottenham Hotspur FC,0,4
2024-11-24,Premier League,Southampton FC,Liverpool FC,2,3
2024-11-24,Premier League,Ipswich Town FC,Manchester United FC,1,1
2024-11-25,Premier League,Newcastle United FC,West Ham United FC,0,2
2024-11-29,Premier League,Brighton & Hove Albion FC,Southampton FC,1,1
2024-11-30,Premier League,Brentford FC,Leicester City FC,4,1
2024-11-30,Premier League,Crystal Palace FC,Newcastle United FC,1,1
2024-11-30,Premier League,Nottingham Forest FC,Ipswich Town FC,1,0
2024-11-30,Premier League,Wolverhampton Wanderers FC,AFC Bournemouth,2,4
2024-11-30,Premier League,West Ham United FC,Arsenal FC,2,5
2024-12-01,Premier League,Chelsea FC,Aston Villa FC,3,0
2024-12-01,Premier League,Manchester United FC,Everton FC,4,0
2024-12-01,Premier League,Tottenham Hotspur FC,Fulham FC,1,1
2024-12-01,Premier League,Liverpool FC,Manchester City FC,2,0
2024-12-03,Premier League,Ipswich Town FC,Crystal Palace FC,0,1
2024-12-03,Premier League,Leicester City FC,West Ham United FC,3,1
2024-12-04,Premier League,Everton FC,Wolverhampton Wanderers FC,4,0
2024-12-04,Premier League,Manchester City FC,Nottingham Forest FC,3,0
2024-12-04,Premier League,Newcastle United FC,Liverpool FC,3,3
2024-12-04,Premier League,Southampton FC,Chelsea FC,1,5
2024-12-04,Premier League,Arsenal FC,Manchester United FC,2,0
2024-12-04,Premier League,Aston Villa FC,Brentford FC,3,1
2024-12-05,Premier League,Fulham FC,Brighton & Hove Albion FC,3,1
2024-12-05,Premier League,AFC Bournemouth,Tottenham Hotspur FC,1,0
2024-12-07,Premier League,Aston Villa FC,Southampton FC,1,0
2024-12-07,Premier League,Brentford FC,Newcastle United FC,4,2
2024-12-07,Premier League,Crystal Palace FC,Manchester City FC,2,2
2024-12-07,Premier League,Manchester United FC,Nottingham Forest FC,2,3
2024-12-08,Premier League,Fulham FC,Arsenal FC,1,1
2024-12-08,Premier League,Ipswich Town FC,AFC Bournemouth,1,2
2024-12-08,Premier League,Leicester City FC,Brighton & Hove Albion FC,2,2
2024-12-08,Premier League,Tottenham Hotspur FC,Chelsea FC,3,4
2024-12-09,Premier League,West Ham United FC,Wolverhampton Wanderers FC,2,1
2024-12-14,Premier League,Arsenal FC,Everton FC,0,0
2024-12-14,Premier League,Liverpool FC,Fulham FC,2,2
2024-12-14,Premier League,Newcastle United FC,Leicester City FC,4,0
2024-12-14,Premier League,Wolverhampton Wanderers FC,Ipswich Town FC,1,2
2024-12-14,Premier League,Nottingham Forest FC,Aston Villa FC,2,1
2024-12-15,Premier League,Brighton & Hove Albion FC,Crystal Palace FC,1,3
2024-12-15,Premier League,Manchester City FC,Manchester United FC,1,2
2024-12-15,Premier League,Chelsea FC,Brentford FC,2,1
2024-12-15,Premier League,Southampton FC,Tottenham Hotspur FC,0,5
2024-12-16,Premier League,AFC Bournemouth,West Ham United FC,1,1
2024-12-21,Premier League,Aston Villa FC,Manchester City FC,2,1
2024-12-21,Premier League,Brentford FC,Nottingham Forest FC,0,2
2024-12-21,Premier League,Ipswich Town FC,Newcastle United FC,0,4
2024-12-21,Premier League,West Ham United FC,Brighton & Hove Albion FC,1,1
2024-12-21,Premier League,Crystal Palace FC,Arsenal FC,1,5
2024-12-22,Premier League,Everton FC,Chelsea FC,0,0
2024-12-22,Premier League,Fulham FC,Southampton FC,0,0
2024-12-22,Premier League,Leicester City FC,Wolverhampton Wanderers FC,0,3
2024-12-22,Premier League,Manchester United FC,AFC Bournemouth,0,3
2024-12-22,Premier League,Tottenham Hotspur FC,Liverpool FC,3,6
2024-12-26,Premier League,Manchester City FC,Everton FC,1,1
2024-12-26,Premier League,AFC Bournemouth,Crystal Palace FC,0,0
2024-12-26,Premier League,Chelsea FC,Fulham FC,1,2
2024-12-26,Premier League,Newcastle United FC,Aston Villa FC,3,0
2024-12-26,Premier League,Nottingham Forest FC,Tottenham Hotspur FC,1,0
2024-12-26,Premier League,Southampton FC,West Ham United FC,0,1
2024-12-26,Premier League,Wolverhampton Wanderers FC,Manchester United FC,2,0
2024-12-26,Premier League,Liverpool FC,Leicester City FC,3,1
2024-12-27,Premier League,Brighton & Hove Albion FC,Brentford FC,0,0
2024-12-27,Premier League,Arsenal FC,Ipswich Town FC,1,0
2024-12-29,Premier League,Leicester City FC,Manchester City FC,0,2
2024-12-29,Premier League,Crystal Palace FC,Southampton FC,2,1
2024-12-29,Premier League,Everton FC,Nottingham Forest FC,0,2
2024-12-29,Premier League,Fulham FC,AFC Bournemouth,2,2
2024-12-29,Premier League,Tottenham Hotspur FC,Wolverhampton Wanderers FC,2,2
2024-12-29,Premier League,West Ham United FC,Liverpool FC,0,5
2024-12-30,Premier League,Aston Villa FC,Brighton & Hove Albion FC,2,2
2024-12-30,Premier League,Ipswich Town FC,Chelsea FC,2,0
2024-12-30,Premier League,Manchester United FC,Newcastle United FC,0,2
2025-01-01,Premier League,Brentford FC,Arsenal FC,1,3
2025-01-04,Premier League,Tottenham Hotspur FC,Newcastle United FC,1,2
2025-01-04,Premier League,Southampton FC,Brentford FC,0,5
2025-01-04,Premier League,Crystal Palace FC,Chelsea FC,1,1
2025-01-04,Premier League,AFC Bournemouth,Everton FC,1,0
2025-01-04,Premier League,Aston Villa FC,Leicester City FC,2,1
2025-01-04,Premier League,Manchester City FC,West Ham United FC,4,1
2025-01-04,Premier League,Brighton & Hove Albion FC,Arsenal FC,1,1
2025-01-05,Premier League,Fulham FC,Ipswich Town FC,2,2
2025-01-05,Premier League,Liverpool FC,Manchester United FC,2,2
2025-01-06,Premier League,Wolverhampton Wanderers FC,Nottingham Forest FC,0,3
2025-01-14,Premier League,West Ham United FC,Fulham FC,3,2
2025-01-14,Premier League,Brentford FC,Manchester City FC,2,2
2025-01-14,Premier League,Chelsea FC,AFC Bournemouth,2,2
2025-01-14,Premier League,Nottingham Forest FC,Liverpool FC,1,1
2025-01-15,Premier League,Everton FC,Aston Villa FC,0,1
2025-01-15,Premier League,Leicester City FC,Crystal Palace FC,0,2
2025-01-15,Premier League,Newcastle United FC,Wolverhampton Wanderers FC,3,0
2025-01-15,Premier League,Arsenal FC,Tottenham Hotspur FC,2,1
2025-01-16,Premier League,Ipswich Town FC,Brighton & Hove Albion FC,0,2
2025-01-16,Premier League,Manchester United FC,Southampton FC,3,1
2025-01-18,Premier League,Newcastle United FC,AFC Bournemouth,1,4
2025-01-18,Premier League,West Ham United FC,Crystal Palace FC,0,2
2025-01-18,Premier League,Leicester City FC,Fulham FC,0,2
2025-01-18,Premier League,Brentford FC,Liverpool FC,0,2
2025-01-18,Premier League,Arsenal FC,Aston Villa FC,2,2
2025-01-19,Premier League,Manchester United FC,Brighton & Hove Albion FC,1,3
2025-01-19,Premier League,Nottingham Forest FC,Southampton FC,3,2
2025-01-19,Premier League,Everton FC,Tottenham Hotspur FC,3,2
2025-01-19,Premier League,Ipswich Town FC,Manchester City FC,0,6
2025-01-20,Premier League,Chelsea FC,Wolverhampton Wanderers FC,3,1
2025-01-25,Premier League,Liverpool FC,Ipswich Town FC,4,1
2025-01-25,Premier League,Wolverhampton Wanderers FC,Arsenal FC,0,1
2025-01-25,Premier League,Brighton & Hove Albion FC,Everton FC,0,1
2025-01-25,Premier League,Southampton FC,Newcastle United FC,1,3
2025-01-25,Premier League,AFC Bournemouth,Nottingham Forest FC,5,0
2025-01-25,Premier League,Manchester City FC,Chelsea FC,3,1
2025-01-26,Premier League,Crystal Palace FC,Brentford FC,1,2
2025-01-26,Premier League,Tottenham Hotspur FC,Leicester City FC,1,2
2025-01-26,Premier League,Aston Villa FC,West Ham United FC,1,1
2025-01-26,Premier League,Fulham FC,Manchester United FC,0,1
2025-02-01,Premier League,Nottingham Forest FC,Brighton & Hove Albion FC,7,0
2025-02-01,Premier League,Newcastle United FC,Fulham FC,1,2
2025-02-01,Premier League,Everton FC,Leicester City FC,4,0
2025-02-01,Premier League,AFC Bournemouth,Liverpool FC,0,2
2025-02-01,Premier League,Ipswich Town FC,Southampton FC,1,2
2025-02-01,Premier League,Wolverhampton Wanderers FC,Aston Villa FC,2,0
2025-02-02,Premier League,Manchester United FC,Crystal Palace FC,0,2
2025-02-02,Premier League,Brentford FC,Tottenham Hotspur FC,0,2
2025-02-02,Premier League,Arsenal FC,Manchester City FC,5,1
2025-02-03,Premier League,Chelsea FC,West Ham United FC,2,1
2025-02-12,Premier League,Everton FC,Liverpool FC,2,2
2025-02-14,Premier League,Brighton & Hove Albion FC,Chelsea FC,3,0
2025-02-15,Premier League,Leicester City FC,Arsenal FC,0,2
2025-02-15,Premier League,Southampton FC,AFC Bournemouth,1,3
2025-02-15,Premier League,West Ham United FC,Brentford FC,0,1
2025-02-15,Premier League,Aston Villa FC,Ipswich Town FC,1,1
2025-02-15,Premier League,Manchester City FC,Newcastle United FC,4,0
2025-02-15,Premier League,Fulham FC,Nottingham Forest FC,2,1
2025-02-15,Premier League,Crystal Palace FC,Everton FC,1,2
2025-02-16,Premier League,Liverpool FC,Wolverhampton Wanderers FC,2,1
2025-02-16,Premier League,Tottenham Hotspur FC,Manchester United FC,1,0
2025-02-19,Premier League,Aston Villa FC,Liverpool FC,2,2
2025-02-21,Premier League,Leicester City FC,Brentford FC,0,4
2025-02-22,Premier League,Everton FC,Manchester United FC,2,2
2025-02-22,Premier League,Ipswich Town FC,Tottenham Hotspur FC,1,4
2025-02-22,Premier League,Fulham FC,Crystal Palace FC,0,2
2025-02-22,Premier League,Arsenal FC,West Ham United FC,0,1
2025-02-22,Premier League,AFC Bournemouth,Wolverhampton Wanderers FC,0,1
2025-02-22,Premier League,Southampton FC,Brighton & Hove Albion FC,0,4
2025-02-22,Premier League,Aston Villa FC,Chelsea FC,2,1
2025-02-23,Premier League,Newcastle United FC,Nottingham Forest FC,4,3
2025-02-23,Premier League,Manchester City FC,Liverpool FC,0,2
2025-02-25,Premier League,Brighton & Hove Albion FC,AFC Bournemouth,2,1
2025-02-25,Premier League,Crystal Palace FC,Aston Villa FC,4,1
2025-02-25,Premier League,Wolverhampton Wanderers FC,Fulham FC,1,2
2025-02-25,Premier League,Chelsea FC,Southampton FC,4,0
2025-02-26,Premier League,Nottingham Forest FC,Arsenal FC,0,0
2025-02-26,Premier League,Brentford FC,Everton FC,1,1
2025-02-26,Premier League,Tottenham Hotspur FC,Manchester City FC,0,1
2025-02-26,Premier League,Manchester United FC,Ipswich Town FC,3,2
2025-02-26,Premier League,Liverpool FC,Newcastle United FC,2,0
2025-02-27,Premier League,West Ham United FC,Leicester City FC,2,0
2025-03-08,Premier League,Nottingham Forest FC,Manchester City FC,1,0
2025-03-08,Premier League,Brighton & Hove Albion FC,Fulham FC,2,1
2025-03-08,Premier League,Crystal Palace FC,Ipswich Town FC,1,0
2025-03-08,Premier League,Liverpool FC,Southampton FC,3,1
2025-03-08,Premier League,Brentford FC,Aston Villa FC,0,1
2025-03-08,Premier League,Wolverhampton Wanderers FC,Everton FC,1,1
2025-03-09,Premier League,Tottenham Hotspur FC,AFC Bournemouth,2,2
2025-03-09,Premier League,Chelsea FC,Leicester City FC,1,0
2025-03-09,Premier League,Manchester United FC,Arsenal FC,1,1
2025-03-10,Premier League,West Ham United FC,Newcastle United FC,0,1
2025-03-15,Premier League,Everton FC,West Ham United FC,1,1
2025-03-15,Premier League,Ipswich Town FC,Nottingham Forest FC,2,4
2025-03-15,Premier League,Manchester City FC,Brighton & Hove Albion FC,2,2
2025-03-15,Premier League,Southampton FC,Wolverhampton Wanderers FC,1,2
2025-03-15,Premier League,AFC Bournemouth,Brentford FC,1,2
2025-03-16,Premier League,Arsenal FC,Chelsea FC,1,0
2025-03-16,Premier League,Fulham FC,Tottenham Hotspur FC,2,0
2025-03-16,Premier League,Leicester City FC,Manchester United FC,0,3
2025-04-01,Premier League,Arsenal FC,Fulham FC,2,1
2025-04-01,Premier League,Wolverhampton Wanderers FC,West Ham United FC,1,0
2025-04-01,Premier League,Nottingham Forest FC,Manchester United FC,1,0
2025-04-02,Premier League,AFC Bournemouth,Ipswich Town FC,1,2
2025-04-02,Premier League,Brighton & Hove Albion FC,Aston Villa FC,0,3
2025-04-02,Premier League,Manchester City FC,Leicester City FC,2,0
2025-04-02,Premier League,Newcastle United FC,Brentford FC,2,1
2025-04-02,Premier League,Southampton FC,Crystal Palace FC,1,1
2025-04-02,Premier League,Liverpool FC,Everton FC,1,0
2025-04-03,Premier League,Chelsea FC,Tottenham Hotspur FC,1,0
2025-04-05,Premier League,Everton FC,Arsenal FC,1,1
2025-04-05,Premier League,Crystal Palace FC,Brighton & Hove Albion FC,2,1
2025-04-05,Premier League,Ipswich Town FC,Wolverhampton Wanderers FC,1,2
2025-04-05,Premier League,West Ham United FC,AFC Bournemouth,2,2
2025-04-05,Premier League,Aston Villa FC,Nottingham Forest FC,2,1
2025-04-06,Premier League,Brentford FC,Chelsea FC,0,0
2025-04-06,Premier League,Fulham FC,Liverpool FC,3,2
2025-04-06,Premier League,Tottenham Hotspur FC,Southampton FC,3,1
2025-04-06,Premier League,Manchester United FC,Manchester City FC,0,0
2025-04-07,Premier League,Leicester City FC,Newcastle United FC,0,3
2025-04-12,Premier League,Manchester City FC,Crystal Palace FC,5,2
2025-04-12,Premier League,Brighton & Hove Albion FC,Leicester City FC,2,2
2025-04-12,Premier League,Nottingham Forest FC,Everton FC,0,1
2025-04-12,Premier League,Southampton FC,Aston Villa FC,0,3
2025-04-12,Premier League,Arsenal FC,Brentford FC,1,1
2025-04-13,Premier League,Chelsea FC,Ipswich Town FC,2,2
2025-04-13,Premier League,Liverpool FC,West Ham United FC,2,1
2025-04-13,Premier League,Wolverhampton Wanderers FC,Tottenham Hotspur FC,4,2
2025-04-13,Premier League,Newcastle United FC,Manchester United FC,4,1
2025-04-14,Premier League,AFC Bournemouth,Fulham FC,1,0
2025-04-16,Premier League,Newcastle United FC,Crystal Palace FC,5,0
2025-04-19,Premier League,Brentford FC,Brighton & Hove Albion FC,4,2
2025-04-19,Premier League,Crystal Palace FC,AFC Bournemouth,0,0
2025-04-19,Premier League,Everton FC,Manchester City FC,0,2
2025-04-19,Premier League,West Ham United FC,Southampton FC,1,1
2025-04-19,Premier League,Aston Villa FC,Newcastle United FC,4,1
2025-04-20,Premier League,Fulham FC,Chelsea FC,1,2
2025-04-20,Premier League,Ipswich Town FC,Arsenal FC,0,4
2025-04-20,Premier League,Manchester United FC,Wolverhampton Wanderers FC,0,1
2025-04-20,Premier League,Leicester City FC,Liverpool FC,0,1
2025-04-21,Premier League,Tottenham Hotspur FC,Nottingham Forest FC,1,2
2025-04-22,Premier League,Manchester City FC,Aston Villa FC,2,1
2025-04-23,Premier League,Arsenal FC,Crystal Palace FC,2,2
2025-04-26,Premier League,Chelsea FC,Everton FC,1,0
2025-04-26,Premier League,Brighton & Hove Albion FC,West Ham United FC,3,2
2025-04-26,Premier League,Newcastle United FC,Ipswich Town FC,3,0
2025-04-26,Premier League,Southampton FC,Fulham FC,1,2
2025-04-26,Premier League,Wolverhampton Wanderers FC,Leicester City FC,3,0
2025-04-27,Premier League,AFC Bournemouth,Manchester United FC,1,1
2025-04-27,Premier League,Liverpool FC,Tottenham Hotspur FC,5,1
2025-05-01,Premier League,Nottingham Forest FC,Brentford FC,0,2
2025-05-02,Premier League,Manchester City FC,Wolverhampton Wanderers FC,1,0
2025-05-03,Premier League,Aston Villa FC,Fulham FC,1,0
2025-05-03,Premier League,Everton FC,Ipswich Town FC,2,2
2025-05-03,Premier League,Leicester City FC,Southampton FC,2,0
2025-05-03,Premier League,Arsenal FC,AFC Bournemouth,1,2
2025-05-04,Premier League,Brentford FC,Manchester United FC,4,3
2025-05-04,Premier League,Brighton & Hove Albion FC,Newcastle United FC,1,1
2025-05-04,Premier League,West Ham United FC,Tottenham Hotspur FC,1,1
2025-05-04,Premier League,Chelsea FC,Liverpool FC,3,1
2025-05-05,Premier League,Crystal Palace FC,Nottingham Forest FC,1,1
2025-05-10,Premier League,Fulham FC,Everton FC,1,3
2025-05-10,Premier League,Ipswich Town FC,Brentford FC,0,1
2025-05-10,Premier League,Southampton FC,Manchester City FC,0,0
2025-05-10,Premier League,Wolverhampton Wanderers FC,Brighton & Hove Albion FC,0,2
2025-05-10,Premier League,AFC Bournemouth,Aston Villa FC,0,1
2025-05-11,Premier League,Newcastle United FC,Chelsea FC,2,0
2025-05-11,Premier League,Manchester United FC,West Ham United FC,0,2
2025-05-11,Premier League,Nottingham Forest FC,Leicester City FC,2,2
2025-05-11,Premier League,Tottenham Hotspur FC,Crystal Palace FC,0,2
2025-05-11,Premier League,Liverpool FC,Arsenal FC,2,2
2025-05-16,Premier League,Aston Villa FC,Tottenham Hotspur FC,2,0
2025-05-16,Premier League,Chelsea FC,Manchester United FC,1,0
2025-05-18,Premier League,Everton FC,Southampton FC,2,0
2025-05-18,Premier League,West Ham United FC,Nottingham Forest FC,1,2
2025-05-18,Premier League,Brentford FC,Fulham FC,2,3
2025-05-18,Premier League,Leicester City FC,Ipswich Town FC,2,0
2025-05-18,Premier League,Arsenal FC,Newcastle United FC,1,0
2025-05-19,Premier League,Brighton & Hove Albion FC,Liverpool FC,3,2
2025-05-20,Premier League,Crystal Palace FC,Wolverhampton Wanderers FC,4,2
2025-05-20,Premier League,Manchester City FC,AFC Bournemouth,3,1
2025-05-25,Premier League,AFC Bournemouth,Leicester City FC,2,0
2025-05-25,Premier League,Fulham FC,Manchester City FC,0,2
2025-05-25,Premier League,Ipswich Town FC,West Ham United FC,1,3
2025-05-25,Premier League,Liverpool FC,Crystal Palace FC,1,1
2025-05-25,Premier League,Manchester United FC,Aston Villa FC,2,0
2025-05-25,Premier League,Newcastle United FC,Everton FC,0,1
2025-05-25,Premier League,Nottingham Forest FC,Chelsea FC,0,1
2025-05-25,Premier League,Southampton FC,Arsenal FC,1,2
2025-05-25,Premier League,Tottenham Hotspur FC,Brighton & Hove Albion FC,1,4
2025-05-25,Premier League,Wolverhampton Wanderers FC,Brentford FC,1,1
2024-08-23,Bundesliga,Borussia Mönchengladbach,Bayer 04 Leverkusen,2,3
2024-08-24,Bundesliga,RB Leipzig,VfL Bochum 1848,1,0
2024-08-24,Bundesliga,TSG 1899 Hoffenheim,Holstein Kiel,3,2
2024-08-24,Bundesliga,SC Freiburg,VfB Stuttgart,3,1
2024-08-24,Bundesliga,FC Augsburg,SV Werder Bremen,2,2
2024-08-24,Bundesliga,1. FSV Mainz 05,1. FC Union Berlin,1,1
2024-08-24,Bundesliga,Borussia Dortmund,Eintracht Frankfurt,2,0
2024-08-25,Bundesliga,VfL Wolfsburg,FC Bayern München,2,3
2024-08-25,Bundesliga,FC St. Pauli 1910,1. FC Heidenheim 1846,0,2
2024-08-30,Bundesliga,1. FC Union Berlin,FC St. Pauli 1910,1,0
2024-08-31,Bundesliga,VfB Stuttgart,1. FSV Mainz 05,3,3
2024-08-31,Bundesliga,Eintracht Frankfurt,TSG 1899 Hoffenheim,3,1
2024-08-31,Bundesliga,SV Werder Bremen,Borussia Dortmund,0,0
2024-08-31,Bundesliga,VfL Bochum 1848,Borussia Mönchengladbach,0,2
2024-08-31,Bundesliga,Holstein Kiel,VfL Wolfsburg,0,2
2024-08-31,Bundesliga,Bayer 04 Leverkusen,RB Leipzig,2,3
2024-09-01,Bundesliga,1. FC Heidenheim 1846,FC Augsburg,4,0
2024-09-01,Bundesliga,FC Bayern München,SC Freiburg,2,0
2024-09-13,Bundesliga,Borussia Dortmund,1. FC Heidenheim 1846,4,2
2024-09-14,Bundesliga,RB Leipzig,1. FC Union Berlin,0,0
2024-09-14,Bundesliga,TSG 1899 Hoffenheim,Bayer 04 Leverkusen,1,4
2024-09-14,Bundesliga,SC Freiburg,VfL Bochum 1848,2,1
2024-09-14,Bundesliga,VfL Wolfsburg,Eintracht Frankfurt,1,2
2024-09-14,Bundesliga,Borussia Mönchengladbach,VfB Stuttgart,1,3
2024-09-14,Bundesliga,Holstein Kiel,FC Bayern München,1,6
2024-09-15,Bundesliga,FC Augsburg,FC St. Pauli 1910,3,1
2024-09-15,Bundesliga,1. FSV Mainz 05,SV Werder Bremen,1,2
2024-09-20,Bundesliga,FC Augsburg,1. FSV Mainz 05,2,3
2024-09-21,Bundesliga,1. FC Heidenheim 1846,SC Freiburg,0,3
2024-09-21,Bundesliga,SV Werder Bremen,FC Bayern München,0,5
2024-09-21,Bundesliga,1. FC Union Berlin,TSG 1899 Hoffenheim,2,1
2024-09-21,Bundesliga,VfL Bochum 1848,Holstein Kiel,2,2
2024-09-21,Bundesliga,Eintracht Frankfurt,Borussia Mönchengladbach,2,0
2024-09-22,Bundesliga,Bayer 04 Leverkusen,VfL Wolfsburg,4,3
2024-09-22,Bundesliga,VfB Stuttgart,Borussia Dortmund,5,1
2024-09-22,Bundesliga,FC St. Pauli 1910,RB Leipzig,0,0
2024-09-27,Bundesliga,Borussia Dortmund,VfL Bochum 1848,4,2
2024-09-28,Bundesliga,RB Leipzig,FC Augsburg,4,0
2024-09-28,Bundesliga,SC Freiburg,FC St. Pauli 1910,0,3
2024-09-28,Bundesliga,VfL Wolfsburg,VfB Stuttgart,2,2
2024-09-28,Bundesliga,1. FSV Mainz 05,1. FC Heidenheim 1846,0,2
2024-09-28,Bundesliga,Borussia Mönchengladbach,1. FC Union Berlin,1,0
2024-09-28,Bundesliga,FC Bayern München,Bayer 04 Leverkusen,1,1
2024-09-29,Bundesliga,Holstein Kiel,Eintracht Frankfurt,2,4
2024-09-29,Bundesliga,TSG 1899 Hoffenheim,SV Werder Bremen,3,4
2024-10-04,Bundesliga,FC Augsburg,Borussia Mönchengladbach,2,1
2024-10-05,Bundesliga,Bayer 04 Leverkusen,Holstein Kiel,2,2
2024-10-05,Bundesliga,SV Werder Bremen,SC Freiburg,0,1
2024-10-05,Bundesliga,1. FC Union Berlin,Borussia Dortmund,2,1
2024-10-05,Bundesliga,VfL Bochum 1848,VfL Wolfsburg,1,3
2024-10-05,Bundesliga,FC St. Pauli 1910,1. FSV Mainz 05,0,3
2024-10-06,Bundesliga,1. FC Heidenheim 1846,RB Leipzig,0,1
2024-10-06,Bundesliga,Eintracht Frankfurt,FC Bayern München,3,3
2024-10-06,Bundesliga,VfB Stuttgart,TSG 1899 Hoffenheim,1,1
2024-10-18,Bundesliga,Borussia Dortmund,FC St. Pauli 1910,2,1
2024-10-19,Bundesliga,Bayer 04 Leverkusen,Eintracht Frankfurt,2,1
2024-10-19,Bundesliga,TSG 1899 Hoffenheim,VfL Bochum 1848,3,1
2024-10-19,Bundesliga,SC Freiburg,FC Augsburg,3,1
2024-10-19,Bundesliga,1. FSV Mainz 05,RB Leipzig,0,2
2024-10-19,Bundesliga,Borussia Mönchengladbach,1. FC Heidenheim 1846,3,2
2024-10-19,Bundesliga,FC Bayern München,VfB Stuttgart,4,0
2024-10-20,Bundesliga,Holstein Kiel,1. FC Union Berlin,0,2
2024-10-20,Bundesliga,VfL Wolfsburg,SV Werder Bremen,2,4
2024-10-25,Bundesliga,1. FSV Mainz 05,Borussia Mönchengladbach,1,1
2024-10-26,Bundesliga,VfB Stuttgart,Holstein Kiel,2,1
2024-10-26,Bundesliga,RB Leipzig,SC Freiburg,3,1
2024-10-26,Bundesliga,FC Augsburg,Borussia Dortmund,2,1
2024-10-26,Bundesliga,FC St. Pauli 1910,VfL Wolfsburg,0,0
2024-10-26,Bundesliga,SV Werder Bremen,Bayer 04 Leverkusen,2,2
2024-10-27,Bundesliga,VfL Bochum 1848,FC Bayern München,0,5
2024-10-27,Bundesliga,1. FC Union Berlin,Eintracht Frankfurt,1,1
2024-10-27,Bundesliga,1. FC Heidenheim 1846,TSG 1899 Hoffenheim,0,0
2024-11-01,Bundesliga,Bayer 04 Leverkusen,VfB Stuttgart,0,0
2024-11-02,Bundesliga,FC Bayern München,1. FC Union Berlin,3,0
2024-11-02,Bundesliga,Eintracht Frankfurt,VfL Bochum 1848,7,2
2024-11-02,Bundesliga,TSG 1899 Hoffenheim,FC St. Pauli 1910,0,2
2024-11-02,Bundesliga,VfL Wolfsburg,FC Augsburg,1,1
2024-11-02,Bundesliga,Holstein Kiel,1. FC Heidenheim 1846,1,0
2024-11-02,Bundesliga,Borussia Dortmund,RB Leipzig,2,1
2024-11-03,Bundesliga,SC Freiburg,1. FSV Mainz 05,0,0
2024-11-03,Bundesliga,Borussia Mönchengladbach,SV Werder Bremen,4,1
2024-11-08,Bundesliga,1. FC Union Berlin,SC Freiburg,0,0
2024-11-09,Bundesliga,SV Werder Bremen,Holstein Kiel,2,1
2024-11-09,Bundesliga,1. FSV Mainz 05,Borussia Dortmund,3,1
2024-11-09,Bundesliga,VfL Bochum 1848,Bayer 04 Leverkusen,1,1
2024-11-09,Bundesliga,FC St. Pauli 1910,FC Bayern München,0,1
2024-11-09,Bundesliga,RB Leipzig,Borussia Mönchengladbach,0,0
2024-11-10,Bundesliga,FC Augsburg,TSG 1899 Hoffenheim,0,0
2024-11-10,Bundesliga,VfB Stuttgart,Eintracht Frankfurt,2,3
2024-11-10,Bundesliga,1. FC Heidenheim 1846,VfL Wolfsburg,1,3
2024-11-22,Bundesliga,FC Bayern München,FC Augsburg,3,0
2024-11-23,Bundesliga,Bayer 04 Leverkusen,1. FC Heidenheim 1846,5,2
2024-11-23,Bundesliga,VfB Stuttgart,VfL Bochum 1848,2,0
2024-11-23,Bundesliga,Borussia Dortmund,SC Freiburg,4,0
2024-11-23,Bundesliga,TSG 1899 Hoffenheim,RB Leipzig,4,3
2024-11-23,Bundesliga,VfL Wolfsburg,1. FC Union Berlin,1,0
2024-11-23,Bundesliga,Eintracht Frankfurt,SV Werder Bremen,1,0
2024-11-24,Bundesliga,Holstein Kiel,1. FSV Mainz 05,0,3
2024-11-24,Bundesliga,Borussia Mönchengladbach,FC St. Pauli 1910,2,0
2024-11-29,Bundesliga,FC St. Pauli 1910,Holstein Kiel,3,1
2024-11-30,Bundesliga,RB Leipzig,VfL Wolfsburg,1,5
2024-11-30,Bundesliga,SV Werder Bremen,VfB Stuttgart,2,2
2024-11-30,Bundesliga,SC Freiburg,Borussia Mönchengladbach,3,1
2024-11-30,Bundesliga,FC Augsburg,VfL Bochum 1848,1,0
2024-11-30,Bundesliga,1. FC Union Berlin,Bayer 04 Leverkusen,1,2
2024-11-30,Bundesliga,Borussia Dortmund,FC Bayern München,1,1
2024-12-01,Bundesliga,1. FSV Mainz 05,TSG 1899 Hoffenheim,2,0
2024-12-01,Bundesliga,1. FC Heidenheim 1846,Eintracht Frankfurt,0,4
2024-12-06,Bundesliga,VfB Stuttgart,1. FC Union Berlin,3,2
2024-12-07,Bundesliga,Bayer 04 Leverkusen,FC St. Pauli 1910,2,1
2024-12-07,Bundesliga,FC Bayern München,1. FC Heidenheim 1846,4,2
2024-12-07,Bundesliga,Eintracht Frankfurt,FC Augsburg,2,2
2024-12-07,Bundesliga,VfL Bochum 1848,SV Werder Bremen,0,1
2024-12-07,Bundesliga,Holstein Kiel,RB Leipzig,0,2
2024-12-07,Bundesliga,Borussia Mönchengladbach,Borussia Dortmund,1,1
2024-12-08,Bundesliga,VfL Wolfsburg,1. FSV Mainz 05,4,3
2024-12-08,Bundesliga,TSG 1899 Hoffenheim,SC Freiburg,1,1
2024-12-13,Bundesliga,SC Freiburg,VfL Wolfsburg,3,2
2024-12-14,Bundesliga,1. FSV Mainz 05,FC Bayern München,2,1
2024-12-14,Bundesliga,Borussia Mönchengladbach,Holstein Kiel,4,1
2024-12-14,Bundesliga,1. FC Union Berlin,VfL Bochum 1848,0,2
2024-12-14,Bundesliga,FC Augsburg,Bayer 04 Leverkusen,0,2
2024-12-14,Bundesliga,FC St. Pauli 1910,SV Werder Bremen,0,2
2024-12-15,Bundesliga,1. FC Heidenheim 1846,VfB Stuttgart,1,3
2024-12-15,Bundesliga,Borussia Dortmund,TSG 1899 Hoffenheim,1,1
2024-12-15,Bundesliga,RB Leipzig,Eintracht Frankfurt,2,1
2024-12-20,Bundesliga,FC Bayern München,RB Leipzig,5,1
2024-12-21,Bundesliga,VfB Stuttgart,FC St. Pauli 1910,0,1
2024-12-21,Bundesliga,Eintracht Frankfurt,1. FSV Mainz 05,1,3
2024-12-21,Bundesliga,TSG 1899 Hoffenheim,Borussia Mönchengladbach,1,2
2024-12-21,Bundesliga,SV Werder Bremen,1. FC Union Berlin,4,1
2024-12-21,Bundesliga,Holstein Kiel,FC Augsburg,5,1
2024-12-21,Bundesliga,Bayer 04 Leverkusen,SC Freiburg,5,1
2024-12-22,Bundesliga,VfL Bochum 1848,1. FC Heidenheim 1846,2,0
2024-12-22,Bundesliga,VfL Wolfsburg,Borussia Dortmund,1,3
2025-01-10,Bundesliga,Borussia Dortmund,Bayer 04 Leverkusen,2,3
2025-01-11,Bundesliga,TSG 1899 Hoffenheim,VfL Wolfsburg,0,1
2025-01-11,Bundesliga,1. FC Heidenheim 1846,1. FC Union Berlin,2,0
2025-01-11,Bundesliga,SC Freiburg,Holstein Kiel,3,2
2025-01-11,Bundesliga,1. FSV Mainz 05,VfL Bochum 1848,2,0
2025-01-11,Bundesliga,FC St. Pauli 1910,Eintracht Frankfurt,0,1
2025-01-11,Bundesliga,Borussia Mönchengladbach,FC Bayern München,0,1
2025-01-12,Bundesliga,RB Leipzig,SV Werder Bremen,4,2
2025-01-12,Bundesliga,FC Augsburg,VfB Stuttgart,0,1
2025-01-14,Bundesliga,Holstein Kiel,Borussia Dortmund,4,2
2025-01-14,Bundesliga,Bayer 04 Leverkusen,1. FSV Mainz 05,1,0
2025-01-14,Bundesliga,Eintracht Frankfurt,SC Freiburg,4,1
2025-01-14,Bundesliga,VfL Wolfsburg,Borussia Mönchengladbach,5,1
2025-01-15,Bundesliga,VfL Bochum 1848,FC St. Pauli 1910,1,0
2025-01-15,Bundesliga,VfB Stuttgart,RB Leipzig,2,1
2025-01-15,Bundesliga,FC Bayern München,TSG 1899 Hoffenheim,5,0
2025-01-15,Bundesliga,SV Werder Bremen,1. FC Heidenheim 1846,3,3
2025-01-15,Bundesliga,1. FC Union Berlin,FC Augsburg,0,2
2025-01-17,Bundesliga,Eintracht Frankfurt,Borussia Dortmund,2,0
2025-01-18,Bundesliga,VfB Stuttgart,SC Freiburg,4,0
2025-01-18,Bundesliga,FC Bayern München,VfL Wolfsburg,3,2
2025-01-18,Bundesliga,1. FC Heidenheim 1846,FC St. Pauli 1910,0,2
2025-01-18,Bundesliga,VfL Bochum 1848,RB Leipzig,3,3
2025-01-18,Bundesliga,Holstein Kiel,TSG 1899 Hoffenheim,1,3
2025-01-18,Bundesliga,Bayer 04 Leverkusen,Borussia Mönchengladbach,3,1
2025-01-19,Bundesliga,1. FC Union Berlin,1. FSV Mainz 05,2,1
2025-01-19,Bundesliga,SV Werder Bremen,FC Augsburg,0,2
2025-01-24,Bundesliga,VfL Wolfsburg,Holstein Kiel,2,2
2025-01-25,Bundesliga,RB Leipzig,Bayer 04 Leverkusen,2,2
2025-01-25,Bundesliga,1. FSV Mainz 05,VfB Stuttgart,2,0
2025-01-25,Bundesliga,SC Freiburg,FC Bayern München,1,2
2025-01-25,Bundesliga,FC Augsburg,1. FC Heidenheim 1846,2,1
2025-01-25,Bundesliga,Borussia Dortmund,SV Werder Bremen,2,2
2025-01-25,Bundesliga,Borussia Mönchengladbach,VfL Bochum 1848,3,0
2025-01-26,Bundesliga,TSG 1899 Hoffenheim,Eintracht Frankfurt,2,2
2025-01-26,Bundesliga,FC St. Pauli 1910,1. FC Union Berlin,3,0
2025-01-31,Bundesliga,SV Werder Bremen,1. FSV Mainz 05,1,0
2025-02-01,Bundesliga,1. FC Heidenheim 1846,Borussia Dortmund,1,2
2025-02-01,Bundesliga,VfL Bochum 1848,SC Freiburg,0,1
2025-02-01,Bundesliga,FC St. Pauli 1910,FC Augsburg,1,1
2025-02-01,Bundesliga,VfB Stuttgart,Borussia Mönchengladbach,1,2
2025-02-01,Bundesliga,FC Bayern München,Holstein Kiel,4,3
2025-02-01,Bundesliga,1. FC Union Berlin,RB Leipzig,0,0
2025-02-02,Bundesliga,Eintracht Frankfurt,VfL Wolfsburg,1,1
2025-02-02,Bundesliga,Bayer 04 Leverkusen,TSG 1899 Hoffenheim,3,1
2025-02-07,Bundesliga,FC Bayern München,SV Werder Bremen,3,0
2025-02-08,Bundesliga,VfL Wolfsburg,Bayer 04 Leverkusen,0,0
2025-02-08,Bundesliga,Borussia Dortmund,VfB Stuttgart,1,2
2025-02-08,Bundesliga,SC Freiburg,1. FC Heidenheim 1846,1,0
2025-02-08,Bundesliga,1. FSV Mainz 05,FC Augsburg,0,0
2025-02-08,Bundesliga,TSG 1899 Hoffenheim,1. FC Union Berlin,0,4
2025-02-08,Bundesliga,Borussia Mönchengladbach,Eintracht Frankfurt,1,1
2025-02-09,Bundesliga,Holstein Kiel,VfL Bochum 1848,2,2
2025-02-09,Bundesliga,RB Leipzig,FC St. Pauli 1910,2,0
2025-02-14,Bundesliga,FC Augsburg,RB Leipzig,0,0
2025-02-15,Bundesliga,VfL Bochum 1848,Borussia Dortmund,2,0
2025-02-15,Bundesliga,FC St. Pauli 1910,SC Freiburg,0,1
2025-02-15,Bundesliga,VfB Stuttgart,VfL Wolfsburg,1,2
2025-02-15,Bundesliga,1. FC Union Berlin,Borussia Mönchengladbach,1,2
2025-02-15,Bundesliga,Bayer 04 Leverkusen,FC Bayern München,0,0
2025-02-16,Bundesliga,SV Werder Bremen,TSG 1899 Hoffenheim,1,3
2025-02-16,Bundesliga,Eintracht Frankfurt,Holstein Kiel,3,1
2025-02-16,Bundesliga,1. FC Heidenheim 1846,1. FSV Mainz 05,0,2
2025-02-21,Bundesliga,SC Freiburg,SV Werder Bremen,5,0
2025-02-22,Bundesliga,Holstein Kiel,Bayer 04 Leverkusen,0,2
2025-02-22,Bundesliga,Borussia Mönchengladbach,FC Augsburg,0,3
2025-02-22,Bundesliga,VfL Wolfsburg,VfL Bochum 1848,1,1
2025-02-22,Bundesliga,1. FSV Mainz 05,FC St. Pauli 1910,2,0
2025-02-22,Bundesliga,Borussia Dortmund,1. FC Union Berlin,6,0
2025-02-23,Bundesliga,RB Leipzig,1. FC Heidenheim 1846,2,2
2025-02-23,Bundesliga,FC Bayern München,Eintracht Frankfurt,4,0
2025-02-23,Bundesliga,TSG 1899 Hoffenheim,VfB Stuttgart,1,1
2025-02-28,Bundesliga,VfB Stuttgart,FC Bayern München,1,3
2025-03-01,Bundesliga,FC St. Pauli 1910,Borussia Dortmund,0,2
2025-03-01,Bundesliga,VfL Bochum 1848,TSG 1899 Hoffenheim,0,1
2025-03-01,Bundesliga,SV Werder Bremen,VfL Wolfsburg,1,2
2025-03-01,Bundesliga,RB Leipzig,1. FSV Mainz 05,1,2
2025-03-01,Bundesliga,1. FC Heidenheim 1846,Borussia Mönchengladbach,0,3
2025-03-01,Bundesliga,Eintracht Frankfurt,Bayer 04 Leverkusen,1,4
2025-03-02,Bundesliga,1. FC Union Berlin,Holstein Kiel,0,1
2025-03-02,Bundesliga,FC Augsburg,SC Freiburg,0,0
2025-03-07,Bundesliga,Borussia Mönchengladbach,1. FSV Mainz 05,1,3
2025-03-08,Bundesliga,Holstein Kiel,VfB Stuttgart,2,2
2025-03-08,Bundesliga,Bayer 04 Leverkusen,SV Werder Bremen,0,2
2025-03-08,Bundesliga,Borussia Dortmund,FC Augsburg,0,1
2025-03-08,Bundesliga,FC Bayern München,VfL Bochum 1848,2,3
2025-03-08,Bundesliga,VfL Wolfsburg,FC St. Pauli 1910,1,1
2025-03-08,Bundesliga,SC Freiburg,RB Leipzig,0,0
2025-03-09,Bundesliga,Eintracht Frankfurt,1. FC Union Berlin,1,2
2025-03-09,Bundesliga,TSG 1899 Hoffenheim,1. FC Heidenheim 1846,1,1
2025-03-14,Bundesliga,FC St. Pauli 1910,TSG 1899 Hoffenheim,1,0
2025-03-15,Bundesliga,1. FC Union Berlin,FC Bayern München,1,1
2025-03-15,Bundesliga,1. FSV Mainz 05,SC Freiburg,2,2
2025-03-15,Bundesliga,FC Augsburg,VfL Wolfsburg,1,0
2025-03-15,Bundesliga,SV Werder Bremen,Borussia Mönchengladbach,2,4
2025-03-15,Bundesliga,RB Leipzig,Borussia Dortmund,2,0
2025-03-16,Bundesliga,VfL Bochum 1848,Eintracht Frankfurt,1,3
2025-03-16,Bundesliga,1. FC Heidenheim 1846,Holstein Kiel,3,1
2025-03-16,Bundesliga,VfB Stuttgart,Bayer 04 Leverkusen,3,4
2025-03-28,Bundesliga,Bayer 04 Leverkusen,VfL Bochum 1848,3,1
2025-03-29,Bundesliga,Borussia Mönchengladbach,RB Leipzig,1,0
2025-03-29,Bundesliga,VfL Wolfsburg,1. FC Heidenheim 1846,0,1
2025-03-29,Bundesliga,Holstein Kiel,SV Werder Bremen,0,3
2025-03-29,Bundesliga,TSG 1899 Hoffenheim,FC Augsburg,1,1
2025-03-29,Bundesliga,FC Bayern München,FC St. Pauli 1910,3,2
2025-03-29,Bundesliga,Eintracht Frankfurt,VfB Stuttgart,1,0
2025-03-30,Bundesliga,SC Freiburg,1. FC Union Berlin,1,2
2025-03-30,Bundesliga,Borussia Dortmund,1. FSV Mainz 05,3,1
2025-04-04,Bundesliga,FC Augsburg,FC Bayern München,1,3
2025-04-05,Bundesliga,1. FC Heidenheim 1846,Bayer 04 Leverkusen,0,1
2025-04-05,Bundesliga,VfL Bochum 1848,VfB Stuttgart,0,4
2025-04-05,Bundesliga,SC Freiburg,Borussia Dortmund,1,4
2025-04-05,Bundesliga,RB Leipzig,TSG 1899 Hoffenheim,3,1
2025-04-05,Bundesliga,1. FSV Mainz 05,Holstein Kiel,1,1
2025-04-05,Bundesliga,SV Werder Bremen,Eintracht Frankfurt,2,0
2025-04-06,Bundesliga,FC St. Pauli 1910,Borussia Mönchengladbach,1,1
2025-04-06,Bundesliga,1. FC Union Berlin,VfL Wolfsburg,1,0
2025-04-11,Bundesliga,VfL Wolfsburg,RB Leipzig,2,3
2025-04-12,Bundesliga,Borussia Mönchengladbach,SC Freiburg,1,2
2025-04-12,Bundesliga,VfL Bochum 1848,FC Augsburg,1,2
2025-04-12,Bundesliga,TSG 1899 Hoffenheim,1. FSV Mainz 05,2,0
2025-04-12,Bundesliga,Bayer 04 Leverkusen,1. FC Union Berlin,0,0
2025-04-12,Bundesliga,Holstein Kiel,FC St. Pauli 1910,1,2
2025-04-12,Bundesliga,FC Bayern München,Borussia Dortmund,2,2
2025-04-13,Bundesliga,VfB Stuttgart,SV Werder Bremen,1,2
2025-04-13,Bundesliga,Eintracht Frankfurt,1. FC Heidenheim 1846,3,0
2025-04-19,Bundesliga,1. FC Heidenheim 1846,FC Bayern München,0,4
2025-04-19,Bundesliga,SC Freiburg,TSG 1899 Hoffenheim,3,2
2025-04-19,Bundesliga,1. FSV Mainz 05,VfL Wolfsburg,2,2
2025-04-19,Bundesliga,SV Werder Bremen,VfL Bochum 1848,1,0
2025-04-19,Bundesliga,RB Leipzig,Holstein Kiel,1,1
2025-04-19,Bundesliga,1. FC Union Berlin,VfB Stuttgart,4,4
2025-04-20,Bundesliga,FC Augsburg,Eintracht Frankfurt,0,0
2025-04-20,Bundesliga,Borussia Dortmund,Borussia Mönchengladbach,3,2
2025-04-20,Bundesliga,FC St. Pauli 1910,Bayer 04 Leverkusen,1,1
2025-04-25,Bundesliga,VfB Stuttgart,1. FC Heidenheim 1846,0,1
2025-04-26,Bundesliga,TSG 1899 Hoffenheim,Borussia Dortmund,2,3
2025-04-26,Bundesliga,VfL Wolfsburg,SC Freiburg,0,1
2025-04-26,Bundesliga,FC Bayern München,1. FSV Mainz 05,3,0
2025-04-26,Bundesliga,Holstein Kiel,Borussia Mönchengladbach,4,3
2025-04-26,Bundesliga,Bayer 04 Leverkusen,FC Augsburg,2,0
2025-04-26,Bundesliga,Eintracht Frankfurt,RB Leipzig,4,0
2025-04-27,Bundesliga,VfL Bochum 1848,1. FC Union Berlin,1,1
2025-04-27,Bundesliga,SV Werder Bremen,FC St. Pauli 1910,0,0
2025-05-02,Bundesliga,1. FC Heidenheim 1846,VfL Bochum 1848,0,0
2025-05-03,Bundesliga,FC St. Pauli 1910,VfB Stuttgart,0,1
2025-05-03,Bundesliga,RB Leipzig,FC Bayern München,3,3
2025-05-03,Bundesliga,Borussia Mönchengladbach,TSG 1899 Hoffenheim,4,4
2025-05-03,Bundesliga,1. FC Union Berlin,SV Werder Bremen,2,2
2025-05-03,Bundesliga,Borussia Dortmund,VfL Wolfsburg,4,0
2025-05-04,Bundesliga,FC Augsburg,Holstein Kiel,1,3
2025-05-04,Bundesliga,SC Freiburg,Bayer 04 Leverkusen,2,2
2025-05-04,Bundesliga,1. FSV Mainz 05,Eintracht Frankfurt,1,1
2025-05-09,Bundesliga,VfL Wolfsburg,TSG 1899 Hoffenheim,2,2
2025-05-10,Bundesliga,SV Werder Bremen,RB Leipzig,0,0
2025-05-10,Bundesliga,1. FC Union Berlin,1. FC Heidenheim 1846,0,3
2025-05-10,Bundesliga,Holstein Kiel,SC Freiburg,1,2
2025-05-10,Bundesliga,VfL Bochum 1848,1. FSV Mainz 05,1,4
2025-05-10,Bundesliga,FC Bayern München,Borussia Mönchengladbach,2,0
2025-05-11,Bundesliga,Bayer 04 Leverkusen,Borussia Dortmund,2,4
2025-05-11,Bundesliga,Eintracht Frankfurt,FC St. Pauli 1910,2,2
2025-05-11,Bundesliga,VfB Stuttgart,FC Augsburg,4,0
2025-05-17,Bundesliga,1. FSV Mainz 05,Bayer 04 Leverkusen,2,2
2025-05-17,Bundesliga,RB Leipzig,VfB Stuttgart,2,3
2025-05-17,Bundesliga,TSG 1899 Hoffenheim,FC Bayern München,0,4
2025-05-17,Bundesliga,SC Freiburg,Eintracht Frankfurt,1,3
2025-05-17,Bundesliga,1. FC Heidenheim 1846,SV Werder Bremen,1,4
2025-05-17,Bundesliga,Borussia Mönchengladbach,VfL Wolfsburg,0,1
2025-05-17,Bundesliga,FC Augsburg,1. FC Union Berlin,1,2
2025-05-17,Bundesliga,FC St. Pauli 1910,VfL Bochum 1848,0,2
2025-05-17,Bundesliga,Borussia Dortmund,Holstein Kiel,3,0
2024-08-15,La Liga,Athletic Club,Getafe CF,1,1
2024-08-15,La Liga,Real Betis Balompié,Girona FC,1,1
2024-08-16,La Liga,RC Celta de Vigo,Deportivo Alavés,2,1
2024-08-16,La Liga,UD Las Palmas,Sevilla FC,2,2
2024-08-17,La Liga,CA Osasuna,CD Leganés,1,1
2024-08-17,La Liga,Valencia CF,FC Barcelona,1,2
2024-08-18,La Liga,Real Sociedad de Fútbol,Rayo Vallecano de Madrid,1,2
2024-08-18,La Liga,RCD Mallorca,Real Madrid CF,1,1
2024-08-19,La Liga,Real Valladolid CF,RCD Espanyol de Barcelona,1,0
2024-08-19,La Liga,Villarreal CF,Club Atlético de Madrid,2,2
2024-08-23,La Liga,RC Celta de Vigo,Valencia CF,3,1
2024-08-23,La Liga,Sevilla FC,Villarreal CF,1,2
2024-08-24,La Liga,CA Osasuna,RCD Mallorca,1,0
2024-08-24,La Liga,FC Barcelona,Athletic Club,2,1
2024-08-24,La Liga,Getafe CF,Rayo Vallecano de Madrid,0,0
2024-08-24,La Liga,RCD Espanyol de Barcelona,Real Sociedad de Fútbol,0,1
2024-08-25,La Liga,Real Madrid CF,Real Valladolid CF,3,0
2024-08-25,La Liga,CD Leganés,UD Las Palmas,2,1
2024-08-25,La Liga,Deportivo Alavés,Real Betis Balompié,0,0
2024-08-25,La Liga,Club Atlético de Madrid,Girona FC,3,0
2024-08-26,La Liga,Villarreal CF,RC Celta de Vigo,4,3
2024-08-27,La Liga,RCD Mallorca,Sevilla FC,0,0
2024-08-27,La Liga,Rayo Vallecano de Madrid,FC Barcelona,1,2
2024-08-28,La Liga,Athletic Club,Valencia CF,1,0
2024-08-28,La Liga,Real Valladolid CF,CD Leganés,0,0
2024-08-28,La Liga,Real Sociedad de Fútbol,Deportivo Alavés,1,2
2024-08-28,La Liga,Club Atlético de Madrid,RCD Espanyol de Barcelona,0,0
2024-08-29,La Liga,Girona FC,CA Osasuna,4,0
2024-08-29,La Liga,UD Las Palmas,Real Madrid CF,1,1
2024-08-31,La Liga,FC Barcelona,Real Valladolid CF,7,0
2024-08-31,La Liga,Athletic Club,Club Atlético de Madrid,0,1
2024-08-31,La Liga,RCD Espanyol de Barcelona,Rayo Vallecano de Madrid,2,1
2024-08-31,La Liga,CD Leganés,RCD Mallorca,0,1
2024-08-31,La Liga,Valencia CF,Villarreal CF,1,1
2024-09-01,La Liga,CA Osasuna,RC Celta de Vigo,3,2
2024-09-01,La Liga,Deportivo Alavés,UD Las Palmas,2,0
2024-09-01,La Liga,Sevilla FC,Girona FC,0,2
2024-09-01,La Liga,Getafe CF,Real Sociedad de Fútbol,0,0
2024-09-01,La Liga,Real Madrid CF,Real Betis Balompié,2,0
2024-09-13,La Liga,Real Betis Balompié,CD Leganés,2,0
2024-09-14,La Liga,RCD Mallorca,Villarreal CF,1,2
2024-09-14,La Liga,RCD Espanyol de Barcelona,Deportivo Alavés,3,2
2024-09-14,La Liga,Sevilla FC,Getafe CF,1,0
2024-09-14,La Liga,Real Sociedad de Fútbol,Real Madrid CF,0,2
2024-09-15,La Liga,RC Celta de Vigo,Real Valladolid CF,3,1
2024-09-15,La Liga,Girona FC,FC Barcelona,1,4
2024-09-15,La Liga,UD Las Palmas,Athletic Club,2,3
2024-09-15,La Liga,Club Atlético de Madrid,Valencia CF,3,0
2024-09-16,La Liga,Rayo Vallecano de Madrid,CA Osasuna,3,1
2024-09-17,La Liga,RCD Mallorca,Real Sociedad de Fútbol,1,0
2024-09-18,La Liga,Real Betis Balompié,Getafe CF,2,1
2024-09-19,La Liga,CD Leganés,Athletic Club,0,2
2024-09-20,La Liga,Deportivo Alavés,Sevilla FC,2,1
2024-09-21,La Liga,Real Valladolid CF,Real Sociedad de Fútbol,0,0
2024-09-21,La Liga,CA Osasuna,UD Las Palmas,2,1
2024-09-21,La Liga,Valencia CF,Girona FC,2,0
2024-09-21,La Liga,Real Madrid CF,RCD Espanyol de Barcelona,4,1
2024-09-22,La Liga,Getafe CF,CD Leganés,1,1
2024-09-22,La Liga,Athletic Club,RC Celta de Vigo,3,1
2024-09-22,La Liga,Villarreal CF,FC Barcelona,1,5
2024-09-22,La Liga,Rayo Vallecano de Madrid,Club Atlético de Madrid,1,1
2024-09-23,La Liga,Real Betis Balompié,RCD Mallorca,1,2
2024-09-24,La Liga,Sevilla FC,Real Valladolid CF,2,1
2024-09-24,La Liga,Valencia CF,CA Osasuna,0,0
2024-09-24,La Liga,Real Madrid CF,Deportivo Alavés,3,2
2024-09-25,La Liga,Girona FC,Rayo Vallecano de Madrid,0,0
2024-09-25,La Liga,FC Barcelona,Getafe CF,1,0
2024-09-26,La Liga,UD Las Palmas,Real Betis Balompié,1,1
2024-09-26,La Liga,RCD Espanyol de Barcelona,Villarreal CF,1,2
2024-09-26,La Liga,RC Celta de Vigo,Club Atlético de Madrid,0,1
2024-09-27,La Liga,Real Valladolid CF,RCD Mallorca,1,2
2024-09-28,La Liga,Getafe CF,Deportivo Alavés,2,0
2024-09-28,La Liga,Rayo Vallecano de Madrid,CD Leganés,1,1
2024-09-28,La Liga,Real Sociedad de Fútbol,Valencia CF,3,0
2024-09-28,La Liga,CA Osasuna,FC Barcelona,4,2
2024-09-29,La Liga,RC Celta de Vigo,Girona FC,1,1
2024-09-29,La Liga,Athletic Club,Sevilla FC,1,1
2024-09-29,La Liga,Real Betis Balompié,RCD Espanyol de Barcelona,1,0
2024-09-29,La Liga,Club Atlético de Madrid,Real Madrid CF,1,1
2024-09-30,La Liga,Villarreal CF,UD Las Palmas,3,1
2024-10-04,La Liga,CD Leganés,Valencia CF,0,0
2024-10-05,La Liga,RCD Espanyol de Barcelona,RCD Mallorca,2,1
2024-10-05,La Liga,Getafe CF,CA Osasuna,1,1
2024-10-05,La Liga,Real Valladolid CF,Rayo Vallecano de Madrid,1,2
2024-10-05,La Liga,UD Las Palmas,RC Celta de Vigo,0,1
2024-10-05,La Liga,Real Madrid CF,Villarreal CF,2,0
2024-10-06,La Liga,Girona FC,Athletic Club,2,1
2024-10-06,La Liga,Deportivo Alavés,FC Barcelona,0,3
2024-10-06,La Liga,Sevilla FC,Real Betis Balompié,1,0
2024-10-06,La Liga,Real Sociedad de Fútbol,Club Atlético de Madrid,1,1
2024-10-18,La Liga,Deportivo Alavés,Real Valladolid CF,2,3
2024-10-19,La Liga,Athletic Club,RCD Espanyol de Barcelona,4,1
2024-10-19,La Liga,CA Osasuna,Real Betis Balompié,1,2
2024-10-19,La Liga,Girona FC,Real Sociedad de Fútbol,0,1
2024-10-19,La Liga,RC Celta de Vigo,Real Madrid CF,1,2
2024-10-20,La Liga,RCD Mallorca,Rayo Vallecano de Madrid,1,0
2024-10-20,La Liga,Club Atlético de Madrid,CD Leganés,3,1
2024-10-20,La Liga,Villarreal CF,Getafe CF,1,1
2024-10-20,La Liga,FC Barcelona,Sevilla FC,5,1
2024-10-21,La Liga,Valencia CF,UD Las Palmas,2,3
2024-10-25,La Liga,RCD Espanyol de Barcelona,Sevilla FC,0,2
2024-10-26,La Liga,Real Valladolid CF,Villarreal CF,1,2
2024-10-26,La Liga,Rayo Vallecano de Madrid,Deportivo Alavés,1,0
2024-10-26,La Liga,UD Las Palmas,Girona FC,1,0
2024-10-26,La Liga,Real Madrid CF,FC Barcelona,0,4
2024-10-27,La Liga,CD Leganés,RC Celta de Vigo,3,0
2024-10-27,La Liga,Getafe CF,Valencia CF,1,1
2024-10-27,La Liga,Real Betis Balompié,Club Atlético de Madrid,1,0
2024-10-27,La Liga,Real Sociedad de Fútbol,CA Osasuna,0,2
2024-10-28,La Liga,RCD Mallorca,Athletic Club,0,0
2024-11-01,La Liga,Deportivo Alavés,RCD Mallorca,1,0
2024-11-02,La Liga,CA Osasuna,Real Valladolid CF,1,0
2024-11-02,La Liga,Girona FC,CD Leganés,4,3
2024-11-03,La Liga,Club Atlético de Madrid,UD Las Palmas,2,0
2024-11-03,La Liga,FC Barcelona,RCD Espanyol de Barcelona,3,1
2024-11-03,La Liga,Sevilla FC,Real Sociedad de Fútbol,0,2
2024-11-03,La Liga,Athletic Club,Real Betis Balompié,1,1
2024-11-04,La Liga,RC Celta de Vigo,Getafe CF,1,0
2024-11-08,La Liga,Rayo Vallecano de Madrid,UD Las Palmas,1,3
2024-11-09,La Liga,Real Madrid CF,CA Osasuna,4,0
2024-11-09,La Liga,Villarreal CF,Deportivo Alavés,3,0
2024-11-09,La Liga,CD Leganés,Sevilla FC,1,0
2024-11-10,La Liga,Real Betis Balompié,RC Celta de Vigo,2,2
2024-11-10,La Liga,RCD Mallorca,Club Atlético de Madrid,0,1
2024-11-10,La Liga,Getafe CF,Girona FC,0,1
2024-11-10,La Liga,Real Valladolid CF,Athletic Club,1,1
2024-11-10,La Liga,Real Sociedad de Fútbol,FC Barcelona,1,0
2024-11-22,La Liga,Getafe CF,Real Valladolid CF,2,0
2024-11-23,La Liga,Valencia CF,Real Betis Balompié,4,2
2024-11-23,La Liga,Club Atlético de Madrid,Deportivo Alavés,2,1
2024-11-23,La Liga,UD Las Palmas,RCD Mallorca,2,3
2024-11-23,La Liga,Girona FC,RCD Espanyol de Barcelona,4,1
2024-11-23,La Liga,RC Celta de Vigo,FC Barcelona,2,2
2024-11-24,La Liga,CA Osasuna,Villarreal CF,2,2
2024-11-24,La Liga,Sevilla FC,Rayo Vallecano de Madrid,1,0
2024-11-24,La Liga,CD Leganés,Real Madrid CF,0,3
2024-11-24,La Liga,Athletic Club,Real Sociedad de Fútbol,1,0
2024-11-29,La Liga,RCD Mallorca,Valencia CF,2,1
2024-11-30,La Liga,FC Barcelona,UD Las Palmas,1,2
2024-11-30,La Liga,Deportivo Alavés,CD Leganés,1,1
2024-11-30,La Liga,RCD Espanyol de Barcelona,RC Celta de Vigo,3,1
2024-11-30,La Liga,Real Valladolid CF,Club Atlético de Madrid,0,5
2024-12-01,La Liga,Villarreal CF,Girona FC,2,2
2024-12-01,La Liga,Real Madrid CF,Getafe CF,2,0
2024-12-01,La Liga,Rayo Vallecano de Madrid,Athletic Club,1,2
2024-12-01,La Liga,Real Sociedad de Fútbol,Real Betis Balompié,2,0
2024-12-02,La Liga,Sevilla FC,CA Osasuna,1,1
2024-12-03,La Liga,RCD Mallorca,FC Barcelona,1,5
2024-12-04,La Liga,Athletic Club,Real Madrid CF,2,1
2024-12-06,La Liga,RC Celta de Vigo,RCD Mallorca,2,0
2024-12-07,La Liga,UD Las Palmas,Real Valladolid CF,2,1
2024-12-07,La Liga,Real Betis Balompié,FC Barcelona,2,2
2024-12-07,La Liga,Valencia CF,Rayo Vallecano de Madrid,0,1
2024-12-07,La Liga,Girona FC,Real Madrid CF,0,3
2024-12-08,La Liga,CD Leganés,Real Sociedad de Fútbol,0,3
2024-12-08,La Liga,Athletic Club,Villarreal CF,2,0
2024-12-08,La Liga,CA Osasuna,Deportivo Alavés,2,2
2024-12-08,La Liga,Club Atlético de Madrid,Sevilla FC,4,3
2024-12-09,La Liga,Getafe CF,RCD Espanyol de Barcelona,1,0
2024-12-13,La Liga,Real Valladolid CF,Valencia CF,1,0
2024-12-14,La Liga,RCD Espanyol de Barcelona,CA Osasuna,0,0
2024-12-14,La Liga,RCD Mallorca,Girona FC,2,1
2024-12-14,La Liga,Sevilla FC,RC Celta de Vigo,1,0
2024-12-14,La Liga,Rayo Vallecano de Madrid,Real Madrid CF,3,3
2024-12-15,La Liga,Club Atlético de Madrid,Getafe CF,1,0
2024-12-15,La Liga,Deportivo Alavés,Athletic Club,1,1
2024-12-15,La Liga,Villarreal CF,Real Betis Balompié,1,2
2024-12-15,La Liga,Real Sociedad de Fútbol,UD Las Palmas,0,0
2024-12-15,La Liga,FC Barcelona,CD Leganés,0,1
2024-12-18,La Liga,Villarreal CF,Rayo Vallecano de Madrid,1,1
2024-12-18,La Liga,RCD Espanyol de Barcelona,Valencia CF,1,1
2024-12-20,La Liga,Girona FC,Real Valladolid CF,3,0
2024-12-21,La Liga,Getafe CF,RCD Mallorca,0,1
2024-12-21,La Liga,RC Celta de Vigo,Real Sociedad de Fútbol,2,0
2024-12-21,La Liga,CA Osasuna,Athletic Club,1,2
2024-12-21,La Liga,FC Barcelona,Club Atlético de Madrid,1,2
2024-12-22,La Liga,Valencia CF,Deportivo Alavés,2,2
2024-12-22,La Liga,Real Madrid CF,Sevilla FC,4,2
2024-12-22,La Liga,CD Leganés,Villarreal CF,2,5
2024-12-22,La Liga,UD Las Palmas,RCD Espanyol de Barcelona,1,0
2024-12-22,La Liga,Real Betis Balompié,Rayo Vallecano de Madrid,1,1
2025-01-03,La Liga,Valencia CF,Real Madrid CF,1,2
2025-01-10,La Liga,Rayo Vallecano de Madrid,RC Celta de Vigo,2,1
2025-01-11,La Liga,Deportivo Alavés,Girona FC,0,1
2025-01-11,La Liga,Real Valladolid CF,Real Betis Balompié,1,0
2025-01-11,La Liga,RCD Espanyol de Barcelona,CD Leganés,1,1
2025-01-11,La Liga,Sevilla FC,Valencia CF,1,1
2025-01-12,La Liga,UD Las Palmas,Getafe CF,1,2
2025-01-12,La Liga,Club Atlético de Madrid,CA Osasuna,1,0
2025-01-13,La Liga,Real Sociedad de Fútbol,Villarreal CF,1,0
2025-01-17,La Liga,RCD Espanyol de Barcelona,Real Valladolid CF,2,1
2025-01-18,La Liga,Girona FC,Sevilla FC,1,2
2025-01-18,La Liga,CD Leganés,Club Atlético de Madrid,1,0
2025-01-18,La Liga,Real Betis Balompié,Deportivo Alavés,1,3
2025-01-18,La Liga,Getafe CF,FC Barcelona,1,1
2025-01-19,La Liga,RC Celta de Vigo,Athletic Club,1,2
2025-01-19,La Liga,Real Madrid CF,UD Las Palmas,4,1
2025-01-19,La Liga,CA Osasuna,Rayo Vallecano de Madrid,1,1
2025-01-19,La Liga,Valencia CF,Real Sociedad de Fútbol,1,0
2025-01-20,La Liga,Villarreal CF,RCD Mallorca,4,0
2025-01-24,La Liga,UD Las Palmas,CA Osasuna,1,1
2025-01-25,La Liga,RCD Mallorca,Real Betis Balompié,0,1
2025-01-25,La Liga,Club Atlético de Madrid,Villarreal CF,1,1
2025-01-25,La Liga,Sevilla FC,RCD Espanyol de Barcelona,1,1
2025-01-25,La Liga,Real Valladolid CF,Real Madrid CF,0,3
2025-01-26,La Liga,Rayo Vallecano de Madrid,Girona FC,2,1
2025-01-26,La Liga,Real Sociedad de Fútbol,Getafe CF,0,3
2025-01-26,La Liga,Athletic Club,CD Leganés,0,0
2025-01-26,La Liga,FC Barcelona,Valencia CF,7,1
2025-01-27,La Liga,Deportivo Alavés,RC Celta de Vigo,1,1
2025-01-31,La Liga,CD Leganés,Rayo Vallecano de Madrid,0,1
2025-02-01,La Liga,Getafe CF,Sevilla FC,0,0
2025-02-01,La Liga,Villarreal CF,Real Valladolid CF,5,1
2025-02-01,La Liga,Club Atlético de Madrid,RCD Mallorca,2,0
2025-02-01,La Liga,RCD Espanyol de Barcelona,Real Madrid CF,1,0
2025-02-02,La Liga,FC Barcelona,Deportivo Alavés,1,0
2025-02-02,La Liga,Valencia CF,RC Celta de Vigo,2,1
2025-02-02,La Liga,CA Osasuna,Real Sociedad de Fútbol,2,1
2025-02-02,La Liga,Real Betis Balompié,Athletic Club,2,2
2025-02-03,La Liga,Girona FC,UD Las Palmas,2,1
2025-02-07,La Liga,Rayo Vallecano de Madrid,Real Valladolid CF,1,0
2025-02-08,La Liga,RC Celta de Vigo,Real Betis Balompié,3,2
2025-02-08,La Liga,Athletic Club,Girona FC,3,0
2025-02-08,La Liga,UD Las Palmas,Villarreal CF,1,2
2025-02-08,La Liga,Real Madrid CF,Club Atlético de Madrid,1,1
2025-02-09,La Liga,Deportivo Alavés,Getafe CF,0,1
2025-02-09,La Liga,Valencia CF,CD Leganés,2,0
2025-02-09,La Liga,Real Sociedad de Fútbol,RCD Espanyol de Barcelona,2,1
2025-02-09,La Liga,Sevilla FC,FC Barcelona,1,4
2025-02-10,La Liga,RCD Mallorca,CA Osasuna,1,1
2025-02-14,La Liga,Girona FC,Getafe CF,1,2
2025-02-15,La Liga,CD Leganés,Deportivo Alavés,3,3
2025-02-15,La Liga,CA Osasuna,Real Madrid CF,1,1
2025-02-15,La Liga,Club Atlético de Madrid,RC Celta de Vigo,1,1
2025-02-15,La Liga,Villarreal CF,Valencia CF,1,1
2025-02-16,La Liga,RCD Espanyol de Barcelona,Athletic Club,1,1
2025-02-16,La Liga,Real Valladolid CF,Sevilla FC,0,4
2025-02-16,La Liga,RCD Mallorca,UD Las Palmas,3,1
2025-02-16,La Liga,Real Betis Balompié,Real Sociedad de Fútbol,3,0
2025-02-17,La Liga,FC Barcelona,Rayo Vallecano de Madrid,1,0
2025-02-21,La Liga,RC Celta de Vigo,CA Osasuna,1,0
2025-02-22,La Liga,Deportivo Alavés,RCD Espanyol de Barcelona,0,1
2025-02-22,La Liga,Rayo Vallecano de Madrid,Villarreal CF,0,1
2025-02-22,La Liga,Valencia CF,Club Atlético de Madrid,0,3
2025-02-22,La Liga,UD Las Palmas,FC Barcelona,0,2
2025-02-23,La Liga,Athletic Club,Real Valladolid CF,7,1
2025-02-23,La Liga,Real Madrid CF,Girona FC,2,0
2025-02-23,La Liga,Getafe CF,Real Betis Balompié,1,2
2025-02-23,La Liga,Real Sociedad de Fútbol,CD Leganés,3,0
2025-02-24,La Liga,Sevilla FC,RCD Mallorca,1,1
2025-02-28,La Liga,Real Valladolid CF,UD Las Palmas,1,1
2025-03-01,La Liga,Girona FC,RC Celta de Vigo,2,2
2025-03-01,La Liga,Rayo Vallecano de Madrid,Sevilla FC,1,1
2025-03-01,La Liga,Real Betis Balompié,Real Madrid CF,2,1
2025-03-01,La Liga,Club Atlético de Madrid,Athletic Club,1,0
2025-03-02,La Liga,CD Leganés,Getafe CF,1,0
2025-03-02,La Liga,FC Barcelona,Real Sociedad de Fútbol,4,0
2025-03-02,La Liga,RCD Mallorca,Deportivo Alavés,1,1
2025-03-02,La Liga,CA Osasuna,Valencia CF,3,3
2025-03-08,La Liga,RC Celta de Vigo,CD Leganés,2,1
2025-03-08,La Liga,Deportivo Alavés,Villarreal CF,1,0
2025-03-08,La Liga,Valencia CF,Real Valladolid CF,2,1
2025-03-09,La Liga,Getafe CF,Club Atlético de Madrid,2,1
2025-03-09,La Liga,Real Madrid CF,Rayo Vallecano de Madrid,2,1
2025-03-09,La Liga,Athletic Club,RCD Mallorca,1,1
2025-03-09,La Liga,Real Betis Balompié,UD Las Palmas,1,0
2025-03-09,La Liga,Real Sociedad de Fútbol,Sevilla FC,0,1
2025-03-10,La Liga,RCD Espanyol de Barcelona,Girona FC,1,1
2025-03-14,La Liga,UD Las Palmas,Deportivo Alavés,2,2
2025-03-15,La Liga,Real Valladolid CF,RC Celta de Vigo,0,1
2025-03-15,La Liga,RCD Mallorca,RCD Espanyol de Barcelona,2,1
2025-03-15,La Liga,Villarreal CF,Real Madrid CF,1,2
2025-03-15,La Liga,Girona FC,Valencia CF,1,1
2025-03-16,La Liga,CD Leganés,Real Betis Balompié,2,3
2025-03-16,La Liga,Sevilla FC,Athletic Club,0,1
2025-03-16,La Liga,CA Osasuna,Getafe CF,1,2
2025-03-16,La Liga,Rayo Vallecano de Madrid,Real Sociedad de Fútbol,2,2
2025-03-16,La Liga,Club Atlético de Madrid,FC Barcelona,2,4
2025-03-27,La Liga,FC Barcelona,CA Osasuna,3,0
2025-03-29,La Liga,Real Sociedad de Fútbol,Real Valladolid CF,2,1
2025-03-29,La Liga,RCD Espanyol de Barcelona,Club Atlético de Madrid,1,1
2025-03-29,La Liga,Deportivo Alavés,Rayo Vallecano de Madrid,0,2
2025-03-29,La Liga,Real Madrid CF,CD Leganés,3,2
2025-03-30,La Liga,Getafe CF,Villarreal CF,1,2
2025-03-30,La Liga,FC Barcelona,Girona FC,4,1
2025-03-30,La Liga,Athletic Club,CA Osasuna,0,0
2025-03-30,La Liga,Valencia CF,RCD Mallorca,1,0
2025-03-30,La Liga,Real Betis Balompié,Sevilla FC,2,1
2025-03-31,La Liga,RC Celta de Vigo,UD Las Palmas,1,1
2025-04-04,La Liga,Rayo Vallecano de Madrid,RCD Espanyol de Barcelona,0,4
2025-04-05,La Liga,Girona FC,Deportivo Alavés,0,1
2025-04-05,La Liga,Real Madrid CF,Valencia CF,1,2
2025-04-05,La Liga,RCD Mallorca,RC Celta de Vigo,1,2
2025-04-05,La Liga,FC Barcelona,Real Betis Balompié,1,1
2025-04-06,La Liga,UD Las Palmas,Real Sociedad de Fútbol,1,3
2025-04-06,La Liga,Sevilla FC,Club Atlético de Madrid,1,2
2025-04-06,La Liga,Real Valladolid CF,Getafe CF,0,4
2025-04-06,La Liga,Villarreal CF,Athletic Club,0,0
2025-04-07,La Liga,CD Leganés,CA Osasuna,1,1
2025-04-11,La Liga,Valencia CF,Sevilla FC,1,0
2025-04-12,La Liga,Real Sociedad de Fútbol,RCD Mallorca,0,2
2025-04-12,La Liga,Getafe CF,UD Las Palmas,1,3
2025-04-12,La Liga,RC Celta de Vigo,RCD Espanyol de Barcelona,0,2
2025-04-12,La Liga,CD Leganés,FC Barcelona,0,1
2025-04-13,La Liga,CA Osasuna,Girona FC,2,1
2025-04-13,La Liga,Deportivo Alavés,Real Madrid CF,0,1
2025-04-13,La Liga,Real Betis Balompié,Villarreal CF,1,2
2025-04-13,La Liga,Athletic Club,Rayo Vallecano de Madrid,3,1
2025-04-14,La Liga,Club Atlético de Madrid,Real Valladolid CF,4,2
2025-04-18,La Liga,RCD Espanyol de Barcelona,Getafe CF,1,0
2025-04-19,La Liga,Rayo Vallecano de Madrid,Valencia CF,1,1
2025-04-19,La Liga,FC Barcelona,RC Celta de Vigo,4,3
2025-04-19,La Liga,RCD Mallorca,CD Leganés,0,0
2025-04-19,La Liga,UD Las Palmas,Club Atlético de Madrid,1,0
2025-04-20,La Liga,Real Valladolid CF,CA Osasuna,2,3
2025-04-20,La Liga,Villarreal CF,Real Sociedad de Fútbol,2,2
2025-04-20,La Liga,Sevilla FC,Deportivo Alavés,1,1
2025-04-20,La Liga,Real Madrid CF,Athletic Club,1,0
2025-04-21,La Liga,Girona FC,Real Betis Balompié,1,3
2025-04-22,La Liga,Valencia CF,RCD Espanyol de Barcelona,1,1
2025-04-22,La Liga,FC Barcelona,RCD Mallorca,1,0
2025-04-23,La Liga,Athletic Club,UD Las Palmas,1,0
2025-04-23,La Liga,RC Celta de Vigo,Villarreal CF,3,0
2025-04-23,La Liga,Deportivo Alavés,Real Sociedad de Fútbol,1,0
2025-04-23,La Liga,Getafe CF,Real Madrid CF,0,1
2025-04-24,La Liga,CA Osasuna,Sevilla FC,1,0
2025-04-24,La Liga,CD Leganés,Girona FC,1,1
2025-04-24,La Liga,Club Atlético de Madrid,Rayo Vallecano de Madrid,3,0
2025-04-24,La Liga,Real Betis Balompié,Real Valladolid CF,5,1
2025-04-27,La Liga,Villarreal CF,RCD Espanyol de Barcelona,1,0
2025-05-02,La Liga,Rayo Vallecano de Madrid,Getafe CF,1,0
2025-05-03,La Liga,Deportivo Alavés,Club Atlético de Madrid,0,0
2025-05-03,La Liga,Villarreal CF,CA Osasuna,4,2
2025-05-03,La Liga,UD Las Palmas,Valencia CF,2,3
2025-05-03,La Liga,Real Valladolid CF,FC Barcelona,1,2
2025-05-04,La Liga,Real Madrid CF,RC Celta de Vigo,3,2
2025-05-04,La Liga,Sevilla FC,CD Leganés,2,2
2025-05-04,La Liga,RCD Espanyol de Barcelona,Real Betis Balompié,1,2
2025-05-04,La Liga,Real Sociedad de Fútbol,Athletic Club,0,0
2025-05-05,La Liga,Girona FC,RCD Mallorca,1,0
2025-05-09,La Liga,UD Las Palmas,Rayo Vallecano de Madrid,0,1
2025-05-10,La Liga,Valencia CF,Getafe CF,3,0
2025-05-10,La Liga,RC Celta de Vigo,Sevilla FC,3,2
2025-05-10,La Liga,Girona FC,Villarreal CF,0,1
2025-05-10,La Liga,RCD Mallorca,Real Valladolid CF,2,1
2025-05-10,La Liga,Club Atlético de Madrid,Real Sociedad de Fútbol,4,0
2025-05-11,La Liga,CD Leganés,RCD Espanyol de Barcelona,3,2
2025-05-11,La Liga,FC Barcelona,Real Madrid CF,4,3
2025-05-11,La Liga,Athletic Club,Deportivo Alavés,1,0
2025-05-11,La Liga,Real Betis Balompié,CA Osasuna,1,1
2025-05-13,La Liga,Real Valladolid CF,Girona FC,0,1
2025-05-13,La Liga,Real Sociedad de Fútbol,RC Celta de Vigo,0,1
2025-05-13,La Liga,Sevilla FC,UD Las Palmas,1,0
2025-05-14,La Liga,Deportivo Alavés,Valencia CF,1,0
2025-05-14,La Liga,Villarreal CF,CD Leganés,3,0
2025-05-14,La Liga,Real Madrid CF,RCD Mallorca,2,1
2025-05-15,La Liga,CA Osasuna,Club Atlético de Madrid,2,0
2025-05-15,La Liga,Rayo Vallecano de Madrid,Real Betis Balompié,2,2
2025-05-15,La Liga,Getafe CF,Athletic Club,0,2
2025-05-15,La Liga,RCD Espanyol de Barcelona,FC Barcelona,0,2
2025-05-18,La Liga,Club Atlético de Madrid,Real Betis Balompié,4,1
2025-05-18,La Liga,RC Celta de Vigo,Rayo Vallecano de Madrid,1,2
2025-05-18,La Liga,FC Barcelona,Villarreal CF,2,3
2025-05-18,La Liga,Sevilla FC,Real Madrid CF,0,2
2025-05-18,La Liga,Valencia CF,Athletic Club,0,1
2025-05-18,La Liga,RCD Mallorca,Getafe CF,1,2
2025-05-18,La Liga,Real Sociedad de Fútbol,Girona FC,3,2
2025-05-18,La Liga,Real Valladolid CF,Deportivo Alavés,0,1
2025-05-18,La Liga,UD Las Palmas,CD Leganés,0,1
2025-05-18,La Liga,CA Osasuna,RCD Espanyol de Barcelona,2,0
2024-08-17,Serie A,Genoa CFC,FC Internazionale Milano,2,2
2024-08-17,Serie A,Parma Calcio 1913,ACF Fiorentina,1,1
2024-08-17,Serie A,Empoli FC,AC Monza,0,0
2024-08-17,Serie A,AC Milan,Torino FC,2,2
2024-08-18,Serie A,Bologna FC 1909,Udinese Calcio,1,1
2024-08-18,Serie A,Hellas Verona FC,SSC Napoli,3,0
2024-08-18,Serie A,Cagliari Calcio,AS Roma,0,0
2024-08-18,Serie A,SS Lazio,Venezia FC,3,1
2024-08-19,Serie A,US Lecce,Atalanta BC,0,4
2024-08-19,Serie A,Juventus FC,Como 1907,3,0
2024-08-24,Serie A,Parma Calcio 1913,AC Milan,2,1
2024-08-24,Serie A,Udinese Calcio,SS Lazio,2,1
2024-08-24,Serie A,FC Internazionale Milano,US Lecce,2,0
2024-08-24,Serie A,AC Monza,Genoa CFC,0,1
2024-08-25,Serie A,ACF Fiorentina,Venezia FC,0,0
2024-08-25,Serie A,Torino FC,Atalanta BC,2,1
2024-08-25,Serie A,SSC Napoli,Bologna FC 1909,3,0
2024-08-25,Serie A,AS Roma,Empoli FC,1,2
2024-08-26,Serie A,Cagliari Calcio,Como 1907,1,1
2024-08-26,Serie A,Hellas Verona FC,Juventus FC,0,3
2024-08-30,Serie A,Venezia FC,Torino FC,0,1
2024-08-30,Serie A,FC Internazionale Milano,Atalanta BC,4,0
2024-08-31,Serie A,Bologna FC 1909,Empoli FC,1,1
2024-08-31,Serie A,US Lecce,Cagliari Calcio,1,0
2024-08-31,Serie A,SS Lazio,AC Milan,2,2
2024-08-31,Serie A,SSC Napoli,Parma Calcio 1913,2,1
2024-09-01,Serie A,ACF Fiorentina,AC Monza,2,2
2024-09-01,Serie A,Genoa CFC,Hellas Verona FC,0,2
2024-09-01,Serie A,Juventus FC,AS Roma,0,0
2024-09-01,Serie A,Udinese Calcio,Como 1907,1,0
2024-09-14,Serie A,Como 1907,Bologna FC 1909,2,2
2024-09-14,Serie A,Empoli FC,Juventus FC,0,0
2024-09-14,Serie A,AC Milan,Venezia FC,4,0
2024-09-15,Serie A,Genoa CFC,AS Roma,1,1
2024-09-15,Serie A,Atalanta BC,ACF Fiorentina,3,2
2024-09-15,Serie A,Torino FC,US Lecce,0,0
2024-09-15,Serie A,Cagliari Calcio,SSC Napoli,0,4
2024-09-15,Serie A,AC Monza,FC Internazionale Milano,1,1
2024-09-16,Serie A,Parma Calcio 1913,Udinese Calcio,2,3
2024-09-16,Serie A,SS Lazio,Hellas Verona FC,2,1
2024-09-20,Serie A,Cagliari Calcio,Empoli FC,0,2
2024-09-20,Serie A,Hellas Verona FC,Torino FC,2,3
2024-09-21,Serie A,Venezia FC,Genoa CFC,2,0
2024-09-21,Serie A,Juventus FC,SSC Napoli,0,0
2024-09-21,Serie A,US Lecce,Parma Calcio 1913,2,2
2024-09-22,Serie A,ACF Fiorentina,SS Lazio,2,1
2024-09-22,Serie A,AC Monza,Bologna FC 1909,1,2
2024-09-22,Serie A,AS Roma,Udinese Calcio,3,0
2024-09-22,Serie A,FC Internazionale Milano,AC Milan,1,2
2024-09-24,Serie A,Atalanta BC,Como 1907,2,3
2024-09-27,Serie A,AC Milan,US Lecce,3,0
2024-09-28,Serie A,Udinese Calcio,FC Internazionale Milano,2,3
2024-09-28,Serie A,Genoa CFC,Juventus FC,0,3
2024-09-28,Serie A,Bologna FC 1909,Atalanta BC,1,1
2024-09-29,Serie A,Torino FC,SS Lazio,2,3
2024-09-29,Serie A,Como 1907,Hellas Verona FC,3,2
2024-09-29,Serie A,AS Roma,Venezia FC,2,1
2024-09-29,Serie A,Empoli FC,ACF Fiorentina,0,0
2024-09-29,Serie A,SSC Napoli,AC Monza,2,0
2024-09-30,Serie A,Parma Calcio 1913,Cagliari Calcio,2,3
2024-10-04,Serie A,SSC Napoli,Como 1907,3,1
2024-10-04,Serie A,Hellas Verona FC,Venezia FC,2,1
2024-10-05,Serie A,Udinese Calcio,US Lecce,1,0
2024-10-05,Serie A,Atalanta BC,Genoa CFC,5,1
2024-10-05,Serie A,FC Internazionale Milano,Torino FC,3,2
2024-10-06,Serie A,Juventus FC,Cagliari Calcio,1,1
2024-10-06,Serie A,Bologna FC 1909,Parma Calcio 1913,0,0
2024-10-06,Serie A,SS Lazio,Empoli FC,2,1
2024-10-06,Serie A,AC Monza,AS Roma,1,1
2024-10-06,Serie A,ACF Fiorentina,AC Milan,2,1
2024-10-19,Serie A,Como 1907,Parma Calcio 1913,1,1
2024-10-19,Serie A,Genoa CFC,Bologna FC 1909,2,2
2024-10-19,Serie A,AC Milan,Udinese Calcio,1,0
2024-10-19,Serie A,Juventus FC,SS Lazio,1,0
2024-10-20,Serie A,Empoli FC,SSC Napoli,0,1
2024-10-20,Serie A,US Lecce,ACF Fiorentina,0,6
2024-10-20,Serie A,Venezia FC,Atalanta BC,0,2
2024-10-20,Serie A,Cagliari Calcio,Torino FC,3,2
2024-10-20,Serie A,AS Roma,FC Internazionale Milano,0,1
2024-10-21,Serie A,Hellas Verona FC,AC Monza,0,3
2024-10-25,Serie A,Udinese Calcio,Cagliari Calcio,2,0
2024-10-25,Serie A,Torino FC,Como 1907,1,0
2024-10-26,Serie A,SSC Napoli,US Lecce,1,0
2024-10-26,Serie A,Atalanta BC,Hellas Verona FC,6,1
2024-10-27,Serie A,Parma Calcio 1913,Empoli FC,1,1
2024-10-27,Serie A,SS Lazio,Genoa CFC,3,0
2024-10-27,Serie A,AC Monza,Venezia FC,2,2
2024-10-27,Serie A,FC Internazionale Milano,Juventus FC,4,4
2024-10-27,Serie A,ACF Fiorentina,AS Roma,5,1
2024-10-29,Serie A,Cagliari Calcio,Bologna FC 1909,0,2
2024-10-29,Serie A,US Lecce,Hellas Verona FC,1,0
2024-10-29,Serie A,AC Milan,SSC Napoli,0,2
2024-10-30,Serie A,Empoli FC,FC Internazionale Milano,0,3
2024-10-30,Serie A,Venezia FC,Udinese Calcio,3,2
2024-10-30,Serie A,Atalanta BC,AC Monza,2,0
2024-10-30,Serie A,Juventus FC,Parma Calcio 1913,2,2
2024-10-31,Serie A,Genoa CFC,ACF Fiorentina,0,1
2024-10-31,Serie A,Como 1907,SS Lazio,1,5
2024-10-31,Serie A,AS Roma,Torino FC,1,0
2024-11-02,Serie A,Bologna FC 1909,US Lecce,1,0
2024-11-02,Serie A,Udinese Calcio,Juventus FC,0,2
2024-11-02,Serie A,AC Monza,AC Milan,0,1
2024-11-03,Serie A,SSC Napoli,Atalanta BC,0,3
2024-11-03,Serie A,Torino FC,ACF Fiorentina,0,1
2024-11-03,Serie A,Hellas Verona FC,AS Roma,3,2
2024-11-03,Serie A,FC Internazionale Milano,Venezia FC,1,0
2024-11-04,Serie A,Empoli FC,Como 1907,1,0
2024-11-04,Serie A,Parma Calcio 1913,Genoa CFC,0,1
2024-11-04,Serie A,SS Lazio,Cagliari Calcio,2,1
2024-11-07,Serie A,Genoa CFC,Como 1907,1,1
2024-11-08,Serie A,US Lecce,Empoli FC,1,1
2024-11-09,Serie A,Venezia FC,Parma Calcio 1913,1,2
2024-11-09,Serie A,Cagliari Calcio,AC Milan,3,3
2024-11-09,Serie A,Juventus FC,Torino FC,2,0
2024-11-10,Serie A,Atalanta BC,Udinese Calcio,2,1
2024-11-10,Serie A,ACF Fiorentina,Hellas Verona FC,3,1
2024-11-10,Serie A,AS Roma,Bologna FC 1909,2,3
2024-11-10,Serie A,AC Monza,SS Lazio,0,1
2024-11-10,Serie A,FC Internazionale Milano,SSC Napoli,1,1
2024-11-23,Serie A,Hellas Verona FC,FC Internazionale Milano,0,5
2024-11-23,Serie A,AC Milan,Juventus FC,0,0
2024-11-23,Serie A,Parma Calcio 1913,Atalanta BC,1,3
2024-11-24,Serie A,Genoa CFC,Cagliari Calcio,2,2
2024-11-24,Serie A,Como 1907,ACF Fiorentina,0,2
2024-11-24,Serie A,Torino FC,AC Monza,1,1
2024-11-24,Serie A,SSC Napoli,AS Roma,1,0
2024-11-24,Serie A,SS Lazio,Bologna FC 1909,3,0
2024-11-25,Serie A,Empoli FC,Udinese Calcio,1,1
2024-11-25,Serie A,Venezia FC,US Lecce,0,1
2024-11-29,Serie A,Cagliari Calcio,Hellas Verona FC,1,0
2024-11-30,Serie A,Como 1907,AC Monza,1,1
2024-11-30,Serie A,AC Milan,Empoli FC,3,0
2024-11-30,Serie A,Bologna FC 1909,Venezia FC,3,0
2024-12-01,Serie A,Udinese Calcio,Genoa CFC,0,2
2024-12-01,Serie A,Parma Calcio 1913,SS Lazio,3,1
2024-12-01,Serie A,Torino FC,SSC Napoli,0,1
2024-12-01,Serie A,US Lecce,Juventus FC,1,1
2024-12-02,Serie A,AS Roma,Atalanta BC,0,2
2024-12-06,Serie A,FC Internazionale Milano,Parma Calcio 1913,3,1
2024-12-06,Serie A,Atalanta BC,AC Milan,2,1
2024-12-07,Serie A,Genoa CFC,Torino FC,0,0
2024-12-07,Serie A,Juventus FC,Bologna FC 1909,2,2
2024-12-07,Serie A,AS Roma,US Lecce,4,1
2024-12-08,Serie A,ACF Fiorentina,Cagliari Calcio,1,0
2024-12-08,Serie A,Hellas Verona FC,Empoli FC,1,4
2024-12-08,Serie A,Venezia FC,Como 1907,2,2
2024-12-08,Serie A,SSC Napoli,SS Lazio,0,1
2024-12-09,Serie A,AC Monza,Udinese Calcio,1,2
2024-12-13,Serie A,Empoli FC,Torino FC,0,1
2024-12-14,Serie A,Cagliari Calcio,Atalanta BC,0,1
2024-12-14,Serie A,Udinese Calcio,SSC Napoli,1,3
2024-12-14,Serie A,Juventus FC,Venezia FC,2,2
2024-12-15,Serie A,US Lecce,AC Monza,2,1
2024-12-15,Serie A,Bologna FC 1909,ACF Fiorentina,1,0
2024-12-15,Serie A,Parma Calcio 1913,Hellas Verona FC,2,3
2024-12-15,Serie A,Como 1907,AS Roma,2,0
2024-12-15,Serie A,AC Milan,Genoa CFC,0,0
2024-12-16,Serie A,SS Lazio,FC Internazionale Milano,0,6
2024-12-20,Serie A,Hellas Verona FC,AC Milan,0,1
2024-12-21,Serie A,Torino FC,Bologna FC 1909,0,2
2024-12-21,Serie A,Genoa CFC,SSC Napoli,1,2
2024-12-21,Serie A,US Lecce,SS Lazio,1,2
2024-12-22,Serie A,AS Roma,Parma Calcio 1913,5,0
2024-12-22,Serie A,Venezia FC,Cagliari Calcio,2,1
2024-12-22,Serie A,Atalanta BC,Empoli FC,3,2
2024-12-22,Serie A,AC Monza,Juventus FC,1,2
2024-12-23,Serie A,ACF Fiorentina,Udinese Calcio,1,2
2024-12-23,Serie A,FC Internazionale Milano,Como 1907,2,0
2024-12-28,Serie A,Empoli FC,Genoa CFC,1,2
2024-12-28,Serie A,Parma Calcio 1913,AC Monza,2,1
2024-12-28,Serie A,Cagliari Calcio,FC Internazionale Milano,0,3
2024-12-28,Serie A,SS Lazio,Atalanta BC,1,1
2024-12-29,Serie A,Udinese Calcio,Torino FC,2,2
2024-12-29,Serie A,SSC Napoli,Venezia FC,1,0
2024-12-29,Serie A,Juventus FC,ACF Fiorentina,2,2
2024-12-29,Serie A,AC Milan,AS Roma,1,1
2024-12-30,Serie A,Como 1907,US Lecce,2,0
2024-12-30,Serie A,Bologna FC 1909,Hellas Verona FC,2,3
2025-01-04,Serie A,Venezia FC,Empoli FC,1,1
2025-01-04,Serie A,ACF Fiorentina,SSC Napoli,0,3
2025-01-04,Serie A,Hellas Verona FC,Udinese Calcio,0,0
2025-01-05,Serie A,AC Monza,Cagliari Calcio,1,2
2025-01-05,Serie A,US Lecce,Genoa CFC,0,0
2025-01-05,Serie A,Torino FC,Parma Calcio 1913,0,0
2025-01-05,Serie A,AS Roma,SS Lazio,2,0
2025-01-10,Serie A,SS Lazio,Como 1907,1,1
2025-01-11,Serie A,Empoli FC,US Lecce,1,3
2025-01-11,Serie A,Udinese Calcio,Atalanta BC,0,0
2025-01-11,Serie A,Torino FC,Juventus FC,1,1
2025-01-11,Serie A,AC Milan,Cagliari Calcio,1,1
2025-01-12,Serie A,Genoa CFC,Parma Calcio 1913,1,0
2025-01-12,Serie A,Venezia FC,FC Internazionale Milano,0,1
2025-01-12,Serie A,Bologna FC 1909,AS Roma,2,2
2025-01-12,Serie A,SSC Napoli,Hellas Verona FC,2,0
2025-01-13,Serie A,AC Monza,ACF Fiorentina,2,1
2025-01-14,Serie A,Como 1907,AC Milan,1,2
2025-01-14,Serie A,Atalanta BC,Juventus FC,1,1
2025-01-15,Serie A,FC Internazionale Milano,Bologna FC 1909,2,2
2025-01-17,Serie A,AS Roma,Genoa CFC,3,1
2025-01-18,Serie A,Bologna FC 1909,AC Monza,3,1
2025-01-18,Serie A,Juventus FC,AC Milan,2,0
2025-01-18,Serie A,Atalanta BC,SSC Napoli,2,3
2025-01-19,Serie A,ACF Fiorentina,Torino FC,1,1
2025-01-19,Serie A,Cagliari Calcio,US Lecce,4,1
2025-01-19,Serie A,Parma Calcio 1913,Venezia FC,1,1
2025-01-19,Serie A,Hellas Verona FC,SS Lazio,0,3
2025-01-19,Serie A,FC Internazionale Milano,Empoli FC,3,1
2025-01-20,Serie A,Como 1907,Udinese Calcio,4,1
2025-01-24,Serie A,Torino FC,Cagliari Calcio,2,0
2025-01-25,Serie A,Como 1907,Atalanta BC,1,2
2025-01-25,Serie A,SSC Napoli,Juventus FC,2,1
2025-01-25,Serie A,Empoli FC,Bologna FC 1909,1,1
2025-01-26,Serie A,AC Milan,Parma Calcio 1913,3,2
2025-01-26,Serie A,Udinese Calcio,AS Roma,1,2
2025-01-26,Serie A,US Lecce,FC Internazionale Milano,0,4
2025-01-26,Serie A,SS Lazio,ACF Fiorentina,1,2
2025-01-27,Serie A,Venezia FC,Hellas Verona FC,1,1
2025-01-27,Serie A,Genoa CFC,AC Monza,2,0
2025-01-31,Serie A,Parma Calcio 1913,US Lecce,1,3
2025-02-01,Serie A,AC Monza,Hellas Verona FC,0,1
2025-02-01,Serie A,Udinese Calcio,Venezia FC,3,2
2025-02-01,Serie A,Atalanta BC,Torino FC,1,1
2025-02-01,Serie A,Bologna FC 1909,Como 1907,2,0
2025-02-02,Serie A,Juventus FC,Empoli FC,4,1
2025-02-02,Serie A,ACF Fiorentina,Genoa CFC,2,1
2025-02-02,Serie A,AC Milan,FC Internazionale Milano,1,1
2025-02-02,Serie A,AS Roma,SSC Napoli,1,1
2025-02-03,Serie A,Cagliari Calcio,SS Lazio,1,2
2025-02-06,Serie A,ACF Fiorentina,FC Internazionale Milano,3,0
2025-02-07,Serie A,Como 1907,Juventus FC,1,2
2025-02-08,Serie A,Hellas Verona FC,Atalanta BC,0,5
2025-02-08,Serie A,Empoli FC,AC Milan,0,2
2025-02-08,Serie A,Torino FC,Genoa CFC,1,1
2025-02-09,Serie A,Venezia FC,AS Roma,0,1
2025-02-09,Serie A,Cagliari Calcio,Parma Calcio 1913,2,1
2025-02-09,Serie A,SS Lazio,AC Monza,5,1
2025-02-09,Serie A,US Lecce,Bologna FC 1909,0,0
2025-02-09,Serie A,SSC Napoli,Udinese Calcio,1,1
2025-02-10,Serie A,FC Internazionale Milano,ACF Fiorentina,2,1
2025-02-14,Serie A,Bologna FC 1909,Torino FC,3,2
2025-02-15,Serie A,Atalanta BC,Cagliari Calcio,0,0
2025-02-15,Serie A,SS Lazio,SSC Napoli,2,2
2025-02-15,Serie A,AC Milan,Hellas Verona FC,1,0
2025-02-16,Serie A,ACF Fiorentina,Como 1907,0,2
2025-02-16,Serie A,AC Monza,US Lecce,0,0
2025-02-16,Serie A,Udinese Calcio,Empoli FC,3,0
2025-02-16,Serie A,Parma Calcio 1913,AS Roma,0,1
2025-02-16,Serie A,Juventus FC,FC Internazionale Milano,1,0
2025-02-17,Serie A,Genoa CFC,Venezia FC,2,0
2025-02-21,Serie A,US Lecce,Udinese Calcio,0,1
2025-02-22,Serie A,Parma Calcio 1913,Bologna FC 1909,2,0
2025-02-22,Serie A,Venezia FC,SS Lazio,0,0
2025-02-22,Serie A,Torino FC,AC Milan,2,1
2025-02-22,Serie A,FC Internazionale Milano,Genoa CFC,1,0
2025-02-23,Serie A,Como 1907,SSC Napoli,2,1
2025-02-23,Serie A,Hellas Verona FC,ACF Fiorentina,1,0
2025-02-23,Serie A,Empoli FC,Atalanta BC,0,5
2025-02-23,Serie A,Cagliari Calcio,Juventus FC,0,1
2025-02-24,Serie A,AS Roma,AC Monza,4,0
2025-02-27,Serie A,Bologna FC 1909,AC Milan,2,1
2025-02-28,Serie A,ACF Fiorentina,US Lecce,1,0
2025-03-01,Serie A,Atalanta BC,Venezia FC,0,0
2025-03-01,Serie A,SSC Napoli,FC Internazionale Milano,1,1
2025-03-01,Serie A,Udinese Calcio,Parma Calcio 1913,1,0
2025-03-02,Serie A,AC Monza,Torino FC,0,2
2025-03-02,Serie A,Bologna FC 1909,Cagliari Calcio,2,1
2025-03-02,Serie A,Genoa CFC,Empoli FC,1,1
2025-03-02,Serie A,AS Roma,Como 1907,2,1
2025-03-02,Serie A,AC Milan,SS Lazio,1,2
2025-03-03,Serie A,Juventus FC,Hellas Verona FC,2,0
2025-03-07,Serie A,Cagliari Calcio,Genoa CFC,1,1
2025-03-08,Serie A,Como 1907,Venezia FC,1,1
2025-03-08,Serie A,Parma Calcio 1913,Torino FC,2,2
2025-03-08,Serie A,US Lecce,AC Milan,2,3
2025-03-08,Serie A,FC Internazionale Milano,AC Monza,3,2
2025-03-09,Serie A,Hellas Verona FC,Bologna FC 1909,1,2
2025-03-09,Serie A,SSC Napoli,ACF Fiorentina,2,1
2025-03-09,Serie A,Empoli FC,AS Roma,0,1
2025-03-09,Serie A,Juventus FC,Atalanta BC,0,4
2025-03-10,Serie A,SS Lazio,Udinese Calcio,1,1
2025-03-14,Serie A,Genoa CFC,US Lecce,2,1
2025-03-15,Serie A,AC Monza,Parma Calcio 1913,1,1
2025-03-15,Serie A,Udinese Calcio,Hellas Verona FC,0,1
2025-03-15,Serie A,AC Milan,Como 1907,2,1
2025-03-15,Serie A,Torino FC,Empoli FC,1,0
2025-03-16,Serie A,Venezia FC,SSC Napoli,0,0
2025-03-16,Serie A,Bologna FC 1909,SS Lazio,5,0
2025-03-16,Serie A,AS Roma,Cagliari Calcio,1,0
2025-03-16,Serie A,ACF Fiorentina,Juventus FC,3,0
2025-03-16,Serie A,Atalanta BC,FC Internazionale Milano,0,2
2025-03-29,Serie A,Como 1907,Empoli FC,1,1
2025-03-29,Serie A,Venezia FC,Bologna FC 1909,0,1
2025-03-29,Serie A,Juventus FC,Genoa CFC,1,0
2025-03-29,Serie A,US Lecce,AS Roma,0,1
2025-03-30,Serie A,Cagliari Calcio,AC Monza,3,0
2025-03-30,Serie A,ACF Fiorentina,Atalanta BC,1,0
2025-03-30,Serie A,FC Internazionale Milano,Udinese Calcio,2,1
2025-03-30,Serie A,SSC Napoli,AC Milan,2,1
2025-03-31,Serie A,Hellas Verona FC,Parma Calcio 1913,0,0
2025-03-31,Serie A,SS Lazio,Torino FC,1,1
2025-04-04,Serie A,Genoa CFC,Udinese Calcio,1,0
2025-04-05,Serie A,AC Monza,Como 1907,1,3
2025-04-05,Serie A,Parma Calcio 1913,FC Internazionale Milano,2,2
2025-04-05,Serie A,AC Milan,ACF Fiorentina,2,2
2025-04-06,Serie A,US Lecce,Venezia FC,1,1
2025-04-06,Serie A,Empoli FC,Cagliari Calcio,0,0
2025-04-06,Serie A,Torino FC,Hellas Verona FC,1,1
2025-04-06,Serie A,Atalanta BC,SS Lazio,0,1
2025-04-06,Serie A,AS Roma,Juventus FC,1,1
2025-04-07,Serie A,Bologna FC 1909,SSC Napoli,1,1
2025-04-11,Serie A,Udinese Calcio,AC Milan,0,4
2025-04-12,Serie A,Venezia FC,AC Monza,1,0
2025-04-12,Serie A,FC Internazionale Milano,Cagliari Calcio,3,1
2025-04-12,Serie A,Juventus FC,US Lecce,2,1
2025-04-13,Serie A,Atalanta BC,Bologna FC 1909,2,0
2025-04-13,Serie A,ACF Fiorentina,Parma Calcio 1913,0,0
2025-04-13,Serie A,Hellas Verona FC,Genoa CFC,0,0
2025-04-13,Serie A,Como 1907,Torino FC,1,0
2025-04-13,Serie A,SS Lazio,AS Roma,1,1
2025-04-14,Serie A,SSC Napoli,Empoli FC,3,0
2025-04-19,Serie A,US Lecce,Como 1907,0,3
2025-04-19,Serie A,AC Monza,SSC Napoli,0,1
2025-04-19,Serie A,AS Roma,Hellas Verona FC,1,0
2025-04-20,Serie A,Empoli FC,Venezia FC,2,2
2025-04-20,Serie A,Bologna FC 1909,FC Internazionale Milano,1,0
2025-04-20,Serie A,AC Milan,Atalanta BC,0,1
2025-04-23,Serie A,Cagliari Calcio,ACF Fiorentina,1,2
2025-04-23,Serie A,Genoa CFC,SS Lazio,0,2
2025-04-23,Serie A,Parma Calcio 1913,Juventus FC,1,0
2025-04-23,Serie A,Torino FC,Udinese Calcio,2,0
2025-04-27,Serie A,Como 1907,Genoa CFC,1,0
2025-04-27,Serie A,Venezia FC,AC Milan,0,2
2025-04-27,Serie A,ACF Fiorentina,Empoli FC,2,1
2025-04-27,Serie A,FC Internazionale Milano,AS Roma,0,1
2025-04-27,Serie A,Juventus FC,AC Monza,2,0
2025-04-27,Serie A,Atalanta BC,US Lecce,1,1
2025-04-27,Serie A,SSC Napoli,Torino FC,2,0
2025-04-28,Serie A,Udinese Calcio,Bologna FC 1909,0,0
2025-04-28,Serie A,Hellas Verona FC,Cagliari Calcio,0,2
2025-04-28,Serie A,SS Lazio,Parma Calcio 1913,2,2
2025-05-02,Serie A,Torino FC,Venezia FC,1,1
2025-05-03,Serie A,Cagliari Calcio,Udinese Calcio,1,2
2025-05-03,Serie A,Parma Calcio 1913,Como 1907,0,1
2025-05-03,Serie A,US Lecce,SSC Napoli,0,1
2025-05-03,Serie A,FC Internazionale Milano,Hellas Verona FC,1,0
2025-05-04,Serie A,Empoli FC,SS Lazio,0,1
2025-05-04,Serie A,AC Monza,Atalanta BC,0,4
2025-05-04,Serie A,AS Roma,ACF Fiorentina,1,0
2025-05-04,Serie A,Bologna FC 1909,Juventus FC,1,1
2025-05-05,Serie A,Genoa CFC,AC Milan,1,2
2025-05-09,Serie A,AC Milan,Bologna FC 1909,3,1
2025-05-10,Serie A,Como 1907,Cagliari Calcio,3,1
2025-05-10,Serie A,SS Lazio,Juventus FC,1,1
2025-05-10,Serie A,Empoli FC,Parma Calcio 1913,2,1
2025-05-11,Serie A,Udinese Calcio,AC Monza,1,2
2025-05-11,Serie A,Hellas Verona FC,US Lecce,1,1
2025-05-11,Serie A,Torino FC,FC Internazionale Milano,0,2
2025-05-11,Serie A,SSC Napoli,Genoa CFC,2,2
2025-05-12,Serie A,Venezia FC,ACF Fiorentina,2,1
2025-05-12,Serie A,Atalanta BC,AS Roma,2,1
2025-05-17,Serie A,Genoa CFC,Atalanta BC,2,3
2025-05-18,Serie A,Cagliari Calcio,Venezia FC,3,0
2025-05-18,Serie A,ACF Fiorentina,Bologna FC 1909,3,2
2025-05-18,Serie A,Hellas Verona FC,Como 1907,1,1
2025-05-18,Serie A,FC Internazionale Milano,SS Lazio,2,2
2025-05-18,Serie A,Juventus FC,Udinese Calcio,2,0
2025-05-18,Serie A,US Lecce,Torino FC,1,0
2025-05-18,Serie A,AC Monza,Empoli FC,1,3
2025-05-18,Serie A,Parma Calcio 1913,SSC Napoli,0,0
2025-05-18,Serie A,AS Roma,AC Milan,3,1
2024-08-16,Ligue 1,Le Havre AC,Paris Saint-Germain FC,1,4
2024-08-17,Ligue 1,Stade Brestois 29,Olympique de Marseille,1,5
2024-08-17,Ligue 1,Stade de Reims,Lille OSC,0,2
2024-08-17,Ligue 1,AS Monaco FC,AS Saint-Étienne,1,0
2024-08-18,Ligue 1,AJ Auxerre,OGC Nice,2,1
2024-08-18,Ligue 1,Montpellier HSC,RC Strasbourg Alsace,1,1
2024-08-18,Ligue 1,Toulouse FC,FC Nantes,0,0
2024-08-18,Ligue 1,Angers SCO,Racing Club de Lens,0,1
2024-08-18,Ligue 1,Stade Rennais FC 1901,Olympique Lyonnais,3,0
2024-08-23,Ligue 1,Paris Saint-Germain FC,Montpellier HSC,6,0
2024-08-24,Ligue 1,Olympique Lyonnais,AS Monaco FC,0,2
2024-08-24,Ligue 1,Lille OSC,Angers SCO,2,0
2024-08-24,Ligue 1,AS Saint-Étienne,Le Havre AC,0,2
2024-08-25,Ligue 1,Racing Club de Lens,Stade Brestois 29,2,0
2024-08-25,Ligue 1,RC Strasbourg Alsace,Stade Rennais FC 1901,3,1
2024-08-25,Ligue 1,FC Nantes,AJ Auxerre,2,0
2024-08-25,Ligue 1,OGC Nice,Toulouse FC,1,1
2024-08-25,Ligue 1,Olympique de Marseille,Stade de Reims,2,2
2024-08-30,Ligue 1,Olympique Lyonnais,RC Strasbourg Alsace,4,3
2024-08-31,Ligue 1,Stade Brestois 29,AS Saint-Étienne,4,0
2024-08-31,Ligue 1,Montpellier HSC,FC Nantes,1,3
2024-08-31,Ligue 1,Toulouse FC,Olympique de Marseille,1,3
2024-09-01,Ligue 1,AS Monaco FC,Racing Club de Lens,1,1
2024-09-01,Ligue 1,Angers SCO,OGC Nice,1,4
2024-09-01,Ligue 1,Le Havre AC,AJ Auxerre,3,1
2024-09-01,Ligue 1,Stade de Reims,Stade Rennais FC 1901,2,1
2024-09-01,Ligue 1,Lille OSC,Paris Saint-Germain FC,1,3
2024-09-13,Ligue 1,AS Saint-Étienne,Lille OSC,1,0
2024-09-14,Ligue 1,Olympique de Marseille,OGC Nice,2,0
2024-09-14,Ligue 1,AJ Auxerre,AS Monaco FC,0,3
2024-09-14,Ligue 1,Paris Saint-Germain FC,Stade Brestois 29,3,1
2024-09-15,Ligue 1,Stade Rennais FC 1901,Montpellier HSC,3,0
2024-09-15,Ligue 1,FC Nantes,Stade de Reims,1,2
2024-09-15,Ligue 1,Toulouse FC,Le Havre AC,2,0
2024-09-15,Ligue 1,RC Strasbourg Alsace,Angers SCO,1,1
2024-09-15,Ligue 1,Racing Club de Lens,Olympique Lyonnais,0,0
2024-09-20,Ligue 1,OGC Nice,AS Saint-Étienne,8,0
2024-09-21,Ligue 1,Lille OSC,RC Strasbourg Alsace,3,3
2024-09-21,Ligue 1,Stade Rennais FC 1901,Racing Club de Lens,1,1
2024-09-21,Ligue 1,Stade de Reims,Paris Saint-Germain FC,1,1
2024-09-22,Ligue 1,AS Monaco FC,Le Havre AC,3,1
2024-09-22,Ligue 1,Stade Brestois 29,Toulouse FC,2,0
2024-09-22,Ligue 1,Angers SCO,FC Nantes,1,1
2024-09-22,Ligue 1,Montpellier HSC,AJ Auxerre,3,2
2024-09-22,Ligue 1,Olympique Lyonnais,Olympique de Marseille,2,3
2024-09-27,Ligue 1,AJ Auxerre,Stade Brestois 29,3,0
2024-09-27,Ligue 1,Paris Saint-Germain FC,Stade Rennais FC 1901,3,1
2024-09-28,Ligue 1,Racing Club de Lens,OGC Nice,0,0
2024-09-28,Ligue 1,Le Havre AC,Lille OSC,0,3
2024-09-28,Ligue 1,AS Monaco FC,Montpellier HSC,2,1
2024-09-29,Ligue 1,Toulouse FC,Olympique Lyonnais,1,2
2024-09-29,Ligue 1,FC Nantes,AS Saint-Étienne,2,2
2024-09-29,Ligue 1,Angers SCO,Stade de Reims,1,3
2024-09-29,Ligue 1,RC Strasbourg Alsace,Olympique de Marseille,1,0
2024-10-04,Ligue 1,Olympique de Marseille,Angers SCO,1,1
2024-10-05,Ligue 1,AS Saint-Étienne,AJ Auxerre,3,1
2024-10-05,Ligue 1,Lille OSC,Toulouse FC,2,1
2024-10-05,Ligue 1,Stade Rennais FC 1901,AS Monaco FC,1,2
2024-10-06,Ligue 1,Olympique Lyonnais,FC Nantes,2,0
2024-10-06,Ligue 1,Stade Brestois 29,Le Havre AC,2,0
2024-10-06,Ligue 1,RC Strasbourg Alsace,Racing Club de Lens,2,2
2024-10-06,Ligue 1,Stade de Reims,Montpellier HSC,4,2
2024-10-06,Ligue 1,OGC Nice,Paris Saint-Germain FC,1,1
2024-10-18,Ligue 1,AS Monaco FC,Lille OSC,0,0
2024-10-19,Ligue 1,Stade Brestois 29,Stade Rennais FC 1901,1,1
2024-10-19,Ligue 1,AS Saint-Étienne,Racing Club de Lens,0,2
2024-10-19,Ligue 1,Paris Saint-Germain FC,RC Strasbourg Alsace,4,2
2024-10-20,Ligue 1,Le Havre AC,Olympique Lyonnais,0,4
2024-10-20,Ligue 1,AJ Auxerre,Stade de Reims,2,1
2024-10-20,Ligue 1,Toulouse FC,Angers SCO,1,1
2024-10-20,Ligue 1,FC Nantes,OGC Nice,1,1
2024-10-20,Ligue 1,Montpellier HSC,Olympique de Marseille,0,5
2024-10-25,Ligue 1,Stade Rennais FC 1901,Le Havre AC,1,0
2024-10-26,Ligue 1,Angers SCO,AS Saint-Étienne,4,2
2024-10-26,Ligue 1,Stade de Reims,Stade Brestois 29,1,2
2024-10-26,Ligue 1,Racing Club de Lens,Lille OSC,0,2
2024-10-27,Ligue 1,Olympique Lyonnais,AJ Auxerre,2,2
2024-10-27,Ligue 1,OGC Nice,AS Monaco FC,2,1
2024-10-27,Ligue 1,Montpellier HSC,Toulouse FC,0,3
2024-10-27,Ligue 1,RC Strasbourg Alsace,FC Nantes,3,1
2024-10-27,Ligue 1,Olympique de Marseille,Paris Saint-Germain FC,0,3
2024-11-01,Ligue 1,AS Monaco FC,Angers SCO,0,1
2024-11-01,Ligue 1,Lille OSC,Olympique Lyonnais,1,1
2024-11-02,Ligue 1,Paris Saint-Germain FC,Racing Club de Lens,1,0
2024-11-02,Ligue 1,Stade Brestois 29,OGC Nice,0,1
2024-11-02,Ligue 1,AS Saint-Étienne,RC Strasbourg Alsace,2,0
2024-11-03,Ligue 1,Toulouse FC,Stade de Reims,1,0
2024-11-03,Ligue 1,AJ Auxerre,Stade Rennais FC 1901,4,0
2024-11-03,Ligue 1,Le Havre AC,Montpellier HSC,1,0
2024-11-03,Ligue 1,FC Nantes,Olympique de Marseille,1,2
2024-11-08,Ligue 1,Olympique de Marseille,AJ Auxerre,1,3
2024-11-09,Ligue 1,RC Strasbourg Alsace,AS Monaco FC,1,3
2024-11-09,Ligue 1,Racing Club de Lens,FC Nantes,3,2
2024-11-09,Ligue 1,Angers SCO,Paris Saint-Germain FC,2,4
2024-11-10,Ligue 1,OGC Nice,Lille OSC,2,2
2024-11-10,Ligue 1,Montpellier HSC,Stade Brestois 29,3,1
2024-11-10,Ligue 1,Le Havre AC,Stade de Reims,0,3
2024-11-10,Ligue 1,Stade Rennais FC 1901,Toulouse FC,0,2
2024-11-10,Ligue 1,Olympique Lyonnais,AS Saint-Étienne,1,0
2024-11-22,Ligue 1,AS Monaco FC,Stade Brestois 29,3,2
2024-11-22,Ligue 1,Paris Saint-Germain FC,Toulouse FC,3,0
2024-11-23,Ligue 1,Racing Club de Lens,Olympique de Marseille,1,3
2024-11-23,Ligue 1,AS Saint-Étienne,Montpellier HSC,1,0
2024-11-23,Ligue 1,Stade de Reims,Olympique Lyonnais,1,1
2024-11-24,Ligue 1,Lille OSC,Stade Rennais FC 1901,1,0
2024-11-24,Ligue 1,FC Nantes,Le Havre AC,0,2
2024-11-24,Ligue 1,AJ Auxerre,Angers SCO,1,0
2024-11-24,Ligue 1,OGC Nice,RC Strasbourg Alsace,2,1
2024-11-29,Ligue 1,Stade de Reims,Racing Club de Lens,0,2
2024-11-30,Ligue 1,Stade Rennais FC 1901,AS Saint-Étienne,5,0
2024-11-30,Ligue 1,Stade Brestois 29,RC Strasbourg Alsace,3,1
2024-11-30,Ligue 1,Paris Saint-Germain FC,FC Nantes,1,1
2024-12-01,Ligue 1,Montpellier HSC,Lille OSC,2,2
2024-12-01,Ligue 1,Le Havre AC,Angers SCO,0,1
2024-12-01,Ligue 1,Toulouse FC,AJ Auxerre,2,0
2024-12-01,Ligue 1,Olympique Lyonnais,OGC Nice,4,1
2024-12-01,Ligue 1,Olympique de Marseille,AS Monaco FC,2,1
2024-12-06,Ligue 1,Lille OSC,Stade Brestois 29,3,1
2024-12-06,Ligue 1,AJ Auxerre,Paris Saint-Germain FC,0,0
2024-12-07,Ligue 1,AS Monaco FC,Toulouse FC,2,0
2024-12-07,Ligue 1,OGC Nice,Le Havre AC,2,1
2024-12-07,Ligue 1,Angers SCO,Olympique Lyonnais,0,3
2024-12-08,Ligue 1,Racing Club de Lens,Montpellier HSC,2,0
2024-12-08,Ligue 1,RC Strasbourg Alsace,Stade de Reims,0,0
2024-12-08,Ligue 1,FC Nantes,Stade Rennais FC 1901,1,0
2024-12-08,Ligue 1,AS Saint-Étienne,Olympique de Marseille,0,2
2024-12-13,Ligue 1,Toulouse FC,AS Saint-Étienne,2,1
2024-12-14,Ligue 1,Olympique de Marseille,Lille OSC,1,1
2024-12-14,Ligue 1,AJ Auxerre,Racing Club de Lens,2,2
2024-12-14,Ligue 1,Stade de Reims,AS Monaco FC,0,0
2024-12-15,Ligue 1,Montpellier HSC,OGC Nice,2,2
2024-12-15,Ligue 1,Stade Rennais FC 1901,Angers SCO,2,0
2024-12-15,Ligue 1,Le Havre AC,RC Strasbourg Alsace,0,3
2024-12-15,Ligue 1,Stade Brestois 29,FC Nantes,4,1
2024-12-15,Ligue 1,Paris Saint-Germain FC,Olympique Lyonnais,3,1
2024-12-18,Ligue 1,AS Monaco FC,Paris Saint-Germain FC,2,4
2025-01-03,Ligue 1,OGC Nice,Stade Rennais FC 1901,3,2
2025-01-04,Ligue 1,AS Saint-Étienne,Stade de Reims,3,1
2025-01-04,Ligue 1,Lille OSC,FC Nantes,1,1
2025-01-04,Ligue 1,Olympique Lyonnais,Montpellier HSC,1,0
2025-01-05,Ligue 1,Racing Club de Lens,Toulouse FC,0,1
2025-01-05,Ligue 1,Angers SCO,Stade Brestois 29,2,0
2025-01-05,Ligue 1,RC Strasbourg Alsace,AJ Auxerre,3,1
2025-01-05,Ligue 1,Olympique de Marseille,Le Havre AC,5,1
2025-01-10,Ligue 1,FC Nantes,AS Monaco FC,2,2
2025-01-10,Ligue 1,AJ Auxerre,Lille OSC,0,0
2025-01-11,Ligue 1,Stade Brestois 29,Olympique Lyonnais,2,1
2025-01-11,Ligue 1,Stade de Reims,OGC Nice,2,4
2025-01-11,Ligue 1,Stade Rennais FC 1901,Olympique de Marseille,1,2
2025-01-12,Ligue 1,Le Havre AC,Racing Club de Lens,1,2
2025-01-12,Ligue 1,Toulouse FC,RC Strasbourg Alsace,1,2
2025-01-12,Ligue 1,Montpellier HSC,Angers SCO,1,3
2025-01-12,Ligue 1,Paris Saint-Germain FC,AS Saint-Étienne,2,1
2025-01-17,Ligue 1,Montpellier HSC,AS Monaco FC,2,1
2025-01-17,Ligue 1,Lille OSC,OGC Nice,2,1
2025-01-18,Ligue 1,Racing Club de Lens,Paris Saint-Germain FC,1,2
2025-01-18,Ligue 1,Stade Rennais FC 1901,Stade Brestois 29,1,2
2025-01-18,Ligue 1,Olympique Lyonnais,Toulouse FC,0,0
2025-01-19,Ligue 1,AS Saint-Étienne,FC Nantes,1,1
2025-01-19,Ligue 1,Stade de Reims,Le Havre AC,1,1
2025-01-19,Ligue 1,Angers SCO,AJ Auxerre,2,0
2025-01-19,Ligue 1,Olympique de Marseille,RC Strasbourg Alsace,1,1
2025-01-24,Ligue 1,AJ Auxerre,AS Saint-Étienne,1,1
2025-01-25,Ligue 1,AS Monaco FC,Stade Rennais FC 1901,3,2
2025-01-25,Ligue 1,RC Strasbourg Alsace,Lille OSC,2,1
2025-01-25,Ligue 1,Paris Saint-Germain FC,Stade de Reims,1,1
2025-01-26,Ligue 1,Le Havre AC,Stade Brestois 29,0,1
2025-01-26,Ligue 1,FC Nantes,Olympique Lyonnais,1,1
2025-01-26,Ligue 1,Toulouse FC,Montpellier HSC,1,2
2025-01-26,Ligue 1,Racing Club de Lens,Angers SCO,1,0
2025-01-26,Ligue 1,OGC Nice,Olympique de Marseille,2,0
2025-01-31,Ligue 1,Montpellier HSC,Racing Club de Lens,0,2
2025-02-01,Ligue 1,Stade Brestois 29,Paris Saint-Germain FC,2,5
2025-02-01,Ligue 1,AS Monaco FC,AJ Auxerre,4,2
2025-02-01,Ligue 1,Lille OSC,AS Saint-Étienne,4,1
2025-02-02,Ligue 1,Toulouse FC,OGC Nice,1,1
2025-02-02,Ligue 1,Stade de Reims,FC Nantes,1,2
2025-02-02,Ligue 1,Angers SCO,Le Havre AC,1,1
2025-02-02,Ligue 1,Stade Rennais FC 1901,RC Strasbourg Alsace,1,0
2025-02-02,Ligue 1,Olympique de Marseille,Olympique Lyonnais,3,2
2025-02-07,Ligue 1,FC Nantes,Stade Brestois 29,0,2
2025-02-07,Ligue 1,Paris Saint-Germain FC,AS Monaco FC,4,1
2025-02-08,Ligue 1,OGC Nice,Racing Club de Lens,2,0
2025-02-08,Ligue 1,Lille OSC,Le Havre AC,1,2
2025-02-08,Ligue 1,AS Saint-Étienne,Stade Rennais FC 1901,0,2
2025-02-09,Ligue 1,Olympique Lyonnais,Stade de Reims,4,0
2025-02-09,Ligue 1,AJ Auxerre,Toulouse FC,2,2
2025-02-09,Ligue 1,RC Strasbourg Alsace,Montpellier HSC,2,0
2025-02-09,Ligue 1,Angers SCO,Olympique de Marseille,0,2
2025-02-14,Ligue 1,Stade Brestois 29,AJ Auxerre,2,2
2025-02-15,Ligue 1,Olympique de Marseille,AS Saint-Étienne,5,1
2025-02-15,Ligue 1,AS Monaco FC,FC Nantes,7,1
2025-02-15,Ligue 1,Toulouse FC,Paris Saint-Germain FC,0,1
2025-02-16,Ligue 1,Montpellier HSC,Olympique Lyonnais,1,4
2025-02-16,Ligue 1,Racing Club de Lens,RC Strasbourg Alsace,0,2
2025-02-16,Ligue 1,Stade de Reims,Angers SCO,0,1
2025-02-16,Ligue 1,Le Havre AC,OGC Nice,1,3
2025-02-16,Ligue 1,Stade Rennais FC 1901,Lille OSC,0,2
2025-02-21,Ligue 1,Stade Rennais FC 1901,Stade de Reims,1,0
2025-02-22,Ligue 1,Lille OSC,AS Monaco FC,2,1
2025-02-22,Ligue 1,AS Saint-Étienne,Angers SCO,3,3
2025-02-22,Ligue 1,AJ Auxerre,Olympique de Marseille,3,0
2025-02-23,Ligue 1,FC Nantes,Racing Club de Lens,3,1
2025-02-23,Ligue 1,Le Havre AC,Toulouse FC,1,4
2025-02-23,Ligue 1,RC Strasbourg Alsace,Stade Brestois 29,0,0
2025-02-23,Ligue 1,OGC Nice,Montpellier HSC,2,0
2025-02-23,Ligue 1,Olympique Lyonnais,Paris Saint-Germain FC,2,3
2025-02-28,Ligue 1,AS Monaco FC,Stade de Reims,3,0
2025-03-01,Ligue 1,AS Saint-Étienne,OGC Nice,1,3
2025-03-01,Ligue 1,Racing Club de Lens,Le Havre AC,3,4
2025-03-01,Ligue 1,Paris Saint-Germain FC,Lille OSC,4,1
2025-03-02,Ligue 1,Olympique Lyonnais,Stade Brestois 29,2,1
2025-03-02,Ligue 1,Montpellier HSC,Stade Rennais FC 1901,0,4
2025-03-02,Ligue 1,AJ Auxerre,RC Strasbourg Alsace,0,1
2025-03-02,Ligue 1,Angers SCO,Toulouse FC,0,4
2025-03-02,Ligue 1,Olympique de Marseille,FC Nantes,2,0
2025-03-07,Ligue 1,Toulouse FC,AS Monaco FC,1,1
2025-03-08,Ligue 1,Stade Rennais FC 1901,Paris Saint-Germain FC,1,4
2025-03-08,Ligue 1,Lille OSC,Montpellier HSC,1,0
2025-03-08,Ligue 1,Olympique de Marseille,Racing Club de Lens,0,1
2025-03-09,Ligue 1,Stade Brestois 29,Angers SCO,2,0
2025-03-09,Ligue 1,Le Havre AC,AS Saint-Étienne,1,1
2025-03-09,Ligue 1,Stade de Reims,AJ Auxerre,0,2
2025-03-09,Ligue 1,FC Nantes,RC Strasbourg Alsace,0,1
2025-03-09,Ligue 1,OGC Nice,Olympique Lyonnais,0,2
2025-03-14,Ligue 1,OGC Nice,AJ Auxerre,1,1
2025-03-15,Ligue 1,FC Nantes,Lille OSC,1,0
2025-03-15,Ligue 1,Angers SCO,AS Monaco FC,0,2
2025-03-15,Ligue 1,Racing Club de Lens,Stade Rennais FC 1901,1,0
2025-03-16,Ligue 1,Olympique Lyonnais,Le Havre AC,4,2
2025-03-16,Ligue 1,Montpellier HSC,AS Saint-Étienne,0,2
2025-03-16,Ligue 1,Stade Brestois 29,Stade de Reims,0,0
2025-03-16,Ligue 1,RC Strasbourg Alsace,Toulouse FC,2,1
2025-03-16,Ligue 1,Paris Saint-Germain FC,Olympique de Marseille,3,1
2025-03-28,Ligue 1,RC Strasbourg Alsace,Olympique Lyonnais,4,2
2025-03-29,Ligue 1,Stade de Reims,Olympique de Marseille,3,1
2025-03-29,Ligue 1,AS Saint-Étienne,Paris Saint-Germain FC,1,6
2025-03-29,Ligue 1,AS Monaco FC,OGC Nice,2,1
2025-03-30,Ligue 1,Toulouse FC,Stade Brestois 29,2,4
2025-03-30,Ligue 1,Angers SCO,Stade Rennais FC 1901,0,3
2025-03-30,Ligue 1,AJ Auxerre,Montpellier HSC,1,0
2025-03-30,Ligue 1,Le Havre AC,FC Nantes,3,2
2025-03-30,Ligue 1,Lille OSC,Racing Club de Lens,1,0
2025-04-04,Ligue 1,OGC Nice,FC Nantes,1,2
2025-04-05,Ligue 1,Paris Saint-Germain FC,Angers SCO,1,0
2025-04-05,Ligue 1,Stade Brestois 29,AS Monaco FC,2,1
2025-04-05,Ligue 1,Olympique Lyonnais,Lille OSC,2,1
2025-04-06,Ligue 1,Racing Club de Lens,AS Saint-Étienne,1,0
2025-04-06,Ligue 1,Montpellier HSC,Le Havre AC,0,2
2025-04-06,Ligue 1,Stade de Reims,RC Strasbourg Alsace,0,1
2025-04-06,Ligue 1,Stade Rennais FC 1901,AJ Auxerre,0,1
2025-04-06,Ligue 1,Olympique de Marseille,Toulouse FC,3,2
2025-04-11,Ligue 1,Racing Club de Lens,Stade de Reims,0,2
2025-04-12,Ligue 1,AS Monaco FC,Olympique de Marseille,3,0
2025-04-12,Ligue 1,Toulouse FC,Lille OSC,1,2
2025-04-12,Ligue 1,RC Strasbourg Alsace,OGC Nice,2,2
2025-04-13,Ligue 1,AS Saint-Étienne,Stade Brestois 29,3,3
2025-04-13,Ligue 1,Le Havre AC,Stade Rennais FC 1901,1,5
2025-04-13,Ligue 1,Angers SCO,Montpellier HSC,2,0
2025-04-13,Ligue 1,AJ Auxerre,Olympique Lyonnais,1,3
2025-04-18,Ligue 1,Stade Rennais FC 1901,FC Nantes,2,1
2025-04-19,Ligue 1,Paris Saint-Germain FC,Le Havre AC,2,1
2025-04-19,Ligue 1,AS Monaco FC,RC Strasbourg Alsace,0,0
2025-04-19,Ligue 1,Olympique de Marseille,Montpellier HSC,5,1
2025-04-20,Ligue 1,Lille OSC,AJ Auxerre,3,1
2025-04-20,Ligue 1,OGC Nice,Angers SCO,2,1
2025-04-20,Ligue 1,Stade Brestois 29,Racing Club de Lens,1,3
2025-04-20,Ligue 1,Stade de Reims,Toulouse FC,1,0
2025-04-20,Ligue 1,AS Saint-Étienne,Olympique Lyonnais,2,1
2025-04-22,Ligue 1,FC Nantes,Paris Saint-Germain FC,1,1
2025-04-25,Ligue 1,Paris Saint-Germain FC,OGC Nice,1,3
2025-04-26,Ligue 1,RC Strasbourg Alsace,AS Saint-Étienne,3,1
2025-04-26,Ligue 1,Le Havre AC,AS Monaco FC,1,1
2025-04-26,Ligue 1,Olympique Lyonnais,Stade Rennais FC 1901,4,1
2025-04-27,Ligue 1,Angers SCO,Lille OSC,0,2
2025-04-27,Ligue 1,FC Nantes,Toulouse FC,0,0
2025-04-27,Ligue 1,Montpellier HSC,Stade de Reims,0,0
2025-04-27,Ligue 1,Racing Club de Lens,AJ Auxerre,0,4
2025-04-27,Ligue 1,Olympique de Marseille,Stade Brestois 29,4,1
2025-05-02,Ligue 1,OGC Nice,Stade de Reims,1,0
2025-05-03,Ligue 1,RC Strasbourg Alsace,Paris Saint-Germain FC,2,1
2025-05-03,Ligue 1,Toulouse FC,Stade Rennais FC 1901,2,1
2025-05-03,Ligue 1,AS Saint-Étienne,AS Monaco FC,1,3
2025-05-04,Ligue 1,FC Nantes,Angers SCO,0,1
2025-05-04,Ligue 1,Olympique Lyonnais,Racing Club de Lens,1,2
2025-05-04,Ligue 1,Stade Brestois 29,Montpellier HSC,1,0
2025-05-04,Ligue 1,AJ Auxerre,Le Havre AC,1,2
2025-05-04,Ligue 1,Lille OSC,Olympique de Marseille,1,1
2025-05-10,Ligue 1,Stade de Reims,AS Saint-Étienne,0,2
2025-05-10,Ligue 1,AJ Auxerre,FC Nantes,1,1
2025-05-10,Ligue 1,Angers SCO,RC Strasbourg Alsace,2,1
2025-05-10,Ligue 1,Le Havre AC,Olympique de Marseille,1,3
2025-05-10,Ligue 1,Stade Rennais FC 1901,OGC Nice,2,0
2025-05-10,Ligue 1,Montpellier HSC,Paris Saint-Germain FC,1,4
2025-05-10,Ligue 1,Toulouse FC,Racing Club de Lens,1,1
2025-05-10,Ligue 1,Stade Brestois 29,Lille OSC,2,0
2025-05-10,Ligue 1,AS Monaco FC,Olympique Lyonnais,2,0
2025-05-17,Ligue 1,Olympique de Marseille,Stade Rennais FC 1901,4,2
2025-05-17,Ligue 1,Olympique Lyonnais,Angers SCO,2,0
2025-05-17,Ligue 1,OGC Nice,Stade Brestois 29,6,0
2025-05-17,Ligue 1,AS Saint-Étienne,Toulouse FC,2,3
2025-05-17,Ligue 1,Lille OSC,Stade de Reims,2,1
2025-05-17,Ligue 1,RC Strasbourg Alsace,Le Havre AC,2,3
2025-05-17,Ligue 1,FC Nantes,Montpellier HSC,3,0
2025-05-17,Ligue 1,Racing Club de Lens,AS Monaco FC,4,0
2025-05-17,Ligue 1,Paris Saint-Germain FC,AJ Auxerre,3,1
2024-08-09,EFL Championship,Blackburn Rovers FC,Derby County FC,4,2
2024-08-09,EFL Championship,Preston North End FC,Sheffield United FC,0,2
2024-08-10,EFL Championship,Cardiff City FC,Sunderland AFC,0,2
2024-08-10,EFL Championship,Hull City AFC,Bristol City FC,1,1
2024-08-10,EFL Championship,Leeds United FC,Portsmouth FC,3,3
2024-08-10,EFL Championship,Middlesbrough FC,Swansea City AFC,1,0
2024-08-10,EFL Championship,Millwall FC,Watford FC,2,3
2024-08-10,EFL Championship,Oxford United FC,Norwich City FC,2,0
2024-08-10,EFL Championship,Queens Park Rangers FC,West Bromwich Albion FC,1,3
2024-08-10,EFL Championship,Stoke City FC,Coventry City FC,1,0
2024-08-11,EFL Championship,Sheffield Wednesday FC,Plymouth Argyle FC,4,0
2024-08-12,EFL Championship,Luton Town FC,Burnley FC,1,4
2024-08-16,EFL Championship,Coventry City FC,Oxford United FC,3,2
2024-08-17,EFL Championship,Derby County FC,Middlesbrough FC,1,0
2024-08-17,EFL Championship,Portsmouth FC,Luton Town FC,0,0
2024-08-17,EFL Championship,West Bromwich Albion FC,Leeds United FC,0,0
2024-08-17,EFL Championship,Bristol City FC,Millwall FC,4,3
2024-08-17,EFL Championship,Burnley FC,Cardiff City FC,5,0
2024-08-17,EFL Championship,Norwich City FC,Blackburn Rovers FC,2,2
2024-08-17,EFL Championship,Plymouth Argyle FC,Hull City AFC,1,1
2024-08-17,EFL Championship,Sheffield United FC,Queens Park Rangers FC,2,2
2024-08-17,EFL Championship,Swansea City AFC,Preston North End FC,3,0
2024-08-17,EFL Championship,Watford FC,Stoke City FC,3,0
2024-08-18,EFL Championship,Sunderland AFC,Sheffield Wednesday FC,4,0
2024-08-23,EFL Championship,Sheffield Wednesday FC,Leeds United FC,0,2
2024-08-24,EFL Championship,Bristol City FC,Coventry City FC,1,1
2024-08-24,EFL Championship,Hull City AFC,Millwall FC,0,0
2024-08-24,EFL Championship,Queens Park Rangers FC,Plymouth Argyle FC,1,1
2024-08-24,EFL Championship,Watford FC,Derby County FC,2,1
2024-08-24,EFL Championship,Blackburn Rovers FC,Oxford United FC,2,1
2024-08-24,EFL Championship,Middlesbrough FC,Portsmouth FC,2,2
2024-08-24,EFL Championship,Norwich City FC,Sheffield United FC,1,1
2024-08-24,EFL Championship,Preston North End FC,Luton Town FC,1,0
2024-08-24,EFL Championship,Stoke City FC,West Bromwich Albion FC,1,2
2024-08-24,EFL Championship,Sunderland AFC,Burnley FC,1,0
2024-08-25,EFL Championship,Swansea City AFC,Cardiff City FC,1,1
2024-08-30,EFL Championship,Luton Town FC,Queens Park Rangers FC,1,2
2024-08-31,EFL Championship,Burnley FC,Blackburn Rovers FC,1,1
2024-08-31,EFL Championship,Cardiff City FC,Middlesbrough FC,0,2
2024-08-31,EFL Championship,Coventry City FC,Norwich City FC,0,1
2024-08-31,EFL Championship,Derby County FC,Bristol City FC,3,0
2024-08-31,EFL Championship,Leeds United FC,Hull City AFC,2,0
2024-08-31,EFL Championship,Millwall FC,Sheffield Wednesday FC,3,0
2024-08-31,EFL Championship,Oxford United FC,Preston North End FC,3,1
2024-08-31,EFL Championship,Plymouth Argyle FC,Stoke City FC,0,1
2024-08-31,EFL Championship,Portsmouth FC,Sunderland AFC,1,3
2024-08-31,EFL Championship,West Bromwich Albion FC,Swansea City AFC,1,0
2024-09-01,EFL Championship,Sheffield United FC,Watford FC,1,0
2024-09-13,EFL Championship,Hull City AFC,Sheffield United FC,0,2
2024-09-14,EFL Championship,Leeds United FC,Burnley FC,0,1
2024-09-14,EFL Championship,Millwall FC,Luton Town FC,0,1
2024-09-14,EFL Championship,Oxford United FC,Stoke City FC,1,0
2024-09-14,EFL Championship,Blackburn Rovers FC,Bristol City FC,3,0
2024-09-14,EFL Championship,Derby County FC,Cardiff City FC,1,0
2024-09-14,EFL Championship,Middlesbrough FC,Preston North End FC,1,1
2024-09-14,EFL Championship,Plymouth Argyle FC,Sunderland AFC,3,2
2024-09-14,EFL Championship,Sheffield Wednesday FC,Queens Park Rangers FC,1,1
2024-09-14,EFL Championship,Swansea City AFC,Norwich City FC,1,0
2024-09-14,EFL Championship,Watford FC,Coventry City FC,1,1
2024-09-15,EFL Championship,Portsmouth FC,West Bromwich Albion FC,0,3
2024-09-20,EFL Championship,Stoke City FC,Hull City AFC,1,3
2024-09-21,EFL Championship,Norwich City FC,Watford FC,4,1
2024-09-21,EFL Championship,Queens Park Rangers FC,Millwall FC,1,1
2024-09-21,EFL Championship,Sunderland AFC,Middlesbrough FC,1,0
2024-09-21,EFL Championship,Bristol City FC,Oxford United FC,2,1
2024-09-21,EFL Championship,Burnley FC,Portsmouth FC,2,1
2024-09-21,EFL Championship,Cardiff City FC,Leeds United FC,0,2
2024-09-21,EFL Championship,Coventry City FC,Swansea City AFC,1,2
2024-09-21,EFL Championship,Luton Town FC,Sheffield Wednesday FC,2,1
2024-09-21,EFL Championship,Sheffield United FC,Derby County FC,1,0
2024-09-21,EFL Championship,West Bromwich Albion FC,Plymouth Argyle FC,1,0
2024-09-22,EFL Championship,Preston North End FC,Blackburn Rovers FC,0,0
2024-09-27,EFL Championship,Plymouth Argyle FC,Luton Town FC,3,1
2024-09-28,EFL Championship,Blackburn Rovers FC,Queens Park Rangers FC,2,0
2024-09-28,EFL Championship,Derby County FC,Norwich City FC,2,3
2024-09-28,EFL Championship,Sheffield Wednesday FC,West Bromwich Albion FC,3,2
2024-09-28,EFL Championship,Hull City AFC,Cardiff City FC,4,1
2024-09-28,EFL Championship,Leeds United FC,Coventry City FC,3,0
2024-09-28,EFL Championship,Middlesbrough FC,Stoke City FC,2,0
2024-09-28,EFL Championship,Millwall FC,Preston North End FC,3,1
2024-09-28,EFL Championship,Oxford United FC,Burnley FC,0,0
2024-09-28,EFL Championship,Portsmouth FC,Sheffield United FC,0,0
2024-09-28,EFL Championship,Watford FC,Sunderland AFC,2,1
2024-09-29,EFL Championship,Swansea City AFC,Bristol City FC,1,1
2024-10-01,EFL Championship,Burnley FC,Plymouth Argyle FC,1,0
2024-10-01,EFL Championship,Cardiff City FC,Millwall FC,1,0
2024-10-01,EFL Championship,Coventry City FC,Blackburn Rovers FC,3,0
2024-10-01,EFL Championship,Luton Town FC,Oxford United FC,2,2
2024-10-01,EFL Championship,Queens Park Rangers FC,Hull City AFC,1,3
2024-10-01,EFL Championship,Sunderland AFC,Derby County FC,2,0
2024-10-01,EFL Championship,Norwich City FC,Leeds United FC,1,1
2024-10-01,EFL Championship,West Bromwich Albion FC,Middlesbrough FC,0,1
2024-10-02,EFL Championship,Sheffield United FC,Swansea City AFC,1,0
2024-10-02,EFL Championship,Preston North End FC,Watford FC,3,0
2024-10-02,EFL Championship,Stoke City FC,Portsmouth FC,6,1
2024-10-02,EFL Championship,Bristol City FC,Sheffield Wednesday FC,0,0
2024-10-04,EFL Championship,Sunderland AFC,Leeds United FC,2,2
2024-10-05,EFL Championship,Burnley FC,Preston North End FC,0,0
2024-10-05,EFL Championship,Norwich City FC,Hull City AFC,4,0
2024-10-05,EFL Championship,Portsmouth FC,Oxford United FC,1,1
2024-10-05,EFL Championship,Coventry City FC,Sheffield Wednesday FC,1,2
2024-10-05,EFL Championship,Derby County FC,Queens Park Rangers FC,2,0
2024-10-05,EFL Championship,Plymouth Argyle FC,Blackburn Rovers FC,2,1
2024-10-05,EFL Championship,Sheffield United FC,Luton Town FC,2,0
2024-10-05,EFL Championship,Swansea City AFC,Stoke City FC,0,0
2024-10-05,EFL Championship,Watford FC,Middlesbrough FC,2,1
2024-10-05,EFL Championship,West Bromwich Albion FC,Millwall FC,0,0
2024-10-06,EFL Championship,Bristol City FC,Cardiff City FC,1,1
2024-10-18,EFL Championship,Leeds United FC,Sheffield United FC,2,0
2024-10-19,EFL Championship,Cardiff City FC,Plymouth Argyle FC,5,0
2024-10-19,EFL Championship,Luton Town FC,Watford FC,3,0
2024-10-19,EFL Championship,Oxford United FC,West Bromwich Albion FC,1,1
2024-10-19,EFL Championship,Preston North End FC,Coventry City FC,1,0
2024-10-19,EFL Championship,Blackburn Rovers FC,Swansea City AFC,1,0
2024-10-19,EFL Championship,Middlesbrough FC,Bristol City FC,0,2
2024-10-19,EFL Championship,Millwall FC,Derby County FC,1,1
2024-10-19,EFL Championship,Queens Park Rangers FC,Portsmouth FC,1,2
2024-10-19,EFL Championship,Sheffield Wednesday FC,Burnley FC,0,2
2024-10-19,EFL Championship,Stoke City FC,Norwich City FC,1,1
2024-10-20,EFL Championship,Hull City AFC,Sunderland AFC,0,1
2024-10-22,EFL Championship,Cardiff City FC,Portsmouth FC,2,0
2024-10-22,EFL Championship,Leeds United FC,Watford FC,2,1
2024-10-22,EFL Championship,Oxford United FC,Derby County FC,1,1
2024-10-22,EFL Championship,Preston North End FC,Norwich City FC,2,2
2024-10-22,EFL Championship,Sheffield Wednesday FC,Swansea City AFC,0,0
2024-10-22,EFL Championship,Stoke City FC,Bristol City FC,2,2
2024-10-22,EFL Championship,Queens Park Rangers FC,Coventry City FC,1,1
2024-10-23,EFL Championship,Hull City AFC,Burnley FC,1,1
2024-10-23,EFL Championship,Blackburn Rovers FC,West Bromwich Albion FC,0,0
2024-10-23,EFL Championship,Luton Town FC,Sunderland AFC,1,2
2024-10-23,EFL Championship,Millwall FC,Plymouth Argyle FC,1,0
2024-10-23,EFL Championship,Middlesbrough FC,Sheffield United FC,1,0
2024-10-25,EFL Championship,Portsmouth FC,Sheffield Wednesday FC,1,2
2024-10-26,EFL Championship,Bristol City FC,Leeds United FC,0,0
2024-10-26,EFL Championship,Coventry City FC,Luton Town FC,3,2
2024-10-26,EFL Championship,Watford FC,Blackburn Rovers FC,1,0
2024-10-26,EFL Championship,Burnley FC,Queens Park Rangers FC,0,0
2024-10-26,EFL Championship,Derby County FC,Hull City AFC,1,1
2024-10-26,EFL Championship,Plymouth Argyle FC,Preston North End FC,3,3
2024-10-26,EFL Championship,Sheffield United FC,Stoke City FC,2,0
2024-10-26,EFL Championship,Sunderland AFC,Oxford United FC,2,0
2024-10-26,EFL Championship,Swansea City AFC,Millwall FC,0,1
2024-10-26,EFL Championship,West Bromwich Albion FC,Cardiff City FC,0,0
2024-10-27,EFL Championship,Norwich City FC,Middlesbrough FC,3,3
2024-11-01,EFL Championship,Luton Town FC,West Bromwich Albion FC,1,1
2024-11-02,EFL Championship,Blackburn Rovers FC,Sheffield United FC,0,2
2024-11-02,EFL Championship,Oxford United FC,Swansea City AFC,1,2
2024-11-02,EFL Championship,Stoke City FC,Derby County FC,2,1
2024-11-02,EFL Championship,Cardiff City FC,Norwich City FC,2,1
2024-11-02,EFL Championship,Hull City AFC,Portsmouth FC,1,1
2024-11-02,EFL Championship,Leeds United FC,Plymouth Argyle FC,3,0
2024-11-02,EFL Championship,Middlesbrough FC,Coventry City FC,0,3
2024-11-02,EFL Championship,Preston North End FC,Bristol City FC,1,3
2024-11-02,EFL Championship,Queens Park Rangers FC,Sunderland AFC,0,0
2024-11-02,EFL Championship,Sheffield Wednesday FC,Watford FC,2,6
2024-11-03,EFL Championship,Millwall FC,Burnley FC,1,0
2024-11-05,EFL Championship,Bristol City FC,Sheffield United FC,1,2
2024-11-05,EFL Championship,Oxford United FC,Hull City AFC,1,0
2024-11-05,EFL Championship,Queens Park Rangers FC,Middlesbrough FC,1,4
2024-11-05,EFL Championship,Sheffield Wednesday FC,Norwich City FC,2,0
2024-11-05,EFL Championship,Plymouth Argyle FC,Portsmouth FC,1,0
2024-11-05,EFL Championship,Swansea City AFC,Watford FC,1,0
2024-11-06,EFL Championship,Millwall FC,Leeds United FC,1,0
2024-11-06,EFL Championship,Blackburn Rovers FC,Stoke City FC,0,2
2024-11-06,EFL Championship,Coventry City FC,Derby County FC,1,2
2024-11-06,EFL Championship,Luton Town FC,Cardiff City FC,1,0
2024-11-06,EFL Championship,Preston North End FC,Sunderland AFC,0,0
2024-11-07,EFL Championship,West Bromwich Albion FC,Burnley FC,0,0
2024-11-08,EFL Championship,Watford FC,Oxford United FC,1,0
2024-11-09,EFL Championship,Cardiff City FC,Blackburn Rovers FC,1,3
2024-11-09,EFL Championship,Middlesbrough FC,Luton Town FC,5,1
2024-11-09,EFL Championship,Stoke City FC,Millwall FC,1,1
2024-11-09,EFL Championship,Derby County FC,Plymouth Argyle FC,1,1
2024-11-09,EFL Championship,Leeds United FC,Queens Park Rangers FC,2,0
2024-11-09,EFL Championship,Norwich City FC,Bristol City FC,0,2
2024-11-09,EFL Championship,Portsmouth FC,Preston North End FC,3,1
2024-11-09,EFL Championship,Sunderland AFC,Coventry City FC,2,2
2024-11-10,EFL Championship,Sheffield United FC,Sheffield Wednesday FC,1,0
2024-11-10,EFL Championship,Hull City AFC,West Bromwich Albion FC,1,2
2024-11-10,EFL Championship,Burnley FC,Swansea City AFC,1,0
2024-11-22,EFL Championship,Plymouth Argyle FC,Watford FC,2,2
2024-11-23,EFL Championship,Bristol City FC,Burnley FC,0,1
2024-11-23,EFL Championship,Coventry City FC,Sheffield United FC,2,2
2024-11-23,EFL Championship,Sheffield Wednesday FC,Cardiff City FC,1,1
2024-11-23,EFL Championship,Luton Town FC,Hull City AFC,1,0
2024-11-23,EFL Championship,Millwall FC,Sunderland AFC,1,1
2024-11-23,EFL Championship,Oxford United FC,Middlesbrough FC,2,6
2024-11-23,EFL Championship,Preston North End FC,Derby County FC,1,1
2024-11-23,EFL Championship,Queens Park Rangers FC,Stoke City FC,1,1
2024-11-23,EFL Championship,West Bromwich Albion FC,Norwich City FC,2,2
2024-11-24,EFL Championship,Swansea City AFC,Leeds United FC,3,4
2024-11-26,EFL Championship,Burnley FC,Coventry City FC,2,0
2024-11-26,EFL Championship,Hull City AFC,Sheffield Wednesday FC,0,2
2024-11-26,EFL Championship,Norwich City FC,Plymouth Argyle FC,6,1
2024-11-26,EFL Championship,Sheffield United FC,Oxford United FC,3,0
2024-11-26,EFL Championship,Stoke City FC,Preston North End FC,0,0
2024-11-26,EFL Championship,Watford FC,Bristol City FC,1,0
2024-11-26,EFL Championship,Sunderland AFC,West Bromwich Albion FC,0,0
2024-11-27,EFL Championship,Leeds United FC,Luton Town FC,3,0
2024-11-27,EFL Championship,Cardiff City FC,Queens Park Rangers FC,0,2
2024-11-27,EFL Championship,Middlesbrough FC,Blackburn Rovers FC,0,1
2024-11-27,EFL Championship,Derby County FC,Swansea City AFC,1,2
2024-11-29,EFL Championship,Sheffield United FC,Sunderland AFC,1,0
2024-11-30,EFL Championship,Middlesbrough FC,Hull City AFC,3,1
2024-11-30,EFL Championship,Oxford United FC,Millwall FC,1,1
2024-11-30,EFL Championship,Watford FC,Queens Park Rangers FC,0,0
2024-11-30,EFL Championship,Blackburn Rovers FC,Leeds United FC,1,0
2024-11-30,EFL Championship,Bristol City FC,Plymouth Argyle FC,4,0
2024-11-30,EFL Championship,Coventry City FC,Cardiff City FC,2,2
2024-11-30,EFL Championship,Norwich City FC,Luton Town FC,4,2
2024-11-30,EFL Championship,Preston North End FC,West Bromwich Albion FC,1,1
2024-11-30,EFL Championship,Stoke City FC,Burnley FC,0,2
2024-11-30,EFL Championship,Swansea City AFC,Portsmouth FC,2,2
2024-12-01,EFL Championship,Derby County FC,Sheffield Wednesday FC,1,2
2024-12-06,EFL Championship,Burnley FC,Middlesbrough FC,1,1
2024-12-07,EFL Championship,Leeds United FC,Derby County FC,2,0
2024-12-07,EFL Championship,Sheffield Wednesday FC,Preston North End FC,1,1
2024-12-07,EFL Championship,Sunderland AFC,Stoke City FC,2,1
2024-12-07,EFL Championship,Hull City AFC,Blackburn Rovers FC,0,1
2024-12-07,EFL Championship,Luton Town FC,Swansea City AFC,1,1
2024-12-07,EFL Championship,Millwall FC,Coventry City FC,0,1
2024-12-07,EFL Championship,Portsmouth FC,Bristol City FC,3,0
2024-12-07,EFL Championship,Queens Park Rangers FC,Norwich City FC,3,0
2024-12-08,EFL Championship,West Bromwich Albion FC,Sheffield United FC,2,2
2024-12-10,EFL Championship,Burnley FC,Derby County FC,0,0
2024-12-10,EFL Championship,Luton Town FC,Stoke City FC,2,1
2024-12-10,EFL Championship,Plymouth Argyle FC,Swansea City AFC,1,2
2024-12-10,EFL Championship,Portsmouth FC,Norwich City FC,0,0
2024-12-10,EFL Championship,Sheffield Wednesday FC,Blackburn Rovers FC,0,1
2024-12-10,EFL Championship,Sunderland AFC,Bristol City FC,1,1
2024-12-10,EFL Championship,Leeds United FC,Middlesbrough FC,3,1
2024-12-11,EFL Championship,Millwall FC,Sheffield United FC,0,1
2024-12-11,EFL Championship,Cardiff City FC,Preston North End FC,0,2
2024-12-11,EFL Championship,Hull City AFC,Watford FC,1,1
2024-12-11,EFL Championship,Queens Park Rangers FC,Oxford United FC,2,0
2024-12-11,EFL Championship,West Bromwich Albion FC,Coventry City FC,2,0
2024-12-13,EFL Championship,Derby County FC,Portsmouth FC,4,0
2024-12-14,EFL Championship,Bristol City FC,Queens Park Rangers FC,1,1
2024-12-14,EFL Championship,Coventry City FC,Hull City AFC,2,1
2024-12-14,EFL Championship,Preston North End FC,Leeds United FC,1,1
2024-12-14,EFL Championship,Blackburn Rovers FC,Luton Town FC,2,0
2024-12-14,EFL Championship,Middlesbrough FC,Millwall FC,1,0
2024-12-14,EFL Championship,Oxford United FC,Sheffield Wednesday FC,1,3
2024-12-14,EFL Championship,Sheffield United FC,Plymouth Argyle FC,2,0
2024-12-14,EFL Championship,Stoke City FC,Cardiff City FC,2,2
2024-12-14,EFL Championship,Swansea City AFC,Sunderland AFC,2,3
2024-12-15,EFL Championship,Watford FC,West Bromwich Albion FC,2,1
2024-12-15,EFL Championship,Norwich City FC,Burnley FC,1,2
2024-12-20,EFL Championship,Luton Town FC,Derby County FC,2,1
2024-12-21,EFL Championship,Hull City AFC,Swansea City AFC,2,1
2024-12-21,EFL Championship,Portsmouth FC,Coventry City FC,4,1
2024-12-21,EFL Championship,Sheffield Wednesday FC,Stoke City FC,2,0
2024-12-21,EFL Championship,Burnley FC,Watford FC,2,1
2024-12-21,EFL Championship,Cardiff City FC,Sheffield United FC,0,2
2024-12-21,EFL Championship,Leeds United FC,Oxford United FC,4,0
2024-12-21,EFL Championship,Millwall FC,Blackburn Rovers FC,1,0
2024-12-21,EFL Championship,Plymouth Argyle FC,Middlesbrough FC,3,3
2024-12-21,EFL Championship,Queens Park Rangers FC,Preston North End FC,2,1
2024-12-21,EFL Championship,Sunderland AFC,Norwich City FC,2,1
2024-12-22,EFL Championship,West Bromwich Albion FC,Bristol City FC,2,0
2024-12-26,EFL Championship,Blackburn Rovers FC,Sunderland AFC,2,2
2024-12-26,EFL Championship,Bristol City FC,Luton Town FC,1,0
2024-12-26,EFL Championship,Coventry City FC,Plymouth Argyle FC,4,0
2024-12-26,EFL Championship,Middlesbrough FC,Sheffield Wednesday FC,3,3
2024-12-26,EFL Championship,Norwich City FC,Millwall FC,2,1
2024-12-26,EFL Championship,Oxford United FC,Cardiff City FC,3,2
2024-12-26,EFL Championship,Preston North End FC,Hull City AFC,1,0
2024-12-26,EFL Championship,Sheffield United FC,Burnley FC,0,2
2024-12-26,EFL Championship,Swansea City AFC,Queens Park Rangers FC,3,0
2024-12-26,EFL Championship,Watford FC,Portsmouth FC,2,1
2024-12-26,EFL Championship,Derby County FC,West Bromwich Albion FC,2,1
2024-12-26,EFL Championship,Stoke City FC,Leeds United FC,0,2
2024-12-29,EFL Championship,Norwich City FC,Queens Park Rangers FC,1,1
2024-12-29,EFL Championship,Preston North End FC,Sheffield Wednesday FC,3,1
2024-12-29,EFL Championship,Sheffield United FC,West Bromwich Albion FC,1,1
2024-12-29,EFL Championship,Blackburn Rovers FC,Hull City AFC,0,1
2024-12-29,EFL Championship,Bristol City FC,Portsmouth FC,3,0
2024-12-29,EFL Championship,Coventry City FC,Millwall FC,0,0
2024-12-29,EFL Championship,Oxford United FC,Plymouth Argyle FC,2,0
2024-12-29,EFL Championship,Stoke City FC,Sunderland AFC,1,0
2024-12-29,EFL Championship,Swansea City AFC,Luton Town FC,2,1
2024-12-29,EFL Championship,Watford FC,Cardiff City FC,1,2
2024-12-29,EFL Championship,Derby County FC,Leeds United FC,0,1
2024-12-29,EFL Championship,Middlesbrough FC,Burnley FC,0,0
2025-01-01,EFL Championship,Plymouth Argyle FC,Bristol City FC,2,2
2025-01-01,EFL Championship,Queens Park Rangers FC,Watford FC,3,1
2025-01-01,EFL Championship,Millwall FC,Oxford United FC,0,1
2025-01-01,EFL Championship,Leeds United FC,Blackburn Rovers FC,1,1
2025-01-01,EFL Championship,Luton Town FC,Norwich City FC,0,1
2025-01-01,EFL Championship,Portsmouth FC,Swansea City AFC,4,0
2025-01-01,EFL Championship,Sheffield Wednesday FC,Derby County FC,4,2
2025-01-01,EFL Championship,West Bromwich Albion FC,Preston North End FC,3,1
2025-01-01,EFL Championship,Burnley FC,Stoke City FC,0,0
2025-01-01,EFL Championship,Cardiff City FC,Coventry City FC,1,1
2025-01-01,EFL Championship,Hull City AFC,Middlesbrough FC,0,1
2025-01-01,EFL Championship,Sunderland AFC,Sheffield United FC,2,1
2025-01-04,EFL Championship,Blackburn Rovers FC,Burnley FC,0,1
2025-01-04,EFL Championship,Stoke City FC,Plymouth Argyle FC,0,0
2025-01-04,EFL Championship,Swansea City AFC,West Bromwich Albion FC,1,1
2025-01-04,EFL Championship,Bristol City FC,Derby County FC,1,0
2025-01-04,EFL Championship,Hull City AFC,Leeds United FC,3,3
2025-01-04,EFL Championship,Middlesbrough FC,Cardiff City FC,1,1
2025-01-04,EFL Championship,Norwich City FC,Coventry City FC,2,1
2025-01-04,EFL Championship,Preston North End FC,Oxford United FC,1,1
2025-01-04,EFL Championship,Sheffield Wednesday FC,Millwall FC,2,2
2025-01-04,EFL Championship,Watford FC,Sheffield United FC,1,2
2025-01-05,EFL Championship,Sunderland AFC,Portsmouth FC,1,0
2025-01-06,EFL Championship,Queens Park Rangers FC,Luton Town FC,2,1
2025-01-14,EFL Championship,Cardiff City FC,Watford FC,1,1
2025-01-14,EFL Championship,Plymouth Argyle FC,Oxford United FC,1,1
2025-01-15,EFL Championship,Blackburn Rovers FC,Portsmouth FC,3,0
2025-01-17,EFL Championship,Burnley FC,Sunderland AFC,0,0
2025-01-18,EFL Championship,Cardiff City FC,Swansea City AFC,3,0
2025-01-18,EFL Championship,Millwall FC,Hull City AFC,0,1
2025-01-18,EFL Championship,Plymouth Argyle FC,Queens Park Rangers FC,0,1
2025-01-18,EFL Championship,Coventry City FC,Bristol City FC,1,0
2025-01-18,EFL Championship,Derby County FC,Watford FC,0,2
2025-01-18,EFL Championship,Luton Town FC,Preston North End FC,0,0
2025-01-18,EFL Championship,Oxford United FC,Blackburn Rovers FC,1,0
2025-01-18,EFL Championship,Portsmouth FC,Middlesbrough FC,2,1
2025-01-18,EFL Championship,Sheffield United FC,Norwich City FC,2,0
2025-01-18,EFL Championship,West Bromwich Albion FC,Stoke City FC,1,1
2025-01-19,EFL Championship,Leeds United FC,Sheffield Wednesday FC,3,0
2025-01-21,EFL Championship,Blackburn Rovers FC,Coventry City FC,0,2
2025-01-21,EFL Championship,Derby County FC,Sunderland AFC,0,1
2025-01-21,EFL Championship,Hull City AFC,Queens Park Rangers FC,1,2
2025-01-21,EFL Championship,Middlesbrough FC,West Bromwich Albion FC,2,0
2025-01-21,EFL Championship,Oxford United FC,Luton Town FC,3,2
2025-01-21,EFL Championship,Swansea City AFC,Sheffield United FC,1,2
2025-01-21,EFL Championship,Watford FC,Preston North End FC,1,2
2025-01-21,EFL Championship,Millwall FC,Cardiff City FC,2,2
2025-01-22,EFL Championship,Leeds United FC,Norwich City FC,2,0
2025-01-22,EFL Championship,Portsmouth FC,Stoke City FC,3,1
2025-01-22,EFL Championship,Sheffield Wednesday FC,Bristol City FC,2,2
2025-01-22,EFL Championship,Plymouth Argyle FC,Burnley FC,0,5
2025-01-24,EFL Championship,Sheffield United FC,Hull City AFC,0,3
2025-01-25,EFL Championship,Luton Town FC,Millwall FC,0,1
2025-01-25,EFL Championship,Norwich City FC,Swansea City AFC,5,1
2025-01-25,EFL Championship,Stoke City FC,Oxford United FC,0,0
2025-01-25,EFL Championship,Bristol City FC,Blackburn Rovers FC,2,1
2025-01-25,EFL Championship,Cardiff City FC,Derby County FC,2,1
2025-01-25,EFL Championship,Coventry City FC,Watford FC,2,1
2025-01-25,EFL Championship,Preston North End FC,Middlesbrough FC,2,1
2025-01-25,EFL Championship,Queens Park Rangers FC,Sheffield Wednesday FC,0,2
2025-01-25,EFL Championship,Sunderland AFC,Plymouth Argyle FC,2,2
2025-01-25,EFL Championship,West Bromwich Albion FC,Portsmouth FC,5,1
2025-01-27,EFL Championship,Burnley FC,Leeds United FC,0,0
2025-01-28,EFL Championship,Portsmouth FC,Millwall FC,0,1
2025-01-31,EFL Championship,Blackburn Rovers FC,Preston North End FC,2,1
2025-02-01,EFL Championship,Oxford United FC,Bristol City FC,1,1
2025-02-01,EFL Championship,Plymouth Argyle FC,West Bromwich Albion FC,2,1
2025-02-01,EFL Championship,Watford FC,Norwich City FC,0,1
2025-02-01,EFL Championship,Derby County FC,Sheffield United FC,0,1
2025-02-01,EFL Championship,Hull City AFC,Stoke City FC,1,2
2025-02-01,EFL Championship,Leeds United FC,Cardiff City FC,7,0
2025-02-01,EFL Championship,Millwall FC,Queens Park Rangers FC,2,1
2025-02-01,EFL Championship,Portsmouth FC,Burnley FC,0,0
2025-02-01,EFL Championship,Sheffield Wednesday FC,Luton Town FC,1,1
2025-02-01,EFL Championship,Swansea City AFC,Coventry City FC,0,2
2025-02-03,EFL Championship,Middlesbrough FC,Sunderland AFC,2,3
2025-02-04,EFL Championship,Burnley FC,Oxford United FC,1,0
2025-02-04,EFL Championship,Queens Park Rangers FC,Blackburn Rovers FC,2,1
2025-02-05,EFL Championship,Coventry City FC,Leeds United FC,0,2
2025-02-08,EFL Championship,Sunderland AFC,Watford FC,2,2
2025-02-08,EFL Championship,West Bromwich Albion FC,Sheffield Wednesday FC,2,1
2025-02-08,EFL Championship,Norwich City FC,Derby County FC,1,1
2025-02-08,EFL Championship,Sheffield United FC,Portsmouth FC,2,1
2025-02-09,EFL Championship,Bristol City FC,Swansea City AFC,0,1
2025-02-11,EFL Championship,Coventry City FC,Queens Park Rangers FC,1,0
2025-02-11,EFL Championship,Derby County FC,Oxford United FC,0,0
2025-02-11,EFL Championship,Portsmouth FC,Cardiff City FC,2,1
2025-02-11,EFL Championship,Watford FC,Leeds United FC,0,4
2025-02-11,EFL Championship,Norwich City FC,Preston North End FC,0,1
2025-02-12,EFL Championship,Bristol City FC,Stoke City FC,2,0
2025-02-12,EFL Championship,Plymouth Argyle FC,Millwall FC,5,1
2025-02-12,EFL Championship,Swansea City AFC,Sheffield Wednesday FC,0,1
2025-02-12,EFL Championship,Burnley FC,Hull City AFC,2,0
2025-02-12,EFL Championship,Sunderland AFC,Luton Town FC,2,0
2025-02-12,EFL Championship,Sheffield United FC,Middlesbrough FC,3,1
2025-02-12,EFL Championship,West Bromwich Albion FC,Blackburn Rovers FC,0,2
2025-02-14,EFL Championship,Queens Park Rangers FC,Derby County FC,4,0
2025-02-15,EFL Championship,Cardiff City FC,Bristol City FC,1,1
2025-02-15,EFL Championship,Oxford United FC,Portsmouth FC,0,2
2025-02-15,EFL Championship,Preston North End FC,Burnley FC,0,0
2025-02-15,EFL Championship,Blackburn Rovers FC,Plymouth Argyle FC,2,0
2025-02-15,EFL Championship,Hull City AFC,Norwich City FC,1,1
2025-02-15,EFL Championship,Luton Town FC,Sheffield United FC,0,1
2025-02-15,EFL Championship,Middlesbrough FC,Watford FC,0,1
2025-02-15,EFL Championship,Millwall FC,West Bromwich Albion FC,1,1
2025-02-15,EFL Championship,Sheffield Wednesday FC,Coventry City FC,1,2
2025-02-15,EFL Championship,Stoke City FC,Swansea City AFC,3,1
2025-02-17,EFL Championship,Leeds United FC,Sunderland AFC,2,1
2025-02-18,EFL Championship,Preston North End FC,Millwall FC,1,1
2025-02-19,EFL Championship,Luton Town FC,Plymouth Argyle FC,1,1
2025-02-21,EFL Championship,Bristol City FC,Middlesbrough FC,2,1
2025-02-21,EFL Championship,Burnley FC,Sheffield Wednesday FC,4,0
2025-02-22,EFL Championship,Derby County FC,Millwall FC,0,1
2025-02-22,EFL Championship,Plymouth Argyle FC,Cardiff City FC,1,1
2025-02-22,EFL Championship,Sunderland AFC,Hull City AFC,0,1
2025-02-22,EFL Championship,Coventry City FC,Preston North End FC,2,1
2025-02-22,EFL Championship,Norwich City FC,Stoke City FC,4,2
2025-02-22,EFL Championship,Portsmouth FC,Queens Park Rangers FC,2,1
2025-02-22,EFL Championship,Swansea City AFC,Blackburn Rovers FC,3,0
2025-02-22,EFL Championship,West Bromwich Albion FC,Oxford United FC,2,0
2025-02-23,EFL Championship,Watford FC,Luton Town FC,2,0
2025-02-24,EFL Championship,Sheffield United FC,Leeds United FC,1,3
2025-02-25,EFL Championship,Cardiff City FC,Hull City AFC,1,0
2025-02-25,EFL Championship,Stoke City FC,Middlesbrough FC,1,3
2025-02-28,EFL Championship,Sheffield Wednesday FC,Sunderland AFC,1,2
2025-03-01,EFL Championship,Blackburn Rovers FC,Norwich City FC,1,1
2025-03-01,EFL Championship,Leeds United FC,West Bromwich Albion FC,1,1
2025-03-01,EFL Championship,Oxford United FC,Coventry City FC,2,3
2025-03-01,EFL Championship,Luton Town FC,Portsmouth FC,1,0
2025-03-01,EFL Championship,Middlesbrough FC,Derby County FC,1,0
2025-03-01,EFL Championship,Queens Park Rangers FC,Sheffield United FC,1,2
2025-03-01,EFL Championship,Stoke City FC,Watford FC,0,0
2025-03-04,EFL Championship,Cardiff City FC,Burnley FC,1,2
2025-03-04,EFL Championship,Hull City AFC,Plymouth Argyle FC,2,0
2025-03-04,EFL Championship,Millwall FC,Bristol City FC,0,2
2025-03-04,EFL Championship,Preston North End FC,Swansea City AFC,0,0
2025-03-07,EFL Championship,Norwich City FC,Oxford United FC,1,1
2025-03-08,EFL Championship,Coventry City FC,Stoke City FC,3,2
2025-03-08,EFL Championship,Watford FC,Millwall FC,1,2
2025-03-08,EFL Championship,Bristol City FC,Hull City AFC,1,1
2025-03-08,EFL Championship,Burnley FC,Luton Town FC,4,0
2025-03-08,EFL Championship,Derby County FC,Blackburn Rovers FC,2,1
2025-03-08,EFL Championship,Plymouth Argyle FC,Sheffield Wednesday FC,0,3
2025-03-08,EFL Championship,Sheffield United FC,Preston North End FC,1,0
2025-03-08,EFL Championship,Sunderland AFC,Cardiff City FC,2,1
2025-03-08,EFL Championship,Swansea City AFC,Middlesbrough FC,1,0
2025-03-08,EFL Championship,West Bromwich Albion FC,Queens Park Rangers FC,1,0
2025-03-09,EFL Championship,Portsmouth FC,Leeds United FC,1,0
2025-03-11,EFL Championship,Burnley FC,West Bromwich Albion FC,1,1
2025-03-11,EFL Championship,Cardiff City FC,Luton Town FC,1,2
2025-03-11,EFL Championship,Derby County FC,Coventry City FC,2,0
2025-03-11,EFL Championship,Middlesbrough FC,Queens Park Rangers FC,2,1
2025-03-11,EFL Championship,Sunderland AFC,Preston North End FC,1,1
2025-03-11,EFL Championship,Norwich City FC,Sheffield Wednesday FC,2,3
2025-03-11,EFL Championship,Sheffield United FC,Bristol City FC,1,1
2025-03-12,EFL Championship,Portsmouth FC,Plymouth Argyle FC,1,2
2025-03-12,EFL Championship,Hull City AFC,Oxford United FC,2,1
2025-03-12,EFL Championship,Leeds United FC,Millwall FC,2,0
2025-03-12,EFL Championship,Watford FC,Swansea City AFC,1,0
2025-03-12,EFL Championship,Stoke City FC,Blackburn Rovers FC,1,0
2025-03-14,EFL Championship,Bristol City FC,Norwich City FC,2,1
2025-03-15,EFL Championship,Millwall FC,Stoke City FC,1,0
2025-03-15,EFL Championship,Queens Park Rangers FC,Leeds United FC,2,2
2025-03-15,EFL Championship,Blackburn Rovers FC,Cardiff City FC,1,2
2025-03-15,EFL Championship,Coventry City FC,Sunderland AFC,3,0
2025-03-15,EFL Championship,Luton Town FC,Middlesbrough FC,0,0
2025-03-15,EFL Championship,Oxford United FC,Watford FC,1,0
2025-03-15,EFL Championship,Plymouth Argyle FC,Derby County FC,2,3
2025-03-15,EFL Championship,Preston North End FC,Portsmouth FC,2,1
2025-03-15,EFL Championship,Swansea City AFC,Burnley FC,0,2
2025-03-15,EFL Championship,West Bromwich Albion FC,Hull City AFC,1,1
2025-03-16,EFL Championship,Sheffield Wednesday FC,Sheffield United FC,0,1
2025-03-28,EFL Championship,Sheffield United FC,Coventry City FC,3,1
2025-03-29,EFL Championship,Watford FC,Plymouth Argyle FC,0,0
2025-03-29,EFL Championship,Hull City AFC,Luton Town FC,0,1
2025-03-29,EFL Championship,Sunderland AFC,Millwall FC,1,0
2025-03-29,EFL Championship,Cardiff City FC,Sheffield Wednesday FC,1,1
2025-03-29,EFL Championship,Burnley FC,Bristol City FC,1,0
2025-03-29,EFL Championship,Middlesbrough FC,Oxford United FC,2,1
2025-03-29,EFL Championship,Leeds United FC,Swansea City AFC,2,2
2025-03-29,EFL Championship,Norwich City FC,West Bromwich Albion FC,1,0
2025-03-29,EFL Championship,Portsmouth FC,Blackburn Rovers FC,1,0
2025-03-29,EFL Championship,Stoke City FC,Queens Park Rangers FC,3,1
2025-04-02,EFL Championship,Derby County FC,Preston North End FC,2,0
2025-04-04,EFL Championship,Blackburn Rovers FC,Middlesbrough FC,0,2
2025-04-05,EFL Championship,Coventry City FC,Burnley FC,1,2
2025-04-05,EFL Championship,Luton Town FC,Leeds United FC,1,1
2025-04-05,EFL Championship,West Bromwich Albion FC,Sunderland AFC,0,1
2025-04-05,EFL Championship,Bristol City FC,Watford FC,2,1
2025-04-05,EFL Championship,Millwall FC,Portsmouth FC,2,1
2025-04-05,EFL Championship,Oxford United FC,Sheffield United FC,1,0
2025-04-05,EFL Championship,Plymouth Argyle FC,Norwich City FC,2,1
2025-04-05,EFL Championship,Preston North End FC,Stoke City FC,1,1
2025-04-05,EFL Championship,Queens Park Rangers FC,Cardiff City FC,0,0
2025-04-05,EFL Championship,Sheffield Wednesday FC,Hull City AFC,0,1
2025-04-05,EFL Championship,Swansea City AFC,Derby County FC,1,0
2025-04-08,EFL Championship,Blackburn Rovers FC,Sheffield Wednesday FC,2,2
2025-04-08,EFL Championship,Bristol City FC,West Bromwich Albion FC,2,1
2025-04-08,EFL Championship,Norwich City FC,Sunderland AFC,0,0
2025-04-08,EFL Championship,Preston North End FC,Cardiff City FC,2,2
2025-04-08,EFL Championship,Sheffield United FC,Millwall FC,0,1
2025-04-08,EFL Championship,Stoke City FC,Luton Town FC,1,1
2025-04-08,EFL Championship,Watford FC,Hull City AFC,1,0
2025-04-08,EFL Championship,Derby County FC,Burnley FC,0,0
2025-04-08,EFL Championship,Middlesbrough FC,Leeds United FC,0,1
2025-04-09,EFL Championship,Oxford United FC,Queens Park Rangers FC,1,3
2025-04-09,EFL Championship,Swansea City AFC,Plymouth Argyle FC,3,0
2025-04-09,EFL Championship,Coventry City FC,Portsmouth FC,1,0
2025-04-11,EFL Championship,Burnley FC,Norwich City FC,2,1
2025-04-12,EFL Championship,Leeds United FC,Preston North End FC,2,1
2025-04-12,EFL Championship,Plymouth Argyle FC,Sheffield United FC,2,1
2025-04-12,EFL Championship,Cardiff City FC,Stoke City FC,0,1
2025-04-12,EFL Championship,Luton Town FC,Blackburn Rovers FC,0,1
2025-04-12,EFL Championship,Millwall FC,Middlesbrough FC,1,0
2025-04-12,EFL Championship,Portsmouth FC,Derby County FC,2,2
2025-04-12,EFL Championship,Queens Park Rangers FC,Bristol City FC,1,1
2025-04-12,EFL Championship,Sheffield Wednesday FC,Oxford United FC,0,1
2025-04-12,EFL Championship,Sunderland AFC,Swansea City AFC,0,1
2025-04-12,EFL Championship,West Bromwich Albion FC,Watford FC,2,1
2025-04-14,EFL Championship,Hull City AFC,Coventry City FC,1,1
2025-04-18,EFL Championship,Derby County FC,Luton Town FC,0,1
2025-04-18,EFL Championship,Blackburn Rovers FC,Millwall FC,4,1
2025-04-18,EFL Championship,Bristol City FC,Sunderland AFC,2,1
2025-04-18,EFL Championship,Coventry City FC,West Bromwich Albion FC,2,0
2025-04-18,EFL Championship,Middlesbrough FC,Plymouth Argyle FC,2,1
2025-04-18,EFL Championship,Watford FC,Burnley FC,1,2
2025-04-18,EFL Championship,Norwich City FC,Portsmouth FC,3,5
2025-04-18,EFL Championship,Preston North End FC,Queens Park Rangers FC,1,2
2025-04-18,EFL Championship,Stoke City FC,Sheffield Wednesday FC,2,0
2025-04-18,EFL Championship,Swansea City AFC,Hull City AFC,1,0
2025-04-18,EFL Championship,Sheffield United FC,Cardiff City FC,2,0
2025-04-18,EFL Championship,Oxford United FC,Leeds United FC,0,1
2025-04-21,EFL Championship,Cardiff City FC,Oxford United FC,1,1
2025-04-21,EFL Championship,Hull City AFC,Preston North End FC,2,1
2025-04-21,EFL Championship,Leeds United FC,Stoke City FC,6,0
2025-04-21,EFL Championship,Luton Town FC,Bristol City FC,3,1
2025-04-21,EFL Championship,Millwall FC,Norwich City FC,3,1
2025-04-21,EFL Championship,Plymouth Argyle FC,Coventry City FC,3,1
2025-04-21,EFL Championship,Portsmouth FC,Watford FC,1,0
2025-04-21,EFL Championship,Queens Park Rangers FC,Swansea City AFC,1,2
2025-04-21,EFL Championship,Sheffield Wednesday FC,Middlesbrough FC,2,1
2025-04-21,EFL Championship,Sunderland AFC,Blackburn Rovers FC,0,1
2025-04-21,EFL Championship,West Bromwich Albion FC,Derby County FC,1,3
2025-04-21,EFL Championship,Burnley FC,Sheffield United FC,2,1
2025-04-25,EFL Championship,Stoke City FC,Sheffield United FC,0,2
2025-04-26,EFL Championship,Luton Town FC,Coventry City FC,1,0
2025-04-26,EFL Championship,Queens Park Rangers FC,Burnley FC,0,5
2025-04-26,EFL Championship,Blackburn Rovers FC,Watford FC,2,1
2025-04-26,EFL Championship,Cardiff City FC,West Bromwich Albion FC,0,0
2025-04-26,EFL Championship,Hull City AFC,Derby County FC,0,1
2025-04-26,EFL Championship,Middlesbrough FC,Norwich City FC,0,0
2025-04-26,EFL Championship,Millwall FC,Swansea City AFC,1,0
2025-04-26,EFL Championship,Oxford United FC,Sunderland AFC,2,0
2025-04-26,EFL Championship,Preston North End FC,Plymouth Argyle FC,1,2
2025-04-26,EFL Championship,Sheffield Wednesday FC,Portsmouth FC,1,1
2025-04-28,EFL Championship,Leeds United FC,Bristol City FC,4,0
2025-05-03,EFL Championship,Bristol City FC,Preston North End FC,2,2
2025-05-03,EFL Championship,Burnley FC,Millwall FC,3,1
2025-05-03,EFL Championship,Coventry City FC,Middlesbrough FC,2,0
2025-05-03,EFL Championship,Derby County FC,Stoke City FC,0,0
2025-05-03,EFL Championship,Norwich City FC,Cardiff City FC,4,2
2025-05-03,EFL Championship,Plymouth Argyle FC,Leeds United FC,1,2
2025-05-03,EFL Championship,Portsmouth FC,Hull City AFC,1,1
2025-05-03,EFL Championship,Sheffield United FC,Blackburn Rovers FC,1,1
2025-05-03,EFL Championship,Sunderland AFC,Queens Park Rangers FC,0,1
2025-05-03,EFL Championship,Swansea City AFC,Oxford United FC,3,3
2025-05-03,EFL Championship,Watford FC,Sheffield Wednesday FC,1,1
2025-05-03,EFL Championship,West Bromwich Albion FC,Luton Town FC,5,3
2025-05-08,EFL Championship,Bristol City FC,Sheffield United FC,0,3
2025-05-09,EFL Championship,Coventry City FC,Sunderland AFC,1,2
2025-05-12,EFL Championship,Sheffield United FC,Bristol City FC,3,0
2025-05-13,EFL Championship,Sunderland AFC,Coventry City FC,0,1
2025-05-24,EFL Championship,Sheffield United FC,Sunderland AFC,1,2
2023-08-11,Premier League,Burnley FC,Manchester City FC,0,3
2023-08-12,Premier League,Arsenal FC,Nottingham Forest FC,2,1
2023-08-12,Premier League,AFC Bournemouth,West Ham United FC,1,1
2023-08-12,Premier League,Brighton & Hove Albion FC,Luton Town FC,4,1
2023-08-12,Premier League,Everton FC,Fulham FC,0,1
2023-08-12,Premier League,Sheffield United FC,Crystal Palace FC,0,1
2023-08-12,Premier League,Newcastle United FC,Aston Villa FC,5,1
2023-08-13,Premier League,Brentford FC,Tottenham Hotspur FC,2,2
2023-08-13,Premier League,Chelsea FC,Liverpool FC,1,1
2023-08-14,Premier League,Manchester United FC,Wolverhampton Wanderers FC,1,0
2023-08-18,Premier League,Nottingham Forest FC,Sheffield United FC,2,1
2023-08-19,Premier League,Fulham FC,Brentford FC,0,3
2023-08-19,Premier League,Liverpool FC,AFC Bournemouth,3,1
2023-08-19,Premier League,Wolverhampton Wanderers FC,Brighton & Hove Albion FC,1,4
2023-08-19,Premier League,Tottenham Hotspur FC,Manchester United FC,2,0
2023-08-19,Premier League,Manchester City FC,Newcastle United FC,1,0
2023-08-20,Premier League,Aston Villa FC,Everton FC,4,0
2023-08-20,Premier League,West Ham United FC,Chelsea FC,3,1
2023-08-21,Premier League,Crystal Palace FC,Arsenal FC,0,1
2023-08-25,Premier League,Chelsea FC,Luton Town FC,3,0
2023-08-26,Premier League,AFC Bournemouth,Tottenham Hotspur FC,0,2
2023-08-26,Premier League,Everton FC,Wolverhampton Wanderers FC,0,1
2023-08-26,Premier League,Manchester United FC,Nottingham Forest FC,3,2
2023-08-26,Premier League,Arsenal FC,Fulham FC,2,2
2023-08-26,Premier League,Brentford FC,Crystal Palace FC,1,1
2023-08-26,Premier League,Brighton & Hove Albion FC,West Ham United FC,1,3
2023-08-27,Premier League,Sheffield United FC,Manchester City FC,1,2
2023-08-27,Premier League,Burnley FC,Aston Villa FC,1,3
2023-08-27,Premier League,Newcastle United FC,Liverpool FC,1,2
2023-09-01,Premier League,Luton Town FC,West Ham United FC,1,2
2023-09-02,Premier League,Sheffield United FC,Everton FC,2,2
2023-09-02,Premier League,Brentford FC,AFC Bournemouth,2,2
2023-09-02,Premier League,Burnley FC,Tottenham Hotspur FC,2,5
2023-09-02,Premier League,Chelsea FC,Nottingham Forest FC,0,1
2023-09-02,Premier League,Manchester City FC,Fulham FC,5,1
2023-09-02,Premier League,Brighton & Hove Albion FC,Newcastle United FC,3,1
2023-09-03,Premier League,Crystal Palace FC,Wolverhampton Wanderers FC,3,2
2023-09-03,Premier League,Liverpool FC,Aston Villa FC,3,0
2023-09-03,Premier League,Arsenal FC,Manchester United FC,3,1
2023-09-16,Premier League,Wolverhampton Wanderers FC,Liverpool FC,1,3
2023-09-16,Premier League,Aston Villa FC,Crystal Palace FC,3,1
2023-09-16,Premier League,Fulham FC,Luton Town FC,1,0
2023-09-16,Premier League,Manchester United FC,Brighton & Hove Albion FC,1,3
2023-09-16,Premier League,Tottenham Hotspur FC,Sheffield United FC,2,1
2023-09-16,Premier League,West Ham United FC,Manchester City FC,1,3
2023-09-16,Premier League,Newcastle United FC,Brentford FC,1,0
2023-09-17,Premier League,AFC Bournemouth,Chelsea FC,0,0
2023-09-17,Premier League,Everton FC,Arsenal FC,0,1
2023-09-18,Premier League,Nottingham Forest FC,Burnley FC,1,1
2023-09-23,Premier League,Crystal Palace FC,Fulham FC,0,0
2023-09-23,Premier League,Luton Town FC,Wolverhampton Wanderers FC,1,1
2023-09-23,Premier League,Manchester City FC,Nottingham Forest FC,2,0
2023-09-23,Premier League,Brentford FC,Everton FC,1,3
2023-09-23,Premier League,Burnley FC,Manchester United FC,0,1
2023-09-24,Premier League,Arsenal FC,Tottenham Hotspur FC,2,2
2023-09-24,Premier League,Brighton & Hove Albion FC,AFC Bournemouth,3,1
2023-09-24,Premier League,Chelsea FC,Aston Villa FC,0,1
2023-09-24,Premier League,Liverpool FC,West Ham United FC,3,1
2023-09-24,Premier League,Sheffield United FC,Newcastle United FC,0,8
2023-09-30,Premier League,Aston Villa FC,Brighton & Hove Albion FC,6,1
2023-09-30,Premier League,AFC Bournemouth,Arsenal FC,0,4
2023-09-30,Premier League,Everton FC,Luton Town FC,1,2
2023-09-30,Premier League,Manchester United FC,Crystal Palace FC,0,1
2023-09-30,Premier League,Newcastle United FC,Burnley FC,2,0
2023-09-30,Premier League,West Ham United FC,Sheffield United FC,2,0
2023-09-30,Premier League,Wolverhampton Wanderers FC,Manchester City FC,2,1
2023-09-30,Premier League,Tottenham Hotspur FC,Liverpool FC,2,1
2023-10-01,Premier League,Nottingham Forest FC,Brentford FC,1,1
2023-10-02,Premier League,Fulham FC,Chelsea FC,0,2
2023-10-03,Premier League,Luton Town FC,Burnley FC,1,2
2023-10-07,Premier League,Luton Town FC,Tottenham Hotspur FC,0,1
2023-10-07,Premier League,Burnley FC,Chelsea FC,1,4
2023-10-07,Premier League,Everton FC,AFC Bournemouth,3,0
2023-10-07,Premier League,Fulham FC,Sheffield United FC,3,1
2023-10-07,Premier League,Manchester United FC,Brentford FC,2,1
2023-10-07,Premier League,Crystal Palace FC,Nottingham Forest FC,0,0
2023-10-08,Premier League,Brighton & Hove Albion FC,Liverpool FC,2,2
2023-10-08,Premier League,West Ham United FC,Newcastle United FC,2,2
2023-10-08,Premier League,Wolverhampton Wanderers FC,Aston Villa FC,1,1
2023-10-08,Premier League,Arsenal FC,Manchester City FC,1,0
2023-10-21,Premier League,Liverpool FC,Everton FC,2,0
2023-10-21,Premier League,AFC Bournemouth,Wolverhampton Wanderers FC,1,2
2023-10-21,Premier League,Brentford FC,Burnley FC,3,0
2023-10-21,Premier League,Manchester City FC,Brighton & Hove Albion FC,2,1
2023-10-21,Premier League,Newcastle United FC,Crystal Palace FC,4,0
2023-10-21,Premier League,Nottingham Forest FC,Luton Town FC,2,2
2023-10-21,Premier League,Chelsea FC,Arsenal FC,2,2
2023-10-21,Premier League,Sheffield United FC,Manchester United FC,1,2
2023-10-22,Premier League,Aston Villa FC,West Ham United FC,4,1
2023-10-23,Premier League,Tottenham Hotspur FC,Fulham FC,2,0
2023-10-27,Premier League,Crystal Palace FC,Tottenham Hotspur FC,1,2
2023-10-28,Premier League,Chelsea FC,Brentford FC,0,2
2023-10-28,Premier League,AFC Bournemouth,Burnley FC,2,1
2023-10-28,Premier League,Arsenal FC,Sheffield United FC,5,0
2023-10-28,Premier League,Wolverhampton Wanderers FC,Newcastle United FC,2,2
2023-10-29,Premier League,West Ham United FC,Everton FC,0,1
2023-10-29,Premier League,Aston Villa FC,Luton Town FC,3,1
2023-10-29,Premier League,Brighton & Hove Albion FC,Fulham FC,1,1
2023-10-29,Premier League,Liverpool FC,Nottingham Forest FC,3,0
2023-10-29,Premier League,Manchester United FC,Manchester City FC,0,3
2023-11-04,Premier League,Fulham FC,Manchester United FC,0,1
2023-11-04,Premier League,Brentford FC,West Ham United FC,3,2
2023-11-04,Premier League,Burnley FC,Crystal Palace FC,0,2
2023-11-04,Premier League,Everton FC,Brighton & Hove Albion FC,1,1
2023-11-04,Premier League,Manchester City FC,AFC Bournemouth,6,1
2023-11-04,Premier League,Sheffield United FC,Wolverhampton Wanderers FC,2,1
2023-11-04,Premier League,Newcastle United FC,Arsenal FC,1,0
2023-11-05,Premier League,Nottingham Forest FC,Aston Villa FC,2,0
2023-11-05,Premier League,Luton Town FC,Liverpool FC,1,1
2023-11-06,Premier League,Tottenham Hotspur FC,Chelsea FC,1,4
2023-11-11,Premier League,Wolverhampton Wanderers FC,Tottenham Hotspur FC,2,1
2023-11-11,Premier League,Arsenal FC,Burnley FC,3,1
2023-11-11,Premier League,Crystal Palace FC,Everton FC,2,3
2023-11-11,Premier League,Manchester United FC,Luton Town FC,1,0
2023-11-11,Premier League,AFC Bournemouth,Newcastle United FC,2,0
2023-11-12,Premier League,Aston Villa FC,Fulham FC,3,1
2023-11-12,Premier League,Brighton & Hove Albion FC,Sheffield United FC,1,1
2023-11-12,Premier League,Liverpool FC,Brentford FC,3,0
2023-11-12,Premier League,West Ham United FC,Nottingham Forest FC,3,2
2023-11-12,Premier League,Chelsea FC,Manchester City FC,4,4
2023-11-25,Premier League,Manchester City FC,Liverpool FC,1,1
2023-11-25,Premier League,Burnley FC,West Ham United FC,1,2
2023-11-25,Premier League,Luton Town FC,Crystal Palace FC,2,1
2023-11-25,Premier League,Newcastle United FC,Chelsea FC,4,1
2023-11-25,Premier League,Nottingham Forest FC,Brighton & Hove Albion FC,2,3
2023-11-25,Premier League,Sheffield United FC,AFC Bournemouth,1,3
2023-11-25,Premier League,Brentford FC,Arsenal FC,0,1
2023-11-26,Premier League,Tottenham Hotspur FC,Aston Villa FC,1,2
2023-11-26,Premier League,Everton FC,Manchester United FC,0,3
2023-11-27,Premier League,Fulham FC,Wolverhampton Wanderers FC,3,2
2023-12-02,Premier League,Arsenal FC,Wolverhampton Wanderers FC,2,1
2023-12-02,Premier League,Brentford FC,Luton Town FC,3,1
2023-12-02,Premier League,Burnley FC,Sheffield United FC,5,0
2023-12-02,Premier League,Nottingham Forest FC,Everton FC,0,1
2023-12-02,Premier League,Newcastle United FC,Manchester United FC,1,0
2023-12-03,Premier League,AFC Bournemouth,Aston Villa FC,2,2
2023-12-03,Premier League,Chelsea FC,Brighton & Hove Albion FC,3,2
2023-12-03,Premier League,Liverpool FC,Fulham FC,4,3
2023-12-03,Premier League,West Ham United FC,Crystal Palace FC,1,1
2023-12-03,Premier League,Manchester City FC,Tottenham Hotspur FC,3,3
2023-12-05,Premier League,Wolverhampton Wanderers FC,Burnley FC,1,0
2023-12-05,Premier League,Luton Town FC,Arsenal FC,3,4
2023-12-06,Premier League,Brighton & Hove Albion FC,Brentford FC,2,1
2023-12-06,Premier League,Fulham FC,Nottingham Forest FC,5,0
2023-12-06,Premier League,Sheffield United FC,Liverpool FC,0,2
2023-12-06,Premier League,Crystal Palace FC,AFC Bournemouth,0,2
2023-12-06,Premier League,Aston Villa FC,Manchester City FC,1,0
2023-12-06,Premier League,Manchester United FC,Chelsea FC,2,1
2023-12-07,Premier League,Everton FC,Newcastle United FC,3,0
2023-12-07,Premier League,Tottenham Hotspur FC,West Ham United FC,1,2
2023-12-09,Premier League,Crystal Palace FC,Liverpool FC,1,2
2023-12-09,Premier League,Brighton & Hove Albion FC,Burnley FC,1,1
2023-12-09,Premier League,Manchester United FC,AFC Bournemouth,0,3
2023-12-09,Premier League,Sheffield United FC,Brentford FC,1,0
2023-12-09,Premier League,Wolverhampton Wanderers FC,Nottingham Forest FC,1,1
2023-12-09,Premier League,Aston Villa FC,Arsenal FC,1,0
2023-12-10,Premier League,Everton FC,Chelsea FC,2,0
2023-12-10,Premier League,Fulham FC,West Ham United FC,5,0
2023-12-10,Premier League,Luton Town FC,Manchester City FC,1,2
2023-12-10,Premier League,Tottenham Hotspur FC,Newcastle United FC,4,1
2023-12-15,Premier League,Nottingham Forest FC,Tottenham Hotspur FC,0,2
2023-12-16,Premier League,Chelsea FC,Sheffield United FC,2,0
2023-12-16,Premier League,Manchester City FC,Crystal Palace FC,2,2
2023-12-16,Premier League,Newcastle United FC,Fulham FC,3,0
2023-12-16,Premier League,Burnley FC,Everton FC,0,2
2023-12-17,Premier League,Arsenal FC,Brighton & Hove Albion FC,2,0
2023-12-17,Premier League,Brentford FC,Aston Villa FC,1,2
2023-12-17,Premier League,West Ham United FC,Wolverhampton Wanderers FC,3,0
2023-12-17,Premier League,Liverpool FC,Manchester United FC,0,0
2023-12-21,Premier League,Crystal Palace FC,Brighton & Hove Albion FC,1,1
2023-12-22,Premier League,Aston Villa FC,Sheffield United FC,1,1
2023-12-23,Premier League,West Ham United FC,Manchester United FC,2,0
2023-12-23,Premier League,Fulham FC,Burnley FC,0,2
2023-12-23,Premier League,Luton Town FC,Newcastle United FC,1,0
2023-12-23,Premier League,Nottingham Forest FC,AFC Bournemouth,2,3
2023-12-23,Premier League,Tottenham Hotspur FC,Everton FC,2,1
2023-12-23,Premier League,Liverpool FC,Arsenal FC,1,1
2023-12-24,Premier League,Wolverhampton Wanderers FC,Chelsea FC,2,1
2023-12-26,Premier League,Newcastle United FC,Nottingham Forest FC,1,3
2023-12-26,Premier League,AFC Bournemouth,Fulham FC,3,0
2023-12-26,Premier League,Sheffield United FC,Luton Town FC,2,3
2023-12-26,Premier League,Burnley FC,Liverpool FC,0,2
2023-12-26,Premier League,Manchester United FC,Aston Villa FC,3,2
2023-12-27,Premier League,Brentford FC,Wolverhampton Wanderers FC,1,4
2023-12-27,Premier League,Chelsea FC,Crystal Palace FC,2,1
2023-12-27,Premier League,Everton FC,Manchester City FC,1,3
2023-12-28,Premier League,Brighton & Hove Albion FC,Tottenham Hotspur FC,4,2
2023-12-28,Premier League,Arsenal FC,West Ham United FC,0,2
2023-12-30,Premier League,Luton Town FC,Chelsea FC,2,3
2023-12-30,Premier League,Aston Villa FC,Burnley FC,3,2
2023-12-30,Premier League,Crystal Palace FC,Brentford FC,3,1
2023-12-30,Premier League,Manchester City FC,Sheffield United FC,2,0
2023-12-30,Premier League,Wolverhampton Wanderers FC,Everton FC,3,0
2023-12-30,Premier League,Nottingham Forest FC,Manchester United FC,2,1
2023-12-31,Premier League,Fulham FC,Arsenal FC,2,1
2023-12-31,Premier League,Tottenham Hotspur FC,AFC Bournemouth,3,1
2024-01-01,Premier League,Liverpool FC,Newcastle United FC,4,2
2024-01-02,Premier League,West Ham United FC,Brighton & Hove Albion FC,0,0
2024-01-12,Premier League,Burnley FC,Luton Town FC,1,1
2024-01-13,Premier League,Chelsea FC,Fulham FC,1,0
2024-01-13,Premier League,Newcastle United FC,Manchester City FC,2,3
2024-01-14,Premier League,Everton FC,Aston Villa FC,0,0
2024-01-14,Premier League,Manchester United FC,Tottenham Hotspur FC,2,2
2024-01-20,Premier League,Arsenal FC,Crystal Palace FC,5,0
2024-01-20,Premier League,Brentford FC,Nottingham Forest FC,3,2
2024-01-21,Premier League,Sheffield United FC,West Ham United FC,2,2
2024-01-21,Premier League,AFC Bournemouth,Liverpool FC,0,4
2024-01-22,Premier League,Brighton & Hove Albion FC,Wolverhampton Wanderers FC,0,0
2024-01-30,Premier League,Nottingham Forest FC,Arsenal FC,1,2
2024-01-30,Premier League,Luton Town FC,Brighton & Hove Albion FC,4,0
2024-01-30,Premier League,Fulham FC,Everton FC,0,0
2024-01-30,Premier League,Crystal Palace FC,Sheffield United FC,3,2
2024-01-30,Premier League,Aston Villa FC,Newcastle United FC,1,3
2024-01-31,Premier League,Tottenham Hotspur FC,Brentford FC,3,2
2024-01-31,Premier League,Manchester City FC,Burnley FC,3,1
2024-01-31,Premier League,Liverpool FC,Chelsea FC,4,1
2024-02-01,Premier League,West Ham United FC,AFC Bournemouth,1,1
2024-02-01,Premier League,Wolverhampton Wanderers FC,Manchester United FC,3,4
2024-02-03,Premier League,Everton FC,Tottenham Hotspur FC,2,2
2024-02-03,Premier League,Brighton & Hove Albion FC,Crystal Palace FC,4,1
2024-02-03,Premier League,Burnley FC,Fulham FC,2,2
2024-02-03,Premier League,Newcastle United FC,Luton Town FC,4,4
2024-02-03,Premier League,Sheffield United FC,Aston Villa FC,0,5
2024-02-04,Premier League,AFC Bournemouth,Nottingham Forest FC,1,1
2024-02-04,Premier League,Chelsea FC,Wolverhampton Wanderers FC,2,4
2024-02-04,Premier League,Manchester United FC,West Ham United FC,3,0
2024-02-04,Premier League,Arsenal FC,Liverpool FC,3,1
2024-02-05,Premier League,Brentford FC,Manchester City FC,1,3
2024-02-10,Premier League,Manchester City FC,Everton FC,2,0
2024-02-10,Premier League,Fulham FC,AFC Bournemouth,3,1
2024-02-10,Premier League,Liverpool FC,Burnley FC,3,1
2024-02-10,Premier League,Luton Town FC,Sheffield United FC,1,3
2024-02-10,Premier League,Tottenham Hotspur FC,Brighton & Hove Albion FC,2,1
2024-02-10,Premier League,Wolverhampton Wanderers FC,Brentford FC,0,2
2024-02-10,Premier League,Nottingham Forest FC,Newcastle United FC,2,3
2024-02-11,Premier League,West Ham United FC,Arsenal FC,0,6
2024-02-11,Premier League,Aston Villa FC,Manchester United FC,1,2
2024-02-12,Premier League,Crystal Palace FC,Chelsea FC,1,3
2024-02-17,Premier League,Brentford FC,Liverpool FC,1,4
2024-02-17,Premier League,Burnley FC,Arsenal FC,0,5
2024-02-17,Premier League,Fulham FC,Aston Villa FC,1,2
2024-02-17,Premier League,Newcastle United FC,AFC Bournemouth,2,2
2024-02-17,Premier League,Nottingham Forest FC,West Ham United FC,2,0
2024-02-17,Premier League,Tottenham Hotspur FC,Wolverhampton Wanderers FC,1,2
2024-02-17,Premier League,Manchester City FC,Chelsea FC,1,1
2024-02-18,Premier League,Sheffield United FC,Brighton & Hove Albion FC,0,5
2024-02-18,Premier League,Luton Town FC,Manchester United FC,1,2
2024-02-19,Premier League,Everton FC,Crystal Palace FC,1,1
2024-02-20,Premier League,Manchester City FC,Brentford FC,1,0
2024-02-21,Premier League,Liverpool FC,Luton Town FC,4,1
2024-02-24,Premier League,Aston Villa FC,Nottingham Forest FC,4,2
2024-02-24,Premier League,Brighton & Hove Albion FC,Everton FC,1,1
2024-02-24,Premier League,Crystal Palace FC,Burnley FC,3,0
2024-02-24,Premier League,Manchester United FC,Fulham FC,1,2
2024-02-24,Premier League,AFC Bournemouth,Manchester City FC,0,1
2024-02-24,Premier League,Arsenal FC,Newcastle United FC,4,1
2024-02-25,Premier League,Wolverhampton Wanderers FC,Sheffield United FC,1,0
2024-02-26,Premier League,West Ham United FC,Brentford FC,4,2
2024-03-02,Premier League,Brentford FC,Chelsea FC,2,2
2024-03-02,Premier League,Everton FC,West Ham United FC,1,3
2024-03-02,Premier League,Fulham FC,Brighton & Hove Albion FC,3,0
2024-03-02,Premier League,Newcastle United FC,Wolverhampton Wanderers FC,3,0
2024-03-02,Premier League,Nottingham Forest FC,Liverpool FC,0,1
2024-03-02,Premier League,Tottenham Hotspur FC,Crystal Palace FC,3,1
2024-03-02,Premier League,Luton Town FC,Aston Villa FC,2,3
2024-03-03,Premier League,Burnley FC,AFC Bournemouth,0,2
2024-03-03,Premier League,Manchester City FC,Manchester United FC,3,1
2024-03-04,Premier League,Sheffield United FC,Arsenal FC,0,6
2024-03-09,Premier League,Manchester United FC,Everton FC,2,0
2024-03-09,Premier League,AFC Bournemouth,Sheffield United FC,2,2
2024-03-09,Premier League,Crystal Palace FC,Luton Town FC,1,1
2024-03-09,Premier League,Wolverhampton Wanderers FC,Fulham FC,2,1
2024-03-09,Premier League,Arsenal FC,Brentford FC,2,1
2024-03-10,Premier League,Aston Villa FC,Tottenham Hotspur FC,0,4
2024-03-10,Premier League,Brighton & Hove Albion FC,Nottingham Forest FC,1,0
2024-03-10,Premier League,West Ham United FC,Burnley FC,2,2
2024-03-10,Premier League,Liverpool FC,Manchester City FC,1,1
2024-03-11,Premier League,Chelsea FC,Newcastle United FC,3,2
2024-03-13,Premier League,AFC Bournemouth,Luton Town FC,4,3
2024-03-16,Premier League,Burnley FC,Brentford FC,2,1
2024-03-16,Premier League,Luton Town FC,Nottingham Forest FC,1,1
2024-03-16,Premier League,Fulham FC,Tottenham Hotspur FC,3,0
2024-03-17,Premier League,West Ham United FC,Aston Villa FC,1,1
2024-03-30,Premier League,Newcastle United FC,West Ham United FC,4,3
2024-03-30,Premier League,AFC Bournemouth,Everton FC,2,1
2024-03-30,Premier League,Chelsea FC,Burnley FC,2,2
2024-03-30,Premier League,Nottingham Forest FC,Crystal Palace FC,1,1
2024-03-30,Premier League,Sheffield United FC,Fulham FC,3,3
2024-03-30,Premier League,Tottenham Hotspur FC,Luton Town FC,2,1
2024-03-30,Premier League,Aston Villa FC,Wolverhampton Wanderers FC,2,0
2024-03-30,Premier League,Brentford FC,Manchester United FC,1,1
2024-03-31,Premier League,Liverpool FC,Brighton & Hove Albion FC,2,1
2024-03-31,Premier League,Manchester City FC,Arsenal FC,0,0
2024-04-02,Premier League,Nottingham Forest FC,Fulham FC,3,1
2024-04-02,Premier League,Newcastle United FC,Everton FC,1,1
2024-04-02,Premier League,AFC Bournemouth,Crystal Palace FC,1,0
2024-04-02,Premier League,Burnley FC,Wolverhampton Wanderers FC,1,1
2024-04-02,Premier League,West Ham United FC,Tottenham Hotspur FC,1,1
2024-04-03,Premier League,Arsenal FC,Luton Town FC,2,0
2024-04-03,Premier League,Brentford FC,Brighton & Hove Albion FC,0,0
2024-04-03,Premier League,Manchester City FC,Aston Villa FC,4,1
2024-04-04,Premier League,Liverpool FC,Sheffield United FC,3,1
2024-04-04,Premier League,Chelsea FC,Manchester United FC,4,3
2024-04-06,Premier League,Crystal Palace FC,Manchester City FC,2,4
2024-04-06,Premier League,Aston Villa FC,Brentford FC,3,3
2024-04-06,Premier League,Everton FC,Burnley FC,1,0
2024-04-06,Premier League,Fulham FC,Newcastle United FC,0,1
2024-04-06,Premier League,Luton Town FC,AFC Bournemouth,2,1
2024-04-06,Premier League,Wolverhampton Wanderers FC,West Ham United FC,1,2
2024-04-06,Premier League,Brighton & Hove Albion FC,Arsenal FC,0,3
2024-04-07,Premier League,Manchester United FC,Liverpool FC,2,2
2024-04-07,Premier League,Sheffield United FC,Chelsea FC,2,2
2024-04-07,Premier League,Tottenham Hotspur FC,Nottingham Forest FC,3,1
2024-04-13,Premier League,Newcastle United FC,Tottenham Hotspur FC,4,0
2024-04-13,Premier League,Brentford FC,Sheffield United FC,2,0
2024-04-13,Premier League,Burnley FC,Brighton & Hove Albion FC,1,1
2024-04-13,Premier League,Manchester City FC,Luton Town FC,5,1
2024-04-13,Premier League,Nottingham Forest FC,Wolverhampton Wanderers FC,2,2
2024-04-13,Premier League,AFC Bournemouth,Manchester United FC,2,2
2024-04-14,Premier League,Liverpool FC,Crystal Palace FC,0,1
2024-04-14,Premier League,West Ham United FC,Fulham FC,0,2
2024-04-14,Premier League,Arsenal FC,Aston Villa FC,0,2
2024-04-15,Premier League,Chelsea FC,Everton FC,6,0
2024-04-20,Premier League,Luton Town FC,Brentford FC,1,5
2024-04-20,Premier League,Sheffield United FC,Burnley FC,1,4
2024-04-20,Premier League,Wolverhampton Wanderers FC,Arsenal FC,0,2
2024-04-21,Premier League,Everton FC,Nottingham Forest FC,2,0
2024-04-21,Premier League,Aston Villa FC,AFC Bournemouth,3,1
2024-04-21,Premier League,Crystal Palace FC,West Ham United FC,5,2
2024-04-21,Premier League,Fulham FC,Liverpool FC,1,3
2024-04-23,Premier League,Arsenal FC,Chelsea FC,5,0
2024-04-24,Premier League,Wolverhampton Wanderers FC,AFC Bournemouth,0,1
2024-04-24,Premier League,Crystal Palace FC,Newcastle United FC,2,0
2024-04-24,Premier League,Everton FC,Liverpool FC,2,0
2024-04-24,Premier League,Manchester United FC,Sheffield United FC,4,2
2024-04-25,Premier League,Brighton & Hove Albion FC,Manchester City FC,0,4
2024-04-27,Premier League,West Ham United FC,Liverpool FC,2,2
2024-04-27,Premier League,Fulham FC,Crystal Palace FC,1,1
2024-04-27,Premier League,Manchester United FC,Burnley FC,1,1
2024-04-27,Premier League,Newcastle United FC,Sheffield United FC,5,1
2024-04-27,Premier League,Wolverhampton Wanderers FC,Luton Town FC,2,1
2024-04-27,Premier League,Everton FC,Brentford FC,1,0
2024-04-27,Premier League,Aston Villa FC,Chelsea FC,2,2
2024-04-28,Premier League,AFC Bournemouth,Brighton & Hove Albion FC,3,0
2024-04-28,Premier League,Tottenham Hotspur FC,Arsenal FC,2,3
2024-04-28,Premier League,Nottingham Forest FC,Manchester City FC,0,2
2024-05-02,Premier League,Chelsea FC,Tottenham Hotspur FC,2,0
2024-05-03,Premier League,Luton Town FC,Everton FC,1,1
2024-05-04,Premier League,Arsenal FC,AFC Bournemouth,3,0
2024-05-04,Premier League,Brentford FC,Fulham FC,0,0
2024-05-04,Premier League,Burnley FC,Newcastle United FC,1,4
2024-05-04,Premier League,Sheffield United FC,Nottingham Forest FC,1,3
2024-05-04,Premier League,Manchester City FC,Wolverhampton Wanderers FC,5,1
2024-05-05,Premier League,Brighton & Hove Albion FC,Aston Villa FC,1,0
2024-05-05,Premier League,Chelsea FC,West Ham United FC,5,0
2024-05-05,Premier League,Liverpool FC,Tottenham Hotspur FC,4,2
2024-05-06,Premier League,Crystal Palace FC,Manchester United FC,4,0
2024-05-11,Premier League,Fulham FC,Manchester City FC,0,4
2024-05-11,Premier League,AFC Bournemouth,Brentford FC,1,2
2024-05-11,Premier League,Everton FC,Sheffield United FC,1,0
2024-05-11,Premier League,Newcastle United FC,Brighton & Hove Albion FC,1,1
2024-05-11,Premier League,Tottenham Hotspur FC,Burnley FC,2,1
2024-05-11,Premier League,West Ham United FC,Luton Town FC,3,1
2024-05-11,Premier League,Wolverhampton Wanderers FC,Crystal Palace FC,1,3
2024-05-11,Premier League,Nottingham Forest FC,Chelsea FC,2,3
2024-05-12,Premier League,Manchester United FC,Arsenal FC,0,1
2024-05-13,Premier League,Aston Villa FC,Liverpool FC,3,3
2024-05-14,Premier League,Tottenham Hotspur FC,Manchester City FC,0,2
2024-05-15,Premier League,Brighton & Hove Albion FC,Chelsea FC,1,2
2024-05-15,Premier League,Manchester United FC,Newcastle United FC,3,2
2024-05-19,Premier League,Arsenal FC,Everton FC,2,1
2024-05-19,Premier League,Brentford FC,Newcastle United FC,2,4
2024-05-19,Premier League,Brighton & Hove Albion FC,Manchester United FC,0,2
2024-05-19,Premier League,Burnley FC,Nottingham Forest FC,1,2
2024-05-19,Premier League,Chelsea FC,AFC Bournemouth,2,1
2024-05-19,Premier League,Crystal Palace FC,Aston Villa FC,5,0
2024-05-19,Premier League,Liverpool FC,Wolverhampton Wanderers FC,2,0
2024-05-19,Premier League,Luton Town FC,Fulham FC,2,4
2024-05-19,Premier League,Manchester City FC,West Ham United FC,3,1
2024-05-19,Premier League,Sheffield United FC,Tottenham Hotspur FC,0,3
2023-08-18,Bundesliga,SV Werder Bremen,FC Bayern München,0,4
2023-08-19,Bundesliga,Bayer 04 Leverkusen,RB Leipzig,3,2
2023-08-19,Bundesliga,VfL Wolfsburg,1. FC Heidenheim 1846,2,0
2023-08-19,Bundesliga,TSG 1899 Hoffenheim,SC Freiburg,1,2
2023-08-19,Bundesliga,FC Augsburg,Borussia Mönchengladbach,4,4
2023-08-19,Bundesliga,VfB Stuttgart,VfL Bochum 1848,5,0
2023-08-19,Bundesliga,Borussia Dortmund,1. FC Köln,1,0
2023-08-20,Bundesliga,1. FC Union Berlin,1. FSV Mainz 05,4,1
2023-08-20,Bundesliga,Eintracht Frankfurt,SV Darmstadt 98,1,0
2023-08-25,Bundesliga,RB Leipzig,VfB Stuttgart,5,1
2023-08-26,Bundesliga,SC Freiburg,SV Werder Bremen,1,0
2023-08-26,Bundesliga,1. FC Köln,VfL Wolfsburg,1,2
2023-08-26,Bundesliga,VfL Bochum 1848,Borussia Dortmund,1,1
2023-08-26,Bundesliga,1. FC Heidenheim 1846,TSG 1899 Hoffenheim,2,3
2023-08-26,Bundesliga,SV Darmstadt 98,1. FC Union Berlin,1,4
2023-08-26,Bundesliga,Borussia Mönchengladbach,Bayer 04 Leverkusen,0,3
2023-08-27,Bundesliga,1. FSV Mainz 05,Eintracht Frankfurt,1,1
2023-08-27,Bundesliga,FC Bayern München,FC Augsburg,3,1
2023-09-01,Bundesliga,Borussia Dortmund,1. FC Heidenheim 1846,2,2
2023-09-02,Bundesliga,Bayer 04 Leverkusen,SV Darmstadt 98,5,1
2023-09-02,Bundesliga,TSG 1899 Hoffenheim,VfL Wolfsburg,3,1
2023-09-02,Bundesliga,SV Werder Bremen,1. FSV Mainz 05,4,0
2023-09-02,Bundesliga,FC Augsburg,VfL Bochum 1848,2,2
2023-09-02,Bundesliga,VfB Stuttgart,SC Freiburg,5,0
2023-09-02,Bundesliga,Borussia Mönchengladbach,FC Bayern München,1,2
2023-09-03,Bundesliga,Eintracht Frankfurt,1. FC Köln,1,1
2023-09-03,Bundesliga,1. FC Union Berlin,RB Leipzig,0,3
2023-09-15,Bundesliga,FC Bayern München,Bayer 04 Leverkusen,2,2
2023-09-16,Bundesliga,RB Leipzig,FC Augsburg,3,0
2023-09-16,Bundesliga,SC Freiburg,Borussia Dortmund,2,4
2023-09-16,Bundesliga,VfL Wolfsburg,1. FC Union Berlin,2,1
2023-09-16,Bundesliga,1. FSV Mainz 05,VfB Stuttgart,1,3
2023-09-16,Bundesliga,1. FC Köln,TSG 1899 Hoffenheim,1,3
2023-09-16,Bundesliga,VfL Bochum 1848,Eintracht Frankfurt,1,1
2023-09-17,Bundesliga,1. FC Heidenheim 1846,SV Werder Bremen,4,2
2023-09-17,Bundesliga,SV Darmstadt 98,Borussia Mönchengladbach,3,3
2023-09-22,Bundesliga,VfB Stuttgart,SV Darmstadt 98,3,1
2023-09-23,Bundesliga,FC Bayern München,VfL Bochum 1848,7,0
2023-09-23,Bundesliga,Borussia Dortmund,VfL Wolfsburg,1,0
2023-09-23,Bundesliga,1. FC Union Berlin,TSG 1899 Hoffenheim,0,2
2023-09-23,Bundesliga,Borussia Mönchengladbach,RB Leipzig,0,1
2023-09-23,Bundesliga,FC Augsburg,1. FSV Mainz 05,2,1
2023-09-23,Bundesliga,SV Werder Bremen,1. FC Köln,2,1
2023-09-24,Bundesliga,Bayer 04 Leverkusen,1. FC Heidenheim 1846,4,1
2023-09-24,Bundesliga,Eintracht Frankfurt,SC Freiburg,0,0
2023-09-29,Bundesliga,TSG 1899 Hoffenheim,Borussia Dortmund,1,3
2023-09-30,Bundesliga,VfL Wolfsburg,Eintracht Frankfurt,2,0
2023-09-30,Bundesliga,1. FSV Mainz 05,Bayer 04 Leverkusen,0,3
2023-09-30,Bundesliga,1. FC Köln,VfB Stuttgart,0,2
2023-09-30,Bundesliga,VfL Bochum 1848,Borussia Mönchengladbach,1,3
2023-09-30,Bundesliga,1. FC Heidenheim 1846,1. FC Union Berlin,1,0
2023-09-30,Bundesliga,RB Leipzig,FC Bayern München,2,2
2023-10-01,Bundesliga,SV Darmstadt 98,SV Werder Bremen,4,2
2023-10-01,Bundesliga,SC Freiburg,FC Augsburg,2,0
2023-10-06,Bundesliga,Borussia Mönchengladbach,1. FSV Mainz 05,2,2
2023-10-07,Bundesliga,Borussia Dortmund,1. FC Union Berlin,4,2
2023-10-07,Bundesliga,RB Leipzig,VfL Bochum 1848,0,0
2023-10-07,Bundesliga,FC Augsburg,SV Darmstadt 98,1,2
2023-10-07,Bundesliga,VfB Stuttgart,VfL Wolfsburg,3,1
2023-10-07,Bundesliga,SV Werder Bremen,TSG 1899 Hoffenheim,2,3
2023-10-08,Bundesliga,Bayer 04 Leverkusen,1. FC Köln,3,0
2023-10-08,Bundesliga,FC Bayern München,SC Freiburg,3,0
2023-10-08,Bundesliga,Eintracht Frankfurt,1. FC Heidenheim 1846,2,0
2023-10-20,Bundesliga,Borussia Dortmund,SV Werder Bremen,1,0
2023-10-21,Bundesliga,TSG 1899 Hoffenheim,Eintracht Frankfurt,1,3
2023-10-21,Bundesliga,SV Darmstadt 98,RB Leipzig,1,3
2023-10-21,Bundesliga,1. FC Union Berlin,VfB Stuttgart,0,3
2023-10-21,Bundesliga,SC Freiburg,VfL Bochum 1848,2,1
2023-10-21,Bundesliga,VfL Wolfsburg,Bayer 04 Leverkusen,1,2
2023-10-21,Bundesliga,1. FSV Mainz 05,FC Bayern München,1,3
2023-10-22,Bundesliga,1. FC Köln,Borussia Mönchengladbach,3,1
2023-10-22,Bundesliga,1. FC Heidenheim 1846,FC Augsburg,2,5
2023-10-27,Bundesliga,VfL Bochum 1848,1. FSV Mainz 05,2,2
2023-10-28,Bundesliga,FC Bayern München,SV Darmstadt 98,8,0
2023-10-28,Bundesliga,Borussia Mönchengladbach,1. FC Heidenheim 1846,2,1
2023-10-28,Bundesliga,SV Werder Bremen,1. FC Union Berlin,2,0
2023-10-28,Bundesliga,FC Augsburg,VfL Wolfsburg,3,2
2023-10-28,Bundesliga,VfB Stuttgart,TSG 1899 Hoffenheim,2,3
2023-10-28,Bundesliga,RB Leipzig,1. FC Köln,6,0
2023-10-29,Bundesliga,Eintracht Frankfurt,Borussia Dortmund,3,3
2023-10-29,Bundesliga,Bayer 04 Leverkusen,SC Freiburg,2,1
2023-11-03,Bundesliga,SV Darmstadt 98,VfL Bochum 1848,1,2
2023-11-04,Bundesliga,1. FC Union Berlin,Eintracht Frankfurt,0,3
2023-11-04,Bundesliga,SC Freiburg,Borussia Mönchengladbach,3,3
2023-11-04,Bundesliga,1. FSV Mainz 05,RB Leipzig,2,0
2023-11-04,Bundesliga,1. FC Köln,FC Augsburg,1,1
2023-11-04,Bundesliga,TSG 1899 Hoffenheim,Bayer 04 Leverkusen,2,3
2023-11-04,Bundesliga,Borussia Dortmund,FC Bayern München,0,4
2023-11-05,Bundesliga,VfL Wolfsburg,SV Werder Bremen,2,2
2023-11-05,Bundesliga,1. FC Heidenheim 1846,VfB Stuttgart,2,0
2023-11-10,Bundesliga,Borussia Mönchengladbach,VfL Wolfsburg,4,0
2023-11-11,Bundesliga,FC Bayern München,1. FC Heidenheim 1846,4,2
2023-11-11,Bundesliga,FC Augsburg,TSG 1899 Hoffenheim,1,1
2023-11-11,Bundesliga,VfB Stuttgart,Borussia Dortmund,2,1
2023-11-11,Bundesliga,SV Darmstadt 98,1. FSV Mainz 05,0,0
2023-11-11,Bundesliga,VfL Bochum 1848,1. FC Köln,1,1
2023-11-12,Bundesliga,Bayer 04 Leverkusen,1. FC Union Berlin,4,0
2023-11-12,Bundesliga,SV Werder Bremen,Eintracht Frankfurt,2,2
2023-11-12,Bundesliga,RB Leipzig,SC Freiburg,3,1
2023-11-24,Bundesliga,1. FC Köln,FC Bayern München,0,1
2023-11-25,Bundesliga,Borussia Dortmund,Borussia Mönchengladbach,4,2
2023-11-25,Bundesliga,1. FC Union Berlin,FC Augsburg,1,1
2023-11-25,Bundesliga,SC Freiburg,SV Darmstadt 98,1,1
2023-11-25,Bundesliga,VfL Wolfsburg,RB Leipzig,2,1
2023-11-25,Bundesliga,SV Werder Bremen,Bayer 04 Leverkusen,0,3
2023-11-25,Bundesliga,Eintracht Frankfurt,VfB Stuttgart,1,2
2023-11-26,Bundesliga,1. FC Heidenheim 1846,VfL Bochum 1848,0,0
2023-11-26,Bundesliga,TSG 1899 Hoffenheim,1. FSV Mainz 05,1,1
2023-12-01,Bundesliga,SV Darmstadt 98,1. FC Köln,0,1
2023-12-02,Bundesliga,RB Leipzig,1. FC Heidenheim 1846,2,1
2023-12-02,Bundesliga,Borussia Mönchengladbach,TSG 1899 Hoffenheim,2,1
2023-12-02,Bundesliga,VfL Bochum 1848,VfL Wolfsburg,3,1
2023-12-02,Bundesliga,VfB Stuttgart,SV Werder Bremen,2,0
2023-12-03,Bundesliga,1. FSV Mainz 05,SC Freiburg,0,1
2023-12-03,Bundesliga,Bayer 04 Leverkusen,Borussia Dortmund,1,1
2023-12-03,Bundesliga,FC Augsburg,Eintracht Frankfurt,2,1
2023-12-08,Bundesliga,TSG 1899 Hoffenheim,VfL Bochum 1848,3,1
2023-12-09,Bundesliga,1. FC Union Berlin,Borussia Mönchengladbach,3,1
2023-12-09,Bundesliga,Eintracht Frankfurt,FC Bayern München,5,1
2023-12-09,Bundesliga,VfL Wolfsburg,SC Freiburg,0,1
2023-12-09,Bundesliga,SV Werder Bremen,FC Augsburg,2,0
2023-12-09,Bundesliga,1. FC Heidenheim 1846,SV Darmstadt 98,3,2
2023-12-09,Bundesliga,Borussia Dortmund,RB Leipzig,2,3
2023-12-10,Bundesliga,VfB Stuttgart,Bayer 04 Leverkusen,1,1
2023-12-10,Bundesliga,1. FC Köln,1. FSV Mainz 05,0,0
2023-12-15,Bundesliga,Borussia Mönchengladbach,SV Werder Bremen,2,2
2023-12-16,Bundesliga,1. FSV Mainz 05,1. FC Heidenheim 1846,0,1
2023-12-16,Bundesliga,VfL Bochum 1848,1. FC Union Berlin,3,0
2023-12-16,Bundesliga,FC Augsburg,Borussia Dortmund,1,1
2023-12-16,Bundesliga,SV Darmstadt 98,VfL Wolfsburg,0,1
2023-12-16,Bundesliga,RB Leipzig,TSG 1899 Hoffenheim,3,1
2023-12-17,Bundesliga,SC Freiburg,1. FC Köln,2,0
2023-12-17,Bundesliga,Bayer 04 Leverkusen,Eintracht Frankfurt,3,0
2023-12-17,Bundesliga,FC Bayern München,VfB Stuttgart,3,0
2023-12-19,Bundesliga,SV Werder Bremen,RB Leipzig,1,1
2023-12-19,Bundesliga,Borussia Dortmund,1. FSV Mainz 05,1,1
2023-12-19,Bundesliga,TSG 1899 Hoffenheim,SV Darmstadt 98,3,3
2023-12-20,Bundesliga,1. FC Union Berlin,1. FC Köln,2,0
2023-12-20,Bundesliga,Bayer 04 Leverkusen,VfL Bochum 1848,4,0
2023-12-20,Bundesliga,Eintracht Frankfurt,Borussia Mönchengladbach,2,1
2023-12-20,Bundesliga,VfL Wolfsburg,FC Bayern München,1,2
2023-12-20,Bundesliga,VfB Stuttgart,FC Augsburg,3,0
2023-12-20,Bundesliga,1. FC Heidenheim 1846,SC Freiburg,3,2
2024-01-12,Bundesliga,FC Bayern München,TSG 1899 Hoffenheim,3,0
2024-01-13,Bundesliga,RB Leipzig,Eintracht Frankfurt,0,1
2024-01-13,Bundesliga,SC Freiburg,1. FC Union Berlin,0,0
2024-01-13,Bundesliga,1. FSV Mainz 05,VfL Wolfsburg,1,1
2024-01-13,Bundesliga,1. FC Köln,1. FC Heidenheim 1846,1,1
2024-01-13,Bundesliga,FC Augsburg,Bayer 04 Leverkusen,0,1
2024-01-13,Bundesliga,SV Darmstadt 98,Borussia Dortmund,0,3
2024-01-14,Bundesliga,VfL Bochum 1848,SV Werder Bremen,1,1
2024-01-14,Bundesliga,Borussia Mönchengladbach,VfB Stuttgart,3,1
2024-01-20,Bundesliga,1. FC Köln,Borussia Dortmund,0,4
2024-01-20,Bundesliga,SV Darmstadt 98,Eintracht Frankfurt,2,2
2024-01-20,Bundesliga,1. FC Heidenheim 1846,VfL Wolfsburg,1,1
2024-01-20,Bundesliga,SC Freiburg,TSG 1899 Hoffenheim,3,2
2024-01-20,Bundesliga,VfL Bochum 1848,VfB Stuttgart,1,0
2024-01-20,Bundesliga,RB Leipzig,Bayer 04 Leverkusen,2,3
2024-01-21,Bundesliga,FC Bayern München,SV Werder Bremen,0,1
2024-01-21,Bundesliga,Borussia Mönchengladbach,FC Augsburg,1,2
2024-01-24,Bundesliga,FC Bayern München,1. FC Union Berlin,1,0
2024-01-26,Bundesliga,Eintracht Frankfurt,1. FSV Mainz 05,1,0
2024-01-27,Bundesliga,FC Augsburg,FC Bayern München,2,3
2024-01-27,Bundesliga,VfB Stuttgart,RB Leipzig,5,2
2024-01-27,Bundesliga,SV Werder Bremen,SC Freiburg,3,1
2024-01-27,Bundesliga,VfL Wolfsburg,1. FC Köln,1,1
2024-01-27,Bundesliga,TSG 1899 Hoffenheim,1. FC Heidenheim 1846,1,1
2024-01-27,Bundesliga,Bayer 04 Leverkusen,Borussia Mönchengladbach,0,0
2024-01-28,Bundesliga,1. FC Union Berlin,SV Darmstadt 98,1,0
2024-01-28,Bundesliga,Borussia Dortmund,VfL Bochum 1848,3,1
2024-02-02,Bundesliga,1. FC Heidenheim 1846,Borussia Dortmund,0,0
2024-02-03,Bundesliga,SV Darmstadt 98,Bayer 04 Leverkusen,0,2
2024-02-03,Bundesliga,FC Bayern München,Borussia Mönchengladbach,3,1
2024-02-03,Bundesliga,1. FSV Mainz 05,SV Werder Bremen,0,1
2024-02-03,Bundesliga,VfL Bochum 1848,FC Augsburg,1,1
2024-02-03,Bundesliga,SC Freiburg,VfB Stuttgart,1,3
2024-02-03,Bundesliga,1. FC Köln,Eintracht Frankfurt,2,0
2024-02-04,Bundesliga,VfL Wolfsburg,TSG 1899 Hoffenheim,2,2
2024-02-04,Bundesliga,RB Leipzig,1. FC Union Berlin,2,0
2024-02-07,Bundesliga,1. FSV Mainz 05,1. FC Union Berlin,1,1
2024-02-09,Bundesliga,Borussia Dortmund,SC Freiburg,3,0
2024-02-10,Bundesliga,FC Augsburg,RB Leipzig,2,2
2024-02-10,Bundesliga,1. FC Union Berlin,VfL Wolfsburg,1,0
2024-02-10,Bundesliga,Eintracht Frankfurt,VfL Bochum 1848,1,1
2024-02-10,Bundesliga,SV Werder Bremen,1. FC Heidenheim 1846,1,2
2024-02-10,Bundesliga,Borussia Mönchengladbach,SV Darmstadt 98,0,0
2024-02-10,Bundesliga,Bayer 04 Leverkusen,FC Bayern München,3,0
2024-02-11,Bundesliga,VfB Stuttgart,1. FSV Mainz 05,3,1
2024-02-11,Bundesliga,TSG 1899 Hoffenheim,1. FC Köln,1,1
2024-02-16,Bundesliga,1. FC Köln,SV Werder Bremen,0,1
2024-02-17,Bundesliga,VfL Wolfsburg,Borussia Dortmund,1,1
2024-02-17,Bundesliga,TSG 1899 Hoffenheim,1. FC Union Berlin,0,1
2024-02-17,Bundesliga,1. FC Heidenheim 1846,Bayer 04 Leverkusen,1,2
2024-02-17,Bundesliga,1. FSV Mainz 05,FC Augsburg,1,0
2024-02-17,Bundesliga,SV Darmstadt 98,VfB Stuttgart,1,2
2024-02-17,Bundesliga,RB Leipzig,Borussia Mönchengladbach,2,0
2024-02-18,Bundesliga,SC Freiburg,Eintracht Frankfurt,3,3
2024-02-18,Bundesliga,VfL Bochum 1848,FC Bayern München,3,2
2024-02-23,Bundesliga,Bayer 04 Leverkusen,1. FSV Mainz 05,2,1
2024-02-24,Bundesliga,VfB Stuttgart,1. FC Köln,1,1
2024-02-24,Bundesliga,1. FC Union Berlin,1. FC Heidenheim 1846,2,2
2024-02-24,Bundesliga,SV Werder Bremen,SV Darmstadt 98,1,1
2024-02-24,Bundesliga,Borussia Mönchengladbach,VfL Bochum 1848,5,2
2024-02-24,Bundesliga,FC Bayern München,RB Leipzig,2,1
2024-02-25,Bundesliga,Eintracht Frankfurt,VfL Wolfsburg,2,2
2024-02-25,Bundesliga,Borussia Dortmund,TSG 1899 Hoffenheim,2,3
2024-02-25,Bundesliga,FC Augsburg,SC Freiburg,2,1
2024-03-01,Bundesliga,SC Freiburg,FC Bayern München,2,2
2024-03-02,Bundesliga,1. FC Union Berlin,Borussia Dortmund,0,2
2024-03-02,Bundesliga,VfL Bochum 1848,RB Leipzig,1,4
2024-03-02,Bundesliga,1. FC Heidenheim 1846,Eintracht Frankfurt,1,2
2024-03-02,Bundesliga,1. FSV Mainz 05,Borussia Mönchengladbach,1,1
2024-03-02,Bundesliga,SV Darmstadt 98,FC Augsburg,0,6
2024-03-02,Bundesliga,VfL Wolfsburg,VfB Stuttgart,2,3
2024-03-03,Bundesliga,1. FC Köln,Bayer 04 Leverkusen,0,2
2024-03-03,Bundesliga,TSG 1899 Hoffenheim,SV Werder Bremen,2,1
2024-03-08,Bundesliga,VfB Stuttgart,1. FC Union Berlin,2,0
2024-03-09,Bundesliga,FC Bayern München,1. FSV Mainz 05,8,1
2024-03-09,Bundesliga,Borussia Mönchengladbach,1. FC Köln,3,3
2024-03-09,Bundesliga,FC Augsburg,1. FC Heidenheim 1846,1,0
2024-03-09,Bundesliga,RB Leipzig,SV Darmstadt 98,2,0
2024-03-09,Bundesliga,SV Werder Bremen,Borussia Dortmund,1,2
2024-03-10,Bundesliga,VfL Bochum 1848,SC Freiburg,1,2
2024-03-10,Bundesliga,Eintracht Frankfurt,TSG 1899 Hoffenheim,3,1
2024-03-10,Bundesliga,Bayer 04 Leverkusen,VfL Wolfsburg,2,0
2024-03-15,Bundesliga,1. FC Köln,RB Leipzig,1,5
2024-03-16,Bundesliga,SV Darmstadt 98,FC Bayern München,2,5
2024-03-16,Bundesliga,1. FC Heidenheim 1846,Borussia Mönchengladbach,1,1
2024-03-16,Bundesliga,1. FC Union Berlin,SV Werder Bremen,2,1
2024-03-16,Bundesliga,1. FSV Mainz 05,VfL Bochum 1848,2,0
2024-03-16,Bundesliga,VfL Wolfsburg,FC Augsburg,1,3
2024-03-16,Bundesliga,TSG 1899 Hoffenheim,VfB Stuttgart,0,3
2024-03-17,Bundesliga,SC Freiburg,Bayer 04 Leverkusen,2,3
2024-03-17,Bundesliga,Borussia Dortmund,Eintracht Frankfurt,3,1
2024-03-30,Bundesliga,Eintracht Frankfurt,1. FC Union Berlin,0,0
2024-03-30,Bundesliga,Borussia Mönchengladbach,SC Freiburg,0,3
2024-03-30,Bundesliga,SV Werder Bremen,VfL Wolfsburg,0,2
2024-03-30,Bundesliga,RB Leipzig,1. FSV Mainz 05,0,0
2024-03-30,Bundesliga,Bayer 04 Leverkusen,TSG 1899 Hoffenheim,2,1
2024-03-30,Bundesliga,FC Bayern München,Borussia Dortmund,0,2
2024-03-31,Bundesliga,FC Augsburg,1. FC Köln,1,1
2024-03-31,Bundesliga,VfB Stuttgart,1. FC Heidenheim 1846,3,3
2024-03-31,Bundesliga,VfL Bochum 1848,SV Darmstadt 98,2,2
2024-04-05,Bundesliga,Eintracht Frankfurt,SV Werder Bremen,1,1
2024-04-06,Bundesliga,1. FC Heidenheim 1846,FC Bayern München,3,2
2024-04-06,Bundesliga,SC Freiburg,RB Leipzig,1,4
2024-04-06,Bundesliga,1. FC Union Berlin,Bayer 04 Leverkusen,0,1
2024-04-06,Bundesliga,1. FC Köln,VfL Bochum 1848,2,1
2024-04-06,Bundesliga,1. FSV Mainz 05,SV Darmstadt 98,4,0
2024-04-06,Bundesliga,Borussia Dortmund,VfB Stuttgart,0,1
2024-04-07,Bundesliga,TSG 1899 Hoffenheim,FC Augsburg,3,1
2024-04-07,Bundesliga,VfL Wolfsburg,Borussia Mönchengladbach,1,3
2024-04-12,Bundesliga,FC Augsburg,1. FC Union Berlin,2,0
2024-04-13,Bundesliga,Borussia Mönchengladbach,Borussia Dortmund,1,2
2024-04-13,Bundesliga,RB Leipzig,VfL Wolfsburg,3,0
2024-04-13,Bundesliga,FC Bayern München,1. FC Köln,2,0
2024-04-13,Bundesliga,1. FSV Mainz 05,TSG 1899 Hoffenheim,4,1
2024-04-13,Bundesliga,VfL Bochum 1848,1. FC Heidenheim 1846,1,1
2024-04-13,Bundesliga,VfB Stuttgart,Eintracht Frankfurt,3,0
2024-04-14,Bundesliga,SV Darmstadt 98,SC Freiburg,0,1
2024-04-14,Bundesliga,Bayer 04 Leverkusen,SV Werder Bremen,5,0
2024-04-19,Bundesliga,Eintracht Frankfurt,FC Augsburg,3,1
2024-04-20,Bundesliga,1. FC Heidenheim 1846,RB Leipzig,1,2
2024-04-20,Bundesliga,TSG 1899 Hoffenheim,Borussia Mönchengladbach,4,3
2024-04-20,Bundesliga,VfL Wolfsburg,VfL Bochum 1848,1,0
2024-04-20,Bundesliga,1. FC Köln,SV Darmstadt 98,0,2
2024-04-20,Bundesliga,1. FC Union Berlin,FC Bayern München,1,5
2024-04-21,Bundesliga,SV Werder Bremen,VfB Stuttgart,2,1
2024-04-21,Bundesliga,Borussia Dortmund,Bayer 04 Leverkusen,1,1
2024-04-21,Bundesliga,SC Freiburg,1. FSV Mainz 05,1,1
2024-04-26,Bundesliga,VfL Bochum 1848,TSG 1899 Hoffenheim,3,2
2024-04-27,Bundesliga,RB Leipzig,Borussia Dortmund,4,1
2024-04-27,Bundesliga,FC Bayern München,Eintracht Frankfurt,2,1
2024-04-27,Bundesliga,SC Freiburg,VfL Wolfsburg,1,2
2024-04-27,Bundesliga,FC Augsburg,SV Werder Bremen,0,3
2024-04-27,Bundesliga,Bayer 04 Leverkusen,VfB Stuttgart,2,2
2024-04-28,Bundesliga,Borussia Mönchengladbach,1. FC Union Berlin,0,0
2024-04-28,Bundesliga,1. FSV Mainz 05,1. FC Köln,1,1
2024-04-28,Bundesliga,SV Darmstadt 98,1. FC Heidenheim 1846,0,1
2024-05-03,Bundesliga,TSG 1899 Hoffenheim,RB Leipzig,1,1
2024-05-04,Bundesliga,VfB Stuttgart,FC Bayern München,3,1
2024-05-04,Bundesliga,SV Werder Bremen,Borussia Mönchengladbach,2,2
2024-05-04,Bundesliga,Borussia Dortmund,FC Augsburg,5,1
2024-05-04,Bundesliga,VfL Wolfsburg,SV Darmstadt 98,3,0
2024-05-04,Bundesliga,1. FC Köln,SC Freiburg,0,0
2024-05-05,Bundesliga,1. FC Union Berlin,VfL Bochum 1848,3,4
2024-05-05,Bundesliga,Eintracht Frankfurt,Bayer 04 Leverkusen,1,5
2024-05-05,Bundesliga,1. FC Heidenheim 1846,1. FSV Mainz 05,1,1
2024-05-10,Bundesliga,FC Augsburg,VfB Stuttgart,0,1
2024-05-11,Bundesliga,1. FC Köln,1. FC Union Berlin,3,2
2024-05-11,Bundesliga,Borussia Mönchengladbach,Eintracht Frankfurt,1,1
2024-05-11,Bundesliga,RB Leipzig,SV Werder Bremen,1,1
2024-05-11,Bundesliga,SC Freiburg,1. FC Heidenheim 1846,1,1
2024-05-11,Bundesliga,1. FSV Mainz 05,Borussia Dortmund,3,0
2024-05-12,Bundesliga,SV Darmstadt 98,TSG 1899 Hoffenheim,0,6
2024-05-12,Bundesliga,FC Bayern München,VfL Wolfsburg,2,0
2024-05-12,Bundesliga,VfL Bochum 1848,Bayer 04 Leverkusen,0,5
2024-05-18,Bundesliga,TSG 1899 Hoffenheim,FC Bayern München,4,2
2024-05-18,Bundesliga,Eintracht Frankfurt,RB Leipzig,2,2
2024-05-18,Bundesliga,1. FC Union Berlin,SC Freiburg,2,1
2024-05-18,Bundesliga,VfL Wolfsburg,1. FSV Mainz 05,1,3
2024-05-18,Bundesliga,VfB Stuttgart,Borussia Mönchengladbach,4,0
2024-05-18,Bundesliga,1. FC Heidenheim 1846,1. FC Köln,4,1
2024-05-18,Bundesliga,SV Werder Bremen,VfL Bochum 1848,4,1
2024-05-18,Bundesliga,Bayer 04 Leverkusen,FC Augsburg,2,1
2024-05-18,Bundesliga,Borussia Dortmund,SV Darmstadt 98,4,0
2023-08-11,La Liga,UD Almería,Rayo Vallecano de Madrid,0,2
2023-08-11,La Liga,Sevilla FC,Valencia CF,1,2
2023-08-12,La Liga,Real Sociedad de Fútbol,Girona FC,1,1
2023-08-12,La Liga,UD Las Palmas,RCD Mallorca,1,1
2023-08-12,La Liga,Athletic Club,Real Madrid CF,0,2
2023-08-13,La Liga,RC Celta de Vigo,CA Osasuna,0,2
2023-08-13,La Liga,Villarreal CF,Real Betis Balompié,1,2
2023-08-13,La Liga,Getafe CF,FC Barcelona,0,0
2023-08-14,La Liga,Cádiz CF,Deportivo Alavés,1,0
2023-08-14,La Liga,Club Atlético de Madrid,Granada CF,3,1
2023-08-18,La Liga,RCD Mallorca,Villarreal CF,0,1
2023-08-18,La Liga,Valencia CF,UD Las Palmas,1,0
2023-08-19,La Liga,Real Sociedad de Fútbol,RC Celta de Vigo,1,1
2023-08-19,La Liga,UD Almería,Real Madrid CF,1,3
2023-08-19,La Liga,CA Osasuna,Athletic Club,0,2
2023-08-20,La Liga,Girona FC,Getafe CF,3,0
2023-08-20,La Liga,FC Barcelona,Cádiz CF,2,0
2023-08-20,La Liga,Real Betis Balompié,Club Atlético de Madrid,0,0
2023-08-21,La Liga,Deportivo Alavés,Sevilla FC,4,3
2023-08-21,La Liga,Granada CF,Rayo Vallecano de Madrid,0,2
2023-08-25,La Liga,UD Las Palmas,Real Sociedad de Fútbol,0,0
2023-08-25,La Liga,RC Celta de Vigo,Real Madrid CF,0,1
2023-08-26,La Liga,Cádiz CF,UD Almería,1,1
2023-08-26,La Liga,Granada CF,RCD Mallorca,3,2
2023-08-26,La Liga,Sevilla FC,Girona FC,1,2
2023-08-27,La Liga,Villarreal CF,FC Barcelona,3,4
2023-08-27,La Liga,Valencia CF,CA Osasuna,1,2
2023-08-27,La Liga,Athletic Club,Real Betis Balompié,4,2
2023-08-28,La Liga,Getafe CF,Deportivo Alavés,1,0
2023-08-28,La Liga,Rayo Vallecano de Madrid,Club Atlético de Madrid,0,7
2023-09-01,La Liga,Cádiz CF,Villarreal CF,3,1
2023-09-01,La Liga,UD Almería,RC Celta de Vigo,2,3
2023-09-02,La Liga,Real Sociedad de Fútbol,Granada CF,5,3
2023-09-02,La Liga,Real Madrid CF,Getafe CF,2,1
2023-09-02,La Liga,Deportivo Alavés,Valencia CF,1,0
2023-09-02,La Liga,Real Betis Balompié,Rayo Vallecano de Madrid,1,0
2023-09-03,La Liga,Girona FC,UD Las Palmas,1,0
2023-09-03,La Liga,RCD Mallorca,Athletic Club,0,0
2023-09-03,La Liga,CA Osasuna,FC Barcelona,1,2
2023-09-15,La Liga,Rayo Vallecano de Madrid,Deportivo Alavés,2,0
2023-09-16,La Liga,Athletic Club,Cádiz CF,3,0
2023-09-16,La Liga,Valencia CF,Club Atlético de Madrid,3,0
2023-09-16,La Liga,RC Celta de Vigo,RCD Mallorca,0,1
2023-09-16,La Liga,FC Barcelona,Real Betis Balompié,5,0
2023-09-17,La Liga,Getafe CF,CA Osasuna,3,2
2023-09-17,La Liga,Villarreal CF,UD Almería,2,1
2023-09-17,La Liga,Sevilla FC,UD Las Palmas,1,0
2023-09-17,La Liga,Real Madrid CF,Real Sociedad de Fútbol,2,1
2023-09-18,La Liga,Granada CF,Girona FC,2,4
2023-09-22,La Liga,Deportivo Alavés,Athletic Club,0,2
2023-09-23,La Liga,Girona FC,RCD Mallorca,5,3
2023-09-23,La Liga,CA Osasuna,Sevilla FC,0,0
2023-09-23,La Liga,FC Barcelona,RC Celta de Vigo,3,2
2023-09-23,La Liga,UD Almería,Valencia CF,2,2
2023-09-24,La Liga,Real Sociedad de Fútbol,Getafe CF,4,3
2023-09-24,La Liga,Rayo Vallecano de Madrid,Villarreal CF,1,1
2023-09-24,La Liga,UD Las Palmas,Granada CF,1,0
2023-09-24,La Liga,Real Betis Balompié,Cádiz CF,1,1
2023-09-24,La Liga,Club Atlético de Madrid,Real Madrid CF,3,1
2023-09-26,La Liga,Sevilla FC,UD Almería,5,1
2023-09-26,La Liga,RCD Mallorca,FC Barcelona,2,2
2023-09-27,La Liga,Athletic Club,Getafe CF,2,2
2023-09-27,La Liga,Villarreal CF,Girona FC,1,2
2023-09-27,La Liga,Real Madrid CF,UD Las Palmas,2,0
2023-09-27,La Liga,Cádiz CF,Rayo Vallecano de Madrid,0,0
2023-09-27,La Liga,Valencia CF,Real Sociedad de Fútbol,0,1
2023-09-28,La Liga,RC Celta de Vigo,Deportivo Alavés,1,1
2023-09-28,La Liga,Granada CF,Real Betis Balompié,1,1
2023-09-28,La Liga,CA Osasuna,Club Atlético de Madrid,0,2
2023-09-29,La Liga,FC Barcelona,Sevilla FC,1,0
2023-09-30,La Liga,Getafe CF,Villarreal CF,0,0
2023-09-30,La Liga,Rayo Vallecano de Madrid,RCD Mallorca,2,2
2023-09-30,La Liga,Girona FC,Real Madrid CF,0,3
2023-09-30,La Liga,Real Sociedad de Fútbol,Athletic Club,3,0
2023-10-01,La Liga,UD Almería,Granada CF,3,3
2023-10-01,La Liga,Deportivo Alavés,CA Osasuna,0,2
2023-10-01,La Liga,Club Atlético de Madrid,Cádiz CF,3,2
2023-10-01,La Liga,Real Betis Balompié,Valencia CF,3,0
2023-10-02,La Liga,UD Las Palmas,RC Celta de Vigo,2,1
2023-10-06,La Liga,Athletic Club,UD Almería,3,0
2023-10-07,La Liga,Cádiz CF,Girona FC,0,1
2023-10-07,La Liga,Real Madrid CF,CA Osasuna,4,0
2023-10-07,La Liga,RCD Mallorca,Valencia CF,1,1
2023-10-07,La Liga,Sevilla FC,Rayo Vallecano de Madrid,2,2
2023-10-08,La Liga,Villarreal CF,UD Las Palmas,1,2
2023-10-08,La Liga,Club Atlético de Madrid,Real Sociedad de Fútbol,2,1
2023-10-08,La Liga,RC Celta de Vigo,Getafe CF,2,2
2023-10-08,La Liga,Deportivo Alavés,Real Betis Balompié,1,1
2023-10-08,La Liga,Granada CF,FC Barcelona,2,2
2023-10-20,La Liga,CA Osasuna,Granada CF,2,0
2023-10-21,La Liga,Real Sociedad de Fútbol,RCD Mallorca,1,0
2023-10-21,La Liga,Getafe CF,Real Betis Balompié,1,1
2023-10-21,La Liga,Sevilla FC,Real Madrid CF,1,1
2023-10-21,La Liga,RC Celta de Vigo,Club Atlético de Madrid,0,3
2023-10-22,La Liga,UD Las Palmas,Rayo Vallecano de Madrid,0,1
2023-10-22,La Liga,Girona FC,UD Almería,5,2
2023-10-22,La Liga,Villarreal CF,Deportivo Alavés,1,1
2023-10-22,La Liga,FC Barcelona,Athletic Club,1,0
2023-10-23,La Liga,Valencia CF,Cádiz CF,2,0
2023-10-27,La Liga,Girona FC,RC Celta de Vigo,1,0
2023-10-28,La Liga,UD Almería,UD Las Palmas,1,2
2023-10-28,La Liga,FC Barcelona,Real Madrid CF,1,2
2023-10-28,La Liga,RCD Mallorca,Getafe CF,0,0
2023-10-28,La Liga,Cádiz CF,Sevilla FC,2,2
2023-10-29,La Liga,Real Betis Balompié,CA Osasuna,2,1
2023-10-29,La Liga,Rayo Vallecano de Madrid,Real Sociedad de Fútbol,2,2
2023-10-29,La Liga,Athletic Club,Valencia CF,2,2
2023-10-29,La Liga,Club Atlético de Madrid,Deportivo Alavés,2,1
2023-10-30,La Liga,Granada CF,Villarreal CF,2,3
2023-11-03,La Liga,UD Las Palmas,Club Atlético de Madrid,2,1
2023-11-04,La Liga,CA Osasuna,Girona FC,2,4
2023-11-04,La Liga,Real Betis Balompié,RCD Mallorca,2,0
2023-11-04,La Liga,RC Celta de Vigo,Sevilla FC,1,1
2023-11-04,La Liga,Real Sociedad de Fútbol,FC Barcelona,0,1
2023-11-05,La Liga,Deportivo Alavés,UD Almería,1,0
2023-11-05,La Liga,Valencia CF,Granada CF,1,0
2023-11-05,La Liga,Villarreal CF,Athletic Club,2,3
2023-11-05,La Liga,Real Madrid CF,Rayo Vallecano de Madrid,0,0
2023-11-06,La Liga,Getafe CF,Cádiz CF,1,0
2023-11-10,La Liga,Athletic Club,RC Celta de Vigo,4,3
2023-11-11,La Liga,Rayo Vallecano de Madrid,Girona FC,1,2
2023-11-11,La Liga,UD Almería,Real Sociedad de Fútbol,1,3
2023-11-11,La Liga,CA Osasuna,UD Las Palmas,1,1
2023-11-11,La Liga,Granada CF,Getafe CF,1,1
2023-11-11,La Liga,Real Madrid CF,Valencia CF,5,1
2023-11-12,La Liga,FC Barcelona,Deportivo Alavés,2,1
2023-11-12,La Liga,Sevilla FC,Real Betis Balompié,1,1
2023-11-12,La Liga,Club Atlético de Madrid,Villarreal CF,3,1
2023-11-24,La Liga,Deportivo Alavés,Granada CF,3,1
2023-11-25,La Liga,Rayo Vallecano de Madrid,FC Barcelona,1,1
2023-11-25,La Liga,Valencia CF,RC Celta de Vigo,0,0
2023-11-25,La Liga,Getafe CF,UD Almería,2,1
2023-11-25,La Liga,Club Atlético de Madrid,RCD Mallorca,1,0
2023-11-26,La Liga,Villarreal CF,CA Osasuna,3,1
2023-11-26,La Liga,Real Sociedad de Fútbol,Sevilla FC,2,1
2023-11-26,La Liga,Cádiz CF,Real Madrid CF,0,3
2023-11-26,La Liga,Real Betis Balompié,UD Las Palmas,1,0
2023-11-27,La Liga,Girona FC,Athletic Club,1,1
2023-11-29,La Liga,RCD Mallorca,Cádiz CF,1,1
2023-12-01,La Liga,UD Las Palmas,Getafe CF,2,0
2023-12-02,La Liga,Girona FC,Valencia CF,2,1
2023-12-02,La Liga,Athletic Club,Rayo Vallecano de Madrid,4,0
2023-12-02,La Liga,Real Madrid CF,Granada CF,2,0
2023-12-02,La Liga,CA Osasuna,Real Sociedad de Fútbol,1,1
2023-12-03,La Liga,RCD Mallorca,Deportivo Alavés,0,0
2023-12-03,La Liga,UD Almería,Real Betis Balompié,0,0
2023-12-03,La Liga,Sevilla FC,Villarreal CF,1,1
2023-12-03,La Liga,FC Barcelona,Club Atlético de Madrid,1,0
2023-12-04,La Liga,RC Celta de Vigo,Cádiz CF,1,1
2023-12-08,La Liga,Getafe CF,Valencia CF,1,0
2023-12-09,La Liga,Deportivo Alavés,UD Las Palmas,0,1
2023-12-09,La Liga,Real Betis Balompié,Real Madrid CF,1,1
2023-12-09,La Liga,Villarreal CF,Real Sociedad de Fútbol,0,3
2023-12-09,La Liga,RCD Mallorca,Sevilla FC,1,0
2023-12-10,La Liga,Club Atlético de Madrid,UD Almería,2,1
2023-12-10,La Liga,Cádiz CF,CA Osasuna,1,1
2023-12-10,La Liga,FC Barcelona,Girona FC,2,4
2023-12-11,La Liga,Granada CF,Athletic Club,1,1
2023-12-11,La Liga,Rayo Vallecano de Madrid,RC Celta de Vigo,0,0
2023-12-15,La Liga,CA Osasuna,Rayo Vallecano de Madrid,1,0
2023-12-16,La Liga,RC Celta de Vigo,Granada CF,1,0
2023-12-16,La Liga,Athletic Club,Club Atlético de Madrid,2,0
2023-12-16,La Liga,Sevilla FC,Getafe CF,0,3
2023-12-16,La Liga,Valencia CF,FC Barcelona,1,1
2023-12-17,La Liga,UD Almería,RCD Mallorca,0,0
2023-12-17,La Liga,Real Sociedad de Fútbol,Real Betis Balompié,0,0
2023-12-17,La Liga,UD Las Palmas,Cádiz CF,1,1
2023-12-17,La Liga,Real Madrid CF,Villarreal CF,4,1
2023-12-18,La Liga,Girona FC,Deportivo Alavés,3,0
2023-12-19,La Liga,Rayo Vallecano de Madrid,Valencia CF,0,1
2023-12-19,La Liga,Club Atlético de Madrid,Getafe CF,3,3
2023-12-19,La Liga,Granada CF,Sevilla FC,0,3
2023-12-20,La Liga,FC Barcelona,UD Almería,3,2
2023-12-20,La Liga,Athletic Club,UD Las Palmas,1,0
2023-12-20,La Liga,Villarreal CF,RC Celta de Vigo,3,2
2023-12-21,La Liga,Real Betis Balompié,Girona FC,1,1
2023-12-21,La Liga,Cádiz CF,Real Sociedad de Fútbol,0,0
2023-12-21,La Liga,Deportivo Alavés,Real Madrid CF,0,1
2023-12-21,La Liga,RCD Mallorca,CA Osasuna,3,2
2023-12-23,La Liga,Club Atlético de Madrid,Sevilla FC,1,0
2024-01-02,La Liga,Getafe CF,Rayo Vallecano de Madrid,0,2
2024-01-02,La Liga,Real Sociedad de Fútbol,Deportivo Alavés,1,1
2024-01-02,La Liga,Valencia CF,Villarreal CF,3,1
2024-01-03,La Liga,Granada CF,Cádiz CF,2,0
2024-01-03,La Liga,RC Celta de Vigo,Real Betis Balompié,2,1
2024-01-03,La Liga,Real Madrid CF,RCD Mallorca,1,0
2024-01-03,La Liga,Girona FC,Club Atlético de Madrid,4,3
2024-01-04,La Liga,CA Osasuna,UD Almería,1,0
2024-01-04,La Liga,Sevilla FC,Athletic Club,0,2
2024-01-04,La Liga,UD Las Palmas,FC Barcelona,1,2
2024-01-12,La Liga,Sevilla FC,Deportivo Alavés,2,3
2024-01-13,La Liga,UD Las Palmas,Villarreal CF,3,0
2024-01-13,La Liga,RCD Mallorca,RC Celta de Vigo,1,1
2024-01-13,La Liga,Athletic Club,Real Sociedad de Fútbol,2,1
2024-01-13,La Liga,Real Betis Balompié,Granada CF,1,0
2024-01-14,La Liga,UD Almería,Girona FC,0,0
2024-01-14,La Liga,Cádiz CF,Valencia CF,1,4
2024-01-19,La Liga,Deportivo Alavés,Cádiz CF,1,0
2024-01-20,La Liga,Rayo Vallecano de Madrid,UD Las Palmas,0,2
2024-01-20,La Liga,Villarreal CF,RCD Mallorca,1,1
2024-01-20,La Liga,Valencia CF,Athletic Club,1,0
2024-01-20,La Liga,RC Celta de Vigo,Real Sociedad de Fútbol,0,1
2024-01-21,La Liga,CA Osasuna,Getafe CF,3,2
2024-01-21,La Liga,Real Madrid CF,UD Almería,3,2
2024-01-21,La Liga,Real Betis Balompié,FC Barcelona,2,4
2024-01-21,La Liga,Girona FC,Sevilla FC,5,1
2024-01-22,La Liga,Granada CF,Club Atlético de Madrid,0,1
2024-01-26,La Liga,UD Almería,Deportivo Alavés,0,3
2024-01-27,La Liga,Real Sociedad de Fútbol,Rayo Vallecano de Madrid,0,0
2024-01-27,La Liga,UD Las Palmas,Real Madrid CF,1,2
2024-01-27,La Liga,FC Barcelona,Villarreal CF,3,5
2024-01-27,La Liga,RCD Mallorca,Real Betis Balompié,0,1
2024-01-28,La Liga,RC Celta de Vigo,Girona FC,0,1
2024-01-28,La Liga,Cádiz CF,Athletic Club,0,0
2024-01-28,La Liga,Sevilla FC,CA Osasuna,1,1
2024-01-28,La Liga,Club Atlético de Madrid,Valencia CF,2,0
2024-01-29,La Liga,Getafe CF,Granada CF,2,0
2024-01-31,La Liga,FC Barcelona,CA Osasuna,1,0
2024-01-31,La Liga,Club Atlético de Madrid,Rayo Vallecano de Madrid,2,1
2024-02-01,La Liga,Getafe CF,Real Madrid CF,0,2
2024-02-02,La Liga,Athletic Club,RCD Mallorca,4,0
2024-02-03,La Liga,Valencia CF,UD Almería,2,1
2024-02-03,La Liga,Granada CF,UD Las Palmas,1,1
2024-02-03,La Liga,Deportivo Alavés,FC Barcelona,1,3
2024-02-03,La Liga,Girona FC,Real Sociedad de Fútbol,0,0
2024-02-04,La Liga,Villarreal CF,Cádiz CF,0,0
2024-02-04,La Liga,CA Osasuna,RC Celta de Vigo,0,3
2024-02-04,La Liga,Real Betis Balompié,Getafe CF,1,1
2024-02-04,La Liga,Real Madrid CF,Club Atlético de Madrid,1,1
2024-02-05,La Liga,Rayo Vallecano de Madrid,Sevilla FC,1,2
2024-02-09,La Liga,Cádiz CF,Real Betis Balompié,0,2
2024-02-10,La Liga,Deportivo Alavés,Villarreal CF,1,1
2024-02-10,La Liga,Real Sociedad de Fútbol,CA Osasuna,0,1
2024-02-10,La Liga,Real Madrid CF,Girona FC,4,0
2024-02-10,La Liga,UD Las Palmas,Valencia CF,2,0
2024-02-11,La Liga,Getafe CF,RC Celta de Vigo,3,2
2024-02-11,La Liga,RCD Mallorca,Rayo Vallecano de Madrid,2,1
2024-02-11,La Liga,Sevilla FC,Club Atlético de Madrid,1,0
2024-02-11,La Liga,FC Barcelona,Granada CF,3,3
2024-02-12,La Liga,UD Almería,Athletic Club,0,0
2024-02-16,La Liga,Villarreal CF,Getafe CF,1,1
2024-02-17,La Liga,Club Atlético de Madrid,UD Las Palmas,5,0
2024-02-17,La Liga,CA Osasuna,Cádiz CF,2,0
2024-02-17,La Liga,RC Celta de Vigo,FC Barcelona,1,2
2024-02-17,La Liga,Valencia CF,Sevilla FC,0,0
2024-02-18,La Liga,Rayo Vallecano de Madrid,Real Madrid CF,1,1
2024-02-18,La Liga,Granada CF,UD Almería,1,1
2024-02-18,La Liga,RCD Mallorca,Real Sociedad de Fútbol,1,2
2024-02-18,La Liga,Real Betis Balompié,Deportivo Alavés,0,0
2024-02-19,La Liga,Athletic Club,Girona FC,3,2
2024-02-23,La Liga,Real Sociedad de Fútbol,Villarreal CF,1,3
2024-02-24,La Liga,FC Barcelona,Getafe CF,4,0
2024-02-24,La Liga,Deportivo Alavés,RCD Mallorca,1,1
2024-02-24,La Liga,UD Almería,Club Atlético de Madrid,2,2
2024-02-25,La Liga,Cádiz CF,RC Celta de Vigo,2,2
2024-02-25,La Liga,Real Betis Balompié,Athletic Club,3,1
2024-02-25,La Liga,UD Las Palmas,CA Osasuna,1,1
2024-02-25,La Liga,Real Madrid CF,Sevilla FC,1,0
2024-02-26,La Liga,Girona FC,Rayo Vallecano de Madrid,3,0
2024-03-01,La Liga,RC Celta de Vigo,UD Almería,1,0
2024-03-02,La Liga,Sevilla FC,Real Sociedad de Fútbol,3,2
2024-03-02,La Liga,Rayo Vallecano de Madrid,Cádiz CF,1,1
2024-03-02,La Liga,Getafe CF,UD Las Palmas,3,3
2024-03-02,La Liga,Valencia CF,Real Madrid CF,2,2
2024-03-03,La Liga,Villarreal CF,Granada CF,5,1
2024-03-03,La Liga,Club Atlético de Madrid,Real Betis Balompié,2,1
2024-03-03,La Liga,RCD Mallorca,Girona FC,1,0
2024-03-03,La Liga,Athletic Club,FC Barcelona,0,0
2024-03-04,La Liga,CA Osasuna,Deportivo Alavés,1,0
2024-03-08,La Liga,FC Barcelona,RCD Mallorca,1,0
2024-03-09,La Liga,Valencia CF,Getafe CF,1,0
2024-03-09,La Liga,Cádiz CF,Club Atlético de Madrid,2,0
2024-03-09,La Liga,Granada CF,Real Sociedad de Fútbol,2,3
2024-03-09,La Liga,Girona FC,CA Osasuna,2,0
2024-03-10,La Liga,Deportivo Alavés,Rayo Vallecano de Madrid,1,0
2024-03-10,La Liga,UD Las Palmas,Athletic Club,0,2
2024-03-10,La Liga,Real Madrid CF,RC Celta de Vigo,4,0
2024-03-10,La Liga,Real Betis Balompié,Villarreal CF,2,3
2024-03-11,La Liga,UD Almería,Sevilla FC,2,2
2024-03-15,La Liga,Real Sociedad de Fútbol,Cádiz CF,2,0
2024-03-16,La Liga,RCD Mallorca,Granada CF,1,0
2024-03-16,La Liga,CA Osasuna,Real Madrid CF,2,4
2024-03-16,La Liga,Getafe CF,Girona FC,1,0
2024-03-16,La Liga,Athletic Club,Deportivo Alavés,2,0
2024-03-17,La Liga,Sevilla FC,RC Celta de Vigo,1,2
2024-03-17,La Liga,Villarreal CF,Valencia CF,1,0
2024-03-17,La Liga,UD Las Palmas,UD Almería,0,1
2024-03-17,La Liga,Rayo Vallecano de Madrid,Real Betis Balompié,2,0
2024-03-17,La Liga,Club Atlético de Madrid,FC Barcelona,0,3
2024-03-29,La Liga,Cádiz CF,Granada CF,1,0
2024-03-30,La Liga,Getafe CF,Sevilla FC,0,1
2024-03-30,La Liga,UD Almería,CA Osasuna,0,3
2024-03-30,La Liga,Valencia CF,RCD Mallorca,0,0
2024-03-30,La Liga,FC Barcelona,UD Las Palmas,1,0
2024-03-31,La Liga,RC Celta de Vigo,Rayo Vallecano de Madrid,0,0
2024-03-31,La Liga,Girona FC,Real Betis Balompié,3,2
2024-03-31,La Liga,Deportivo Alavés,Real Sociedad de Fútbol,0,1
2024-03-31,La Liga,Real Madrid CF,Athletic Club,2,0
2024-04-01,La Liga,Villarreal CF,Club Atlético de Madrid,1,2
2024-04-04,La Liga,Granada CF,Valencia CF,0,1
2024-04-12,La Liga,Real Betis Balompié,RC Celta de Vigo,2,1
2024-04-13,La Liga,Club Atlético de Madrid,Girona FC,3,1
2024-04-13,La Liga,Rayo Vallecano de Madrid,Getafe CF,0,0
2024-04-13,La Liga,RCD Mallorca,Real Madrid CF,0,1
2024-04-13,La Liga,Cádiz CF,FC Barcelona,0,1
2024-04-14,La Liga,UD Las Palmas,Sevilla FC,0,2
2024-04-14,La Liga,Granada CF,Deportivo Alavés,2,0
2024-04-14,La Liga,Athletic Club,Villarreal CF,1,1
2024-04-14,La Liga,Real Sociedad de Fútbol,UD Almería,2,2
2024-04-15,La Liga,CA Osasuna,Valencia CF,0,1
2024-04-19,La Liga,Athletic Club,Granada CF,1,1
2024-04-20,La Liga,RC Celta de Vigo,UD Las Palmas,4,1
2024-04-20,La Liga,Rayo Vallecano de Madrid,CA Osasuna,2,1
2024-04-20,La Liga,Valencia CF,Real Betis Balompié,1,2
2024-04-20,La Liga,Girona FC,Cádiz CF,4,1
2024-04-21,La Liga,Getafe CF,Real Sociedad de Fútbol,1,1
2024-04-21,La Liga,UD Almería,Villarreal CF,1,2
2024-04-21,La Liga,Deportivo Alavés,Club Atlético de Madrid,2,0
2024-04-21,La Liga,Real Madrid CF,FC Barcelona,3,2
2024-04-22,La Liga,Sevilla FC,RCD Mallorca,2,1
2024-04-26,La Liga,Real Sociedad de Fútbol,Real Madrid CF,0,1
2024-04-27,La Liga,UD Las Palmas,Girona FC,0,2
2024-04-27,La Liga,UD Almería,Getafe CF,1,3
2024-04-27,La Liga,Deportivo Alavés,RC Celta de Vigo,3,0
2024-04-27,La Liga,Club Atlético de Madrid,Athletic Club,3,1
2024-04-28,La Liga,Cádiz CF,RCD Mallorca,1,1
2024-04-28,La Liga,Granada CF,CA Osasuna,3,0
2024-04-28,La Liga,Villarreal CF,Rayo Vallecano de Madrid,3,0
2024-04-28,La Liga,Real Betis Balompié,Sevilla FC,1,1
2024-04-29,La Liga,FC Barcelona,Valencia CF,4,2
2024-05-03,La Liga,Getafe CF,Athletic Club,0,2
2024-05-04,La Liga,Real Sociedad de Fútbol,UD Las Palmas,2,0
2024-05-04,La Liga,Real Madrid CF,Cádiz CF,3,0
2024-05-04,La Liga,Girona FC,FC Barcelona,4,2
2024-05-04,La Liga,RCD Mallorca,Club Atlético de Madrid,0,1
2024-05-05,La Liga,CA Osasuna,Real Betis Balompié,0,2
2024-05-05,La Liga,RC Celta de Vigo,Villarreal CF,3,2
2024-05-05,La Liga,Valencia CF,Deportivo Alavés,0,1
2024-05-05,La Liga,Sevilla FC,Granada CF,3,0
2024-05-05,La Liga,Rayo Vallecano de Madrid,UD Almería,0,1
2024-05-10,La Liga,Deportivo Alavés,Girona FC,2,2
2024-05-11,La Liga,RCD Mallorca,UD Las Palmas,1,0
2024-05-11,La Liga,Villarreal CF,Sevilla FC,3,2
2024-05-11,La Liga,Granada CF,Real Madrid CF,0,4
2024-05-11,La Liga,Athletic Club,CA Osasuna,2,2
2024-05-12,La Liga,Cádiz CF,Getafe CF,1,0
2024-05-12,La Liga,Club Atlético de Madrid,RC Celta de Vigo,1,0
2024-05-12,La Liga,Valencia CF,Rayo Vallecano de Madrid,0,0
2024-05-12,La Liga,Real Betis Balompié,UD Almería,3,2
2024-05-13,La Liga,FC Barcelona,Real Sociedad de Fútbol,2,0
2024-05-14,La Liga,CA Osasuna,RCD Mallorca,1,1
2024-05-14,La Liga,Real Madrid CF,Deportivo Alavés,5,0
2024-05-14,La Liga,Girona FC,Villarreal CF,0,1
2024-05-15,La Liga,Sevilla FC,Cádiz CF,0,1
2024-05-15,La Liga,Rayo Vallecano de Madrid,Granada CF,2,1
2024-05-15,La Liga,RC Celta de Vigo,Athletic Club,2,1
2024-05-15,La Liga,Getafe CF,Club Atlético de Madrid,0,3
2024-05-16,La Liga,UD Las Palmas,Real Betis Balompié,2,2
2024-05-16,La Liga,UD Almería,FC Barcelona,0,2
2024-05-16,La Liga,Real Sociedad de Fútbol,Valencia CF,1,0
2024-05-18,La Liga,Deportivo Alavés,Getafe CF,1,0
2024-05-19,La Liga,Athletic Club,Sevilla FC,2,0
2024-05-19,La Liga,Club Atlético de Madrid,CA Osasuna,1,4
2024-05-19,La Liga,Real Betis Balompié,Real Sociedad de Fútbol,0,2
2024-05-19,La Liga,FC Barcelona,Rayo Vallecano de Madrid,3,0
2024-05-19,La Liga,Cádiz CF,UD Las Palmas,0,0
2024-05-19,La Liga,Granada CF,RC Celta de Vigo,1,2
2024-05-19,La Liga,Valencia CF,Girona FC,1,3
2024-05-19,La Liga,Villarreal CF,Real Madrid CF,4,4
2024-05-19,La Liga,RCD Mallorca,UD Almería,2,2
2024-05-24,La Liga,Girona FC,Granada CF,7,0
2024-05-25,La Liga,CA Osasuna,Villarreal CF,1,1
2024-05-25,La Liga,Real Sociedad de Fútbol,Club Atlético de Madrid,0,2
2024-05-25,La Liga,Rayo Vallecano de Madrid,Athletic Club,0,1
2024-05-25,La Liga,UD Almería,Cádiz CF,6,1
2024-05-25,La Liga,Real Madrid CF,Real Betis Balompié,0,0
2024-05-26,La Liga,Getafe CF,RCD Mallorca,1,2
2024-05-26,La Liga,RC Celta de Vigo,Valencia CF,2,2
2024-05-26,La Liga,UD Las Palmas,Deportivo Alavés,1,1
2024-05-26,La Liga,Sevilla FC,FC Barcelona,1,2
2023-08-19,Serie A,Empoli FC,Hellas Verona FC,0,1
2023-08-19,Serie A,Frosinone Calcio,SSC Napoli,1,3
2023-08-19,Serie A,Genoa CFC,ACF Fiorentina,1,4
2023-08-19,Serie A,FC Internazionale Milano,AC Monza,2,0
2023-08-20,Serie A,AS Roma,US Salernitana 1919,2,2
2023-08-20,Serie A,US Sassuolo Calcio,Atalanta BC,0,2
2023-08-20,Serie A,US Lecce,SS Lazio,2,1
2023-08-20,Serie A,Udinese Calcio,Juventus FC,0,3
2023-08-21,Serie A,Torino FC,Cagliari Calcio,0,0
2023-08-21,Serie A,Bologna FC 1909,AC Milan,0,2
2023-08-26,Serie A,Frosinone Calcio,Atalanta BC,2,1
2023-08-26,Serie A,AC Monza,Empoli FC,2,0
2023-08-26,Serie A,Hellas Verona FC,AS Roma,2,1
2023-08-26,Serie A,AC Milan,Torino FC,4,1
2023-08-27,Serie A,ACF Fiorentina,US Lecce,2,2
2023-08-27,Serie A,Juventus FC,Bologna FC 1909,1,1
2023-08-27,Serie A,SS Lazio,Genoa CFC,0,1
2023-08-27,Serie A,SSC Napoli,US Sassuolo Calcio,2,0
2023-08-28,Serie A,US Salernitana 1919,Udinese Calcio,1,1
2023-08-28,Serie A,Cagliari Calcio,FC Internazionale Milano,0,2
2023-09-01,Serie A,US Sassuolo Calcio,Hellas Verona FC,3,1
2023-09-01,Serie A,AS Roma,AC Milan,1,2
2023-09-02,Serie A,Bologna FC 1909,Cagliari Calcio,2,1
2023-09-02,Serie A,Udinese Calcio,Frosinone Calcio,0,0
2023-09-02,Serie A,Atalanta BC,AC Monza,3,0
2023-09-02,Serie A,SSC Napoli,SS Lazio,1,2
2023-09-03,Serie A,FC Internazionale Milano,ACF Fiorentina,4,0
2023-09-03,Serie A,Torino FC,Genoa CFC,1,0
2023-09-03,Serie A,Empoli FC,Juventus FC,0,2
2023-09-03,Serie A,US Lecce,US Salernitana 1919,2,0
2023-09-16,Serie A,Juventus FC,SS Lazio,3,1
2023-09-16,Serie A,FC Internazionale Milano,AC Milan,5,1
2023-09-16,Serie A,Genoa CFC,SSC Napoli,2,2
2023-09-17,Serie A,Cagliari Calcio,Udinese Calcio,0,0
2023-09-17,Serie A,Frosinone Calcio,US Sassuolo Calcio,4,2
2023-09-17,Serie A,AC Monza,US Lecce,1,1
2023-09-17,Serie A,ACF Fiorentina,Atalanta BC,3,2
2023-09-17,Serie A,AS Roma,Empoli FC,7,0
2023-09-18,Serie A,US Salernitana 1919,Torino FC,0,3
2023-09-18,Serie A,Hellas Verona FC,Bologna FC 1909,0,0
2023-09-22,Serie A,US Salernitana 1919,Frosinone Calcio,1,1
2023-09-22,Serie A,US Lecce,Genoa CFC,1,0
2023-09-23,Serie A,AC Milan,Hellas Verona FC,1,0
2023-09-23,Serie A,US Sassuolo Calcio,Juventus FC,4,2
2023-09-23,Serie A,SS Lazio,AC Monza,1,1
2023-09-24,Serie A,Empoli FC,FC Internazionale Milano,0,1
2023-09-24,Serie A,Atalanta BC,Cagliari Calcio,2,0
2023-09-24,Serie A,Udinese Calcio,ACF Fiorentina,0,2
2023-09-24,Serie A,Bologna FC 1909,SSC Napoli,0,0
2023-09-24,Serie A,Torino FC,AS Roma,1,1
2023-09-26,Serie A,Juventus FC,US Lecce,1,0
2023-09-27,Serie A,Cagliari Calcio,AC Milan,1,3
2023-09-27,Serie A,Empoli FC,US Salernitana 1919,1,0
2023-09-27,Serie A,Hellas Verona FC,Atalanta BC,0,1
2023-09-27,Serie A,FC Internazionale Milano,US Sassuolo Calcio,1,2
2023-09-27,Serie A,SS Lazio,Torino FC,2,0
2023-09-27,Serie A,SSC Napoli,Udinese Calcio,4,1
2023-09-28,Serie A,Frosinone Calcio,ACF Fiorentina,1,1
2023-09-28,Serie A,AC Monza,Bologna FC 1909,0,0
2023-09-28,Serie A,Genoa CFC,AS Roma,4,1
2023-09-30,Serie A,US Lecce,SSC Napoli,0,4
2023-09-30,Serie A,AC Milan,SS Lazio,2,0
2023-09-30,Serie A,US Salernitana 1919,FC Internazionale Milano,0,4
2023-10-01,Serie A,Bologna FC 1909,Empoli FC,3,0
2023-10-01,Serie A,Udinese Calcio,Genoa CFC,2,2
2023-10-01,Serie A,Atalanta BC,Juventus FC,0,0
2023-10-01,Serie A,AS Roma,Frosinone Calcio,2,0
2023-10-02,Serie A,US Sassuolo Calcio,AC Monza,0,1
2023-10-02,Serie A,Torino FC,Hellas Verona FC,0,0
2023-10-02,Serie A,ACF Fiorentina,Cagliari Calcio,3,0
2023-10-06,Serie A,Empoli FC,Udinese Calcio,0,0
2023-10-06,Serie A,US Lecce,US Sassuolo Calcio,1,1
2023-10-07,Serie A,FC Internazionale Milano,Bologna FC 1909,2,2
2023-10-07,Serie A,Juventus FC,Torino FC,2,0
2023-10-07,Serie A,Genoa CFC,AC Milan,0,1
2023-10-08,Serie A,AC Monza,US Salernitana 1919,3,0
2023-10-08,Serie A,Frosinone Calcio,Hellas Verona FC,2,1
2023-10-08,Serie A,SS Lazio,Atalanta BC,3,2
2023-10-08,Serie A,Cagliari Calcio,AS Roma,1,4
2023-10-08,Serie A,SSC Napoli,ACF Fiorentina,1,3
2023-10-21,Serie A,Hellas Verona FC,SSC Napoli,1,3
2023-10-21,Serie A,Torino FC,FC Internazionale Milano,0,3
2023-10-21,Serie A,US Sassuolo Calcio,SS Lazio,0,2
2023-10-22,Serie A,AS Roma,AC Monza,1,0
2023-10-22,Serie A,Bologna FC 1909,Frosinone Calcio,2,1
2023-10-22,Serie A,US Salernitana 1919,Cagliari Calcio,2,2
2023-10-22,Serie A,Atalanta BC,Genoa CFC,2,0
2023-10-22,Serie A,AC Milan,Juventus FC,0,1
2023-10-23,Serie A,Udinese Calcio,US Lecce,1,1
2023-10-23,Serie A,ACF Fiorentina,Empoli FC,0,2
2023-10-27,Serie A,Genoa CFC,US Salernitana 1919,1,0
2023-10-28,Serie A,US Sassuolo Calcio,Bologna FC 1909,1,1
2023-10-28,Serie A,US Lecce,Torino FC,0,1
2023-10-28,Serie A,Juventus FC,Hellas Verona FC,1,0
2023-10-29,Serie A,Cagliari Calcio,Frosinone Calcio,4,3
2023-10-29,Serie A,AC Monza,Udinese Calcio,1,1
2023-10-29,Serie A,FC Internazionale Milano,AS Roma,1,0
2023-10-29,Serie A,SSC Napoli,AC Milan,2,2
2023-10-30,Serie A,Empoli FC,Atalanta BC,0,3
2023-10-30,Serie A,SS Lazio,ACF Fiorentina,1,0
2023-11-03,Serie A,Bologna FC 1909,SS Lazio,1,0
2023-11-04,Serie A,US Salernitana 1919,SSC Napoli,0,2
2023-11-04,Serie A,Atalanta BC,FC Internazionale Milano,1,2
2023-11-04,Serie A,AC Milan,Udinese Calcio,0,1
2023-11-05,Serie A,Hellas Verona FC,AC Monza,1,3
2023-11-05,Serie A,Cagliari Calcio,Genoa CFC,2,1
2023-11-05,Serie A,AS Roma,US Lecce,2,1
2023-11-05,Serie A,ACF Fiorentina,Juventus FC,0,1
2023-11-06,Serie A,Frosinone Calcio,Empoli FC,2,1
2023-11-06,Serie A,Torino FC,US Sassuolo Calcio,2,1
2023-11-10,Serie A,US Sassuolo Calcio,US Salernitana 1919,2,2
2023-11-10,Serie A,Genoa CFC,Hellas Verona FC,1,0
2023-11-11,Serie A,US Lecce,AC Milan,2,2
2023-11-11,Serie A,Juventus FC,Cagliari Calcio,2,1
2023-11-11,Serie A,AC Monza,Torino FC,1,1
2023-11-12,Serie A,SSC Napoli,Empoli FC,0,1
2023-11-12,Serie A,ACF Fiorentina,Bologna FC 1909,2,1
2023-11-12,Serie A,Udinese Calcio,Atalanta BC,1,1
2023-11-12,Serie A,SS Lazio,AS Roma,0,0
2023-11-12,Serie A,FC Internazionale Milano,Frosinone Calcio,2,0
2023-11-25,Serie A,US Salernitana 1919,SS Lazio,2,1
2023-11-25,Serie A,Atalanta BC,SSC Napoli,1,2
2023-11-25,Serie A,AC Milan,ACF Fiorentina,1,0
2023-11-26,Serie A,Cagliari Calcio,AC Monza,1,1
2023-11-26,Serie A,Empoli FC,US Sassuolo Calcio,3,4
2023-11-26,Serie A,Frosinone Calcio,Genoa CFC,2,1
2023-11-26,Serie A,AS Roma,Udinese Calcio,3,1
2023-11-26,Serie A,Juventus FC,FC Internazionale Milano,1,1
2023-11-27,Serie A,Hellas Verona FC,US Lecce,2,2
2023-11-27,Serie A,Bologna FC 1909,Torino FC,2,0
2023-12-01,Serie A,AC Monza,Juventus FC,1,2
2023-12-02,Serie A,Genoa CFC,Empoli FC,1,1
2023-12-02,Serie A,SS Lazio,Cagliari Calcio,1,0
2023-12-02,Serie A,AC Milan,Frosinone Calcio,3,1
2023-12-03,Serie A,US Lecce,Bologna FC 1909,1,1
2023-12-03,Serie A,ACF Fiorentina,US Salernitana 1919,3,0
2023-12-03,Serie A,Udinese Calcio,Hellas Verona FC,3,3
2023-12-03,Serie A,US Sassuolo Calcio,AS Roma,1,2
2023-12-03,Serie A,SSC Napoli,FC Internazionale Milano,0,3
2023-12-04,Serie A,Torino FC,Atalanta BC,3,0
2023-12-08,Serie A,Juventus FC,SSC Napoli,1,0
2023-12-09,Serie A,Hellas Verona FC,SS Lazio,1,1
2023-12-09,Serie A,Atalanta BC,AC Milan,3,2
2023-12-09,Serie A,FC Internazionale Milano,Udinese Calcio,4,0
2023-12-10,Serie A,Frosinone Calcio,Torino FC,0,0
2023-12-10,Serie A,AC Monza,Genoa CFC,1,0
2023-12-10,Serie A,US Salernitana 1919,Bologna FC 1909,1,2
2023-12-10,Serie A,AS Roma,ACF Fiorentina,1,1
2023-12-11,Serie A,Empoli FC,US Lecce,1,1
2023-12-11,Serie A,Cagliari Calcio,US Sassuolo Calcio,2,1
2023-12-15,Serie A,Genoa CFC,Juventus FC,1,1
2023-12-16,Serie A,US Lecce,Frosinone Calcio,2,1
2023-12-16,Serie A,SSC Napoli,Cagliari Calcio,2,1
2023-12-16,Serie A,Torino FC,Empoli FC,1,0
2023-12-17,Serie A,AC Milan,AC Monza,3,0
2023-12-17,Serie A,ACF Fiorentina,Hellas Verona FC,1,0
2023-12-17,Serie A,Udinese Calcio,US Sassuolo Calcio,2,2
2023-12-17,Serie A,Bologna FC 1909,AS Roma,2,0
2023-12-17,Serie A,SS Lazio,FC Internazionale Milano,0,2
2023-12-18,Serie A,Atalanta BC,US Salernitana 1919,4,1
2023-12-22,Serie A,US Sassuolo Calcio,Genoa CFC,1,2
2023-12-22,Serie A,Empoli FC,SS Lazio,0,2
2023-12-22,Serie A,AC Monza,ACF Fiorentina,0,1
2023-12-22,Serie A,US Salernitana 1919,AC Milan,2,2
2023-12-23,Serie A,Frosinone Calcio,Juventus FC,1,2
2023-12-23,Serie A,Torino FC,Udinese Calcio,1,1
2023-12-23,Serie A,Bologna FC 1909,Atalanta BC,1,0
2023-12-23,Serie A,Hellas Verona FC,Cagliari Calcio,2,0
2023-12-23,Serie A,FC Internazionale Milano,US Lecce,2,0
2023-12-23,Serie A,AS Roma,SSC Napoli,2,0
2023-12-29,Serie A,ACF Fiorentina,Torino FC,1,0
2023-12-29,Serie A,SSC Napoli,AC Monza,0,0
2023-12-29,Serie A,Genoa CFC,FC Internazionale Milano,1,1
2023-12-29,Serie A,SS Lazio,Frosinone Calcio,3,1
2023-12-30,Serie A,Atalanta BC,US Lecce,1,0
2023-12-30,Serie A,Cagliari Calcio,Empoli FC,0,0
2023-12-30,Serie A,Udinese Calcio,Bologna FC 1909,3,0
2023-12-30,Serie A,Hellas Verona FC,US Salernitana 1919,0,1
2023-12-30,Serie A,AC Milan,US Sassuolo Calcio,1,0
2023-12-30,Serie A,Juventus FC,AS Roma,1,0
2024-01-05,Serie A,Bologna FC 1909,Genoa CFC,1,1
2024-01-06,Serie A,FC Internazionale Milano,Hellas Verona FC,2,1
2024-01-06,Serie A,Frosinone Calcio,AC Monza,2,3
2024-01-06,Serie A,US Lecce,Cagliari Calcio,1,1
2024-01-06,Serie A,US Sassuolo Calcio,ACF Fiorentina,1,0
2024-01-07,Serie A,Empoli FC,AC Milan,0,3
2024-01-07,Serie A,Torino FC,SSC Napoli,3,0
2024-01-07,Serie A,Udinese Calcio,SS Lazio,1,2
2024-01-07,Serie A,US Salernitana 1919,Juventus FC,1,2
2024-01-07,Serie A,AS Roma,Atalanta BC,1,1
2024-01-13,Serie A,Genoa CFC,Torino FC,0,0
2024-01-13,Serie A,SSC Napoli,US Salernitana 1919,2,1
2024-01-13,Serie A,Hellas Verona FC,Empoli FC,2,1
2024-01-13,Serie A,AC Monza,FC Internazionale Milano,1,5
2024-01-14,Serie A,SS Lazio,US Lecce,1,0
2024-01-14,Serie A,Cagliari Calcio,Bologna FC 1909,2,1
2024-01-14,Serie A,ACF Fiorentina,Udinese Calcio,2,2
2024-01-14,Serie A,AC Milan,AS Roma,3,1
2024-01-15,Serie A,Atalanta BC,Frosinone Calcio,5,0
2024-01-16,Serie A,Juventus FC,US Sassuolo Calcio,3,0
2024-01-20,Serie A,AS Roma,Hellas Verona FC,2,1
2024-01-20,Serie A,Udinese Calcio,AC Milan,2,3
2024-01-21,Serie A,Frosinone Calcio,Cagliari Calcio,3,1
2024-01-21,Serie A,Empoli FC,AC Monza,3,0
2024-01-21,Serie A,US Salernitana 1919,Genoa CFC,1,2
2024-01-21,Serie A,US Lecce,Juventus FC,0,3
2024-01-26,Serie A,Cagliari Calcio,Torino FC,1,2
2024-01-27,Serie A,Atalanta BC,Udinese Calcio,2,0
2024-01-27,Serie A,Juventus FC,Empoli FC,1,1
2024-01-27,Serie A,AC Milan,Bologna FC 1909,2,2
2024-01-28,Serie A,Genoa CFC,US Lecce,2,1
2024-01-28,Serie A,Hellas Verona FC,Frosinone Calcio,1,1
2024-01-28,Serie A,AC Monza,US Sassuolo Calcio,1,0
2024-01-28,Serie A,SS Lazio,SSC Napoli,0,0
2024-01-28,Serie A,ACF Fiorentina,FC Internazionale Milano,0,1
2024-01-29,Serie A,US Salernitana 1919,AS Roma,1,2
2024-02-02,Serie A,US Lecce,ACF Fiorentina,3,2
2024-02-03,Serie A,Empoli FC,Genoa CFC,0,0
2024-02-03,Serie A,Udinese Calcio,AC Monza,0,0
2024-02-03,Serie A,Frosinone Calcio,AC Milan,2,3
2024-02-03,Serie A,Bologna FC 1909,US Sassuolo Calcio,4,2
2024-02-04,Serie A,Torino FC,US Salernitana 1919,0,0
2024-02-04,Serie A,SSC Napoli,Hellas Verona FC,2,1
2024-02-04,Serie A,Atalanta BC,SS Lazio,3,1
2024-02-04,Serie A,FC Internazionale Milano,Juventus FC,1,0
2024-02-05,Serie A,AS Roma,Cagliari Calcio,4,0
2024-02-09,Serie A,US Salernitana 1919,Empoli FC,1,3
2024-02-10,Serie A,Cagliari Calcio,SS Lazio,1,3
2024-02-10,Serie A,AS Roma,FC Internazionale Milano,2,4
2024-02-10,Serie A,US Sassuolo Calcio,Torino FC,1,1
2024-02-11,Serie A,ACF Fiorentina,Frosinone Calcio,5,1
2024-02-11,Serie A,Bologna FC 1909,US Lecce,4,0
2024-02-11,Serie A,AC Monza,Hellas Verona FC,0,0
2024-02-11,Serie A,Genoa CFC,Atalanta BC,1,4
2024-02-11,Serie A,AC Milan,SSC Napoli,1,0
2024-02-12,Serie A,Juventus FC,Udinese Calcio,0,1
2024-02-14,Serie A,Bologna FC 1909,ACF Fiorentina,2,0
2024-02-16,Serie A,Torino FC,US Lecce,2,0
2024-02-16,Serie A,FC Internazionale Milano,US Salernitana 1919,4,0
2024-02-17,Serie A,SSC Napoli,Genoa CFC,1,1
2024-02-17,Serie A,Hellas Verona FC,Juventus FC,2,2
2024-02-17,Serie A,Atalanta BC,US Sassuolo Calcio,3,0
2024-02-18,Serie A,SS Lazio,Bologna FC 1909,1,2
2024-02-18,Serie A,Empoli FC,ACF Fiorentina,1,1
2024-02-18,Serie A,Udinese Calcio,Cagliari Calcio,1,1
2024-02-18,Serie A,Frosinone Calcio,AS Roma,0,3
2024-02-18,Serie A,AC Monza,AC Milan,4,2
2024-02-22,Serie A,Torino FC,SS Lazio,0,2
2024-02-23,Serie A,Bologna FC 1909,Hellas Verona FC,2,0
2024-02-24,Serie A,US Sassuolo Calcio,Empoli FC,2,3
2024-02-24,Serie A,US Salernitana 1919,AC Monza,0,2
2024-02-24,Serie A,Genoa CFC,Udinese Calcio,2,0
2024-02-25,Serie A,Juventus FC,Frosinone Calcio,3,2
2024-02-25,Serie A,Cagliari Calcio,SSC Napoli,1,1
2024-02-25,Serie A,US Lecce,FC Internazionale Milano,0,4
2024-02-25,Serie A,AC Milan,Atalanta BC,1,1
2024-02-26,Serie A,AS Roma,Torino FC,3,2
2024-02-26,Serie A,ACF Fiorentina,SS Lazio,2,1
2024-02-28,Serie A,US Sassuolo Calcio,SSC Napoli,1,6
2024-02-28,Serie A,FC Internazionale Milano,Atalanta BC,4,0
2024-03-01,Serie A,SS Lazio,AC Milan,0,1
2024-03-02,Serie A,Udinese Calcio,US Salernitana 1919,1,1
2024-03-02,Serie A,AC Monza,AS Roma,1,4
2024-03-02,Serie A,Torino FC,ACF Fiorentina,0,0
2024-03-03,Serie A,Hellas Verona FC,US Sassuolo Calcio,1,0
2024-03-03,Serie A,Empoli FC,Cagliari Calcio,0,1
2024-03-03,Serie A,Frosinone Calcio,US Lecce,1,1
2024-03-03,Serie A,Atalanta BC,Bologna FC 1909,1,2
2024-03-03,Serie A,SSC Napoli,Juventus FC,2,1
2024-03-04,Serie A,FC Internazionale Milano,Genoa CFC,2,1
2024-03-08,Serie A,SSC Napoli,Torino FC,1,1
2024-03-09,Serie A,Cagliari Calcio,US Salernitana 1919,4,2
2024-03-09,Serie A,US Sassuolo Calcio,Frosinone Calcio,1,0
2024-03-09,Serie A,Bologna FC 1909,FC Internazionale Milano,0,1
2024-03-09,Serie A,Genoa CFC,AC Monza,2,3
2024-03-10,Serie A,US Lecce,Hellas Verona FC,0,1
2024-03-10,Serie A,AC Milan,Empoli FC,1,0
2024-03-10,Serie A,Juventus FC,Atalanta BC,2,2
2024-03-10,Serie A,ACF Fiorentina,AS Roma,2,2
2024-03-11,Serie A,SS Lazio,Udinese Calcio,1,2
2024-03-15,Serie A,Empoli FC,Bologna FC 1909,0,1
2024-03-16,Serie A,AC Monza,Cagliari Calcio,1,0
2024-03-16,Serie A,Udinese Calcio,Torino FC,0,2
2024-03-16,Serie A,US Salernitana 1919,US Lecce,0,1
2024-03-16,Serie A,Frosinone Calcio,SS Lazio,2,3
2024-03-17,Serie A,Juventus FC,Genoa CFC,0,0
2024-03-17,Serie A,Hellas Verona FC,AC Milan,1,3
2024-03-17,Serie A,AS Roma,US Sassuolo Calcio,1,0
2024-03-17,Serie A,FC Internazionale Milano,SSC Napoli,1,1
2024-03-30,Serie A,SSC Napoli,Atalanta BC,0,3
2024-03-30,Serie A,Genoa CFC,Frosinone Calcio,1,1
2024-03-30,Serie A,Torino FC,AC Monza,1,0
2024-03-30,Serie A,SS Lazio,Juventus FC,1,0
2024-03-30,Serie A,ACF Fiorentina,AC Milan,1,2
2024-04-01,Serie A,Bologna FC 1909,US Salernitana 1919,3,0
2024-04-01,Serie A,Cagliari Calcio,Hellas Verona FC,1,1
2024-04-01,Serie A,US Sassuolo Calcio,Udinese Calcio,1,1
2024-04-01,Serie A,US Lecce,AS Roma,0,0
2024-04-01,Serie A,FC Internazionale Milano,Empoli FC,2,0
2024-04-05,Serie A,US Salernitana 1919,US Sassuolo Calcio,2,2
2024-04-06,Serie A,AC Milan,US Lecce,3,0
2024-04-06,Serie A,AS Roma,SS Lazio,1,0
2024-04-06,Serie A,Empoli FC,Torino FC,3,2
2024-04-07,Serie A,Frosinone Calcio,Bologna FC 1909,0,0
2024-04-07,Serie A,AC Monza,SSC Napoli,2,4
2024-04-07,Serie A,Cagliari Calcio,Atalanta BC,2,1
2024-04-07,Serie A,Hellas Verona FC,Genoa CFC,1,2
2024-04-07,Serie A,Juventus FC,ACF Fiorentina,1,0
2024-04-08,Serie A,Udinese Calcio,FC Internazionale Milano,1,2
2024-04-12,Serie A,SS Lazio,US Salernitana 1919,4,1
2024-04-13,Serie A,US Lecce,Empoli FC,1,0
2024-04-13,Serie A,Torino FC,Juventus FC,0,0
2024-04-13,Serie A,Bologna FC 1909,AC Monza,0,0
2024-04-14,Serie A,SSC Napoli,Frosinone Calcio,2,2
2024-04-14,Serie A,US Sassuolo Calcio,AC Milan,3,3
2024-04-14,Serie A,FC Internazionale Milano,Cagliari Calcio,2,2
2024-04-15,Serie A,ACF Fiorentina,Genoa CFC,1,1
2024-04-15,Serie A,Atalanta BC,Hellas Verona FC,2,2
2024-04-19,Serie A,Genoa CFC,SS Lazio,0,1
2024-04-19,Serie A,Cagliari Calcio,Juventus FC,2,2
2024-04-20,Serie A,Empoli FC,SSC Napoli,1,0
2024-04-20,Serie A,Hellas Verona FC,Udinese Calcio,1,0
2024-04-21,Serie A,US Sassuolo Calcio,US Lecce,0,3
2024-04-21,Serie A,Torino FC,Frosinone Calcio,0,0
2024-04-21,Serie A,US Salernitana 1919,ACF Fiorentina,0,2
2024-04-21,Serie A,AC Monza,Atalanta BC,1,2
2024-04-22,Serie A,AS Roma,Bologna FC 1909,1,3
2024-04-22,Serie A,AC Milan,FC Internazionale Milano,1,2
2024-04-25,Serie A,Udinese Calcio,AS Roma,1,2
2024-04-26,Serie A,Frosinone Calcio,US Salernitana 1919,3,0
2024-04-27,Serie A,US Lecce,AC Monza,1,1
2024-04-27,Serie A,Juventus FC,AC Milan,0,0
2024-04-27,Serie A,SS Lazio,Hellas Verona FC,1,0
2024-04-28,Serie A,FC Internazionale Milano,Torino FC,2,0
2024-04-28,Serie A,Bologna FC 1909,Udinese Calcio,1,1
2024-04-28,Serie A,Atalanta BC,Empoli FC,2,0
2024-04-28,Serie A,SSC Napoli,AS Roma,2,2
2024-04-28,Serie A,ACF Fiorentina,US Sassuolo Calcio,5,1
2024-04-29,Serie A,Genoa CFC,Cagliari Calcio,3,0
2024-05-03,Serie A,Torino FC,Bologna FC 1909,0,0
2024-05-04,Serie A,AC Monza,SS Lazio,2,2
2024-05-04,Serie A,US Sassuolo Calcio,FC Internazionale Milano,1,0
2024-05-05,Serie A,Cagliari Calcio,US Lecce,1,1
2024-05-05,Serie A,Empoli FC,Frosinone Calcio,0,0
2024-05-05,Serie A,Hellas Verona FC,ACF Fiorentina,2,1
2024-05-05,Serie A,AC Milan,Genoa CFC,3,3
2024-05-05,Serie A,AS Roma,Juventus FC,1,1
2024-05-06,Serie A,US Salernitana 1919,Atalanta BC,1,2
2024-05-06,Serie A,Udinese Calcio,SSC Napoli,1,1
2024-05-10,Serie A,Frosinone Calcio,FC Internazionale Milano,0,5
2024-05-11,Serie A,SSC Napoli,Bologna FC 1909,0,2
2024-05-11,Serie A,AC Milan,Cagliari Calcio,5,1
2024-05-12,Serie A,SS Lazio,Empoli FC,2,0
2024-05-12,Serie A,Genoa CFC,US Sassuolo Calcio,2,1
2024-05-12,Serie A,Hellas Verona FC,Torino FC,1,2
2024-05-12,Serie A,Juventus FC,US Salernitana 1919,1,1
2024-05-12,Serie A,Atalanta BC,AS Roma,2,1
2024-05-13,Serie A,US Lecce,Udinese Calcio,0,2
2024-05-13,Serie A,ACF Fiorentina,AC Monza,2,1
2024-05-17,Serie A,ACF Fiorentina,SSC Napoli,2,2
2024-05-18,Serie A,US Lecce,Atalanta BC,0,2
2024-05-18,Serie A,Torino FC,AC Milan,3,1
2024-05-19,Serie A,US Sassuolo Calcio,Cagliari Calcio,0,2
2024-05-19,Serie A,AC Monza,Frosinone Calcio,0,1
2024-05-19,Serie A,Udinese Calcio,Empoli FC,1,1
2024-05-19,Serie A,FC Internazionale Milano,SS Lazio,1,1
2024-05-19,Serie A,AS Roma,Genoa CFC,1,0
2024-05-20,Serie A,US Salernitana 1919,Hellas Verona FC,1,2
2024-05-20,Serie A,Bologna FC 1909,Juventus FC,3,3
2024-05-23,Serie A,Cagliari Calcio,ACF Fiorentina,2,3
2024-05-24,Serie A,Genoa CFC,Bologna FC 1909,2,0
2024-05-25,Serie A,Juventus FC,AC Monza,2,0
2024-05-25,Serie A,AC Milan,US Salernitana 1919,3,3
2024-05-26,Serie A,Atalanta BC,Torino FC,3,0
2024-05-26,Serie A,SSC Napoli,US Lecce,0,0
2024-05-26,Serie A,Empoli FC,AS Roma,2,1
2024-05-26,Serie A,Frosinone Calcio,Udinese Calcio,0,1
2024-05-26,Serie A,Hellas Verona FC,FC Internazionale Milano,2,2
2024-05-26,Serie A,SS Lazio,US Sassuolo Calcio,1,1
2024-06-02,Serie A,Atalanta BC,ACF Fiorentina,2,3
2023-08-11,Ligue 1,OGC Nice,Lille OSC,1,1
2023-08-12,Ligue 1,Olympique de Marseille,Stade de Reims,2,1
2023-08-12,Ligue 1,Paris Saint-Germain FC,FC Lorient,0,0
2023-08-13,Ligue 1,Stade Brestois 29,Racing Club de Lens,3,2
2023-08-13,Ligue 1,Clermont Foot 63,AS Monaco FC,2,4
2023-08-13,Ligue 1,FC Nantes,Toulouse FC,1,2
2023-08-13,Ligue 1,Montpellier HSC,Le Havre AC,2,2
2023-08-13,Ligue 1,Stade Rennais FC 1901,FC Metz,5,1
2023-08-13,Ligue 1,RC Strasbourg Alsace,Olympique Lyonnais,2,1
2023-08-18,Ligue 1,FC Metz,Olympique de Marseille,2,2
2023-08-19,Ligue 1,Olympique Lyonnais,Montpellier HSC,1,4
2023-08-19,Ligue 1,Toulouse FC,Paris Saint-Germain FC,1,1
2023-08-20,Ligue 1,Lille OSC,FC Nantes,2,0
2023-08-20,Ligue 1,Le Havre AC,Stade Brestois 29,1,2
2023-08-20,Ligue 1,FC Lorient,OGC Nice,1,1
2023-08-20,Ligue 1,Stade de Reims,Clermont Foot 63,2,0
2023-08-20,Ligue 1,AS Monaco FC,RC Strasbourg Alsace,3,0
2023-08-20,Ligue 1,Racing Club de Lens,Stade Rennais FC 1901,1,1
2023-08-25,Ligue 1,FC Nantes,AS Monaco FC,3,3
2023-08-26,Ligue 1,Olympique de Marseille,Stade Brestois 29,2,0
2023-08-26,Ligue 1,Paris Saint-Germain FC,Racing Club de Lens,3,1
2023-08-27,Ligue 1,Stade Rennais FC 1901,Le Havre AC,2,2
2023-08-27,Ligue 1,Clermont Foot 63,FC Metz,0,1
2023-08-27,Ligue 1,Montpellier HSC,Stade de Reims,1,3
2023-08-27,Ligue 1,RC Strasbourg Alsace,Toulouse FC,2,0
2023-08-27,Ligue 1,FC Lorient,Lille OSC,4,1
2023-08-27,Ligue 1,OGC Nice,Olympique Lyonnais,0,0
2023-09-01,Ligue 1,FC Nantes,Olympique de Marseille,1,1
2023-09-02,Ligue 1,Stade Brestois 29,Stade Rennais FC 1901,0,0
2023-09-02,Ligue 1,AS Monaco FC,Racing Club de Lens,3,0
2023-09-03,Ligue 1,Toulouse FC,Clermont Foot 63,2,2
2023-09-03,Ligue 1,Le Havre AC,FC Lorient,3,0
2023-09-03,Ligue 1,FC Metz,Stade de Reims,2,2
2023-09-03,Ligue 1,Lille OSC,Montpellier HSC,1,0
2023-09-03,Ligue 1,OGC Nice,RC Strasbourg Alsace,2,0
2023-09-03,Ligue 1,Olympique Lyonnais,Paris Saint-Germain FC,1,4
2023-09-15,Ligue 1,Paris Saint-Germain FC,OGC Nice,2,3
2023-09-16,Ligue 1,Stade Rennais FC 1901,Lille OSC,2,2
2023-09-16,Ligue 1,Racing Club de Lens,FC Metz,0,1
2023-09-17,Ligue 1,FC Lorient,AS Monaco FC,2,2
2023-09-17,Ligue 1,Clermont Foot 63,FC Nantes,0,1
2023-09-17,Ligue 1,RC Strasbourg Alsace,Montpellier HSC,2,2
2023-09-17,Ligue 1,Stade de Reims,Stade Brestois 29,1,2
2023-09-17,Ligue 1,Olympique de Marseille,Toulouse FC,0,0
2023-09-17,Ligue 1,Olympique Lyonnais,Le Havre AC,0,0
2023-09-22,Ligue 1,AS Monaco FC,OGC Nice,0,1
2023-09-23,Ligue 1,FC Nantes,FC Lorient,5,3
2023-09-23,Ligue 1,Stade Brestois 29,Olympique Lyonnais,1,0
2023-09-24,Ligue 1,FC Metz,RC Strasbourg Alsace,0,1
2023-09-24,Ligue 1,Le Havre AC,Clermont Foot 63,2,1
2023-09-24,Ligue 1,Racing Club de Lens,Toulouse FC,2,1
2023-09-24,Ligue 1,Montpellier HSC,Stade Rennais FC 1901,0,0
2023-09-24,Ligue 1,Paris Saint-Germain FC,Olympique de Marseille,4,0
2023-09-26,Ligue 1,Lille OSC,Stade de Reims,1,2
2023-09-29,Ligue 1,RC Strasbourg Alsace,Racing Club de Lens,0,1
2023-09-30,Ligue 1,Clermont Foot 63,Paris Saint-Germain FC,0,0
2023-09-30,Ligue 1,AS Monaco FC,Olympique de Marseille,3,2
2023-10-01,Ligue 1,Stade de Reims,Olympique Lyonnais,2,0
2023-10-01,Ligue 1,Le Havre AC,Lille OSC,0,2
2023-10-01,Ligue 1,Toulouse FC,FC Metz,3,0
2023-10-01,Ligue 1,OGC Nice,Stade Brestois 29,0,0
2023-10-01,Ligue 1,FC Lorient,Montpellier HSC,0,3
2023-10-01,Ligue 1,Stade Rennais FC 1901,FC Nantes,3,1
2023-10-06,Ligue 1,RC Strasbourg Alsace,FC Nantes,1,2
2023-10-07,Ligue 1,FC Metz,OGC Nice,0,1
2023-10-07,Ligue 1,Stade de Reims,AS Monaco FC,1,3
2023-10-08,Ligue 1,Olympique de Marseille,Le Havre AC,3,0
2023-10-08,Ligue 1,Olympique Lyonnais,FC Lorient,3,3
2023-10-08,Ligue 1,Stade Brestois 29,Toulouse FC,1,1
2023-10-08,Ligue 1,Racing Club de Lens,Lille OSC,1,1
2023-10-08,Ligue 1,Stade Rennais FC 1901,Paris Saint-Germain FC,1,3
2023-10-20,Ligue 1,Le Havre AC,Racing Club de Lens,0,0
2023-10-21,Ligue 1,Paris Saint-Germain FC,RC Strasbourg Alsace,3,0
2023-10-21,Ligue 1,OGC Nice,Olympique de Marseille,1,0
2023-10-22,Ligue 1,FC Lorient,Stade Rennais FC 1901,2,1
2023-10-22,Ligue 1,FC Nantes,Montpellier HSC,2,0
2023-10-22,Ligue 1,Toulouse FC,Stade de Reims,1,1
2023-10-22,Ligue 1,Lille OSC,Stade Brestois 29,1,0
2023-10-22,Ligue 1,AS Monaco FC,FC Metz,2,1
2023-10-22,Ligue 1,Olympique Lyonnais,Clermont Foot 63,1,2
2023-10-27,Ligue 1,Clermont Foot 63,OGC Nice,0,1
2023-10-28,Ligue 1,Stade de Reims,FC Lorient,1,0
2023-10-28,Ligue 1,Racing Club de Lens,FC Nantes,4,0
2023-10-29,Ligue 1,Stade Brestois 29,Paris Saint-Germain FC,2,3
2023-10-29,Ligue 1,FC Metz,Le Havre AC,0,0
2023-10-29,Ligue 1,Montpellier HSC,Toulouse FC,3,0
2023-10-29,Ligue 1,Lille OSC,AS Monaco FC,2,0
2023-10-29,Ligue 1,Stade Rennais FC 1901,RC Strasbourg Alsace,1,1
2023-11-03,Ligue 1,Paris Saint-Germain FC,Montpellier HSC,3,0
2023-11-04,Ligue 1,FC Lorient,Racing Club de Lens,0,0
2023-11-04,Ligue 1,Olympique de Marseille,Lille OSC,0,0
2023-11-05,Ligue 1,Olympique Lyonnais,FC Metz,1,1
2023-11-05,Ligue 1,FC Nantes,Stade de Reims,0,1
2023-11-05,Ligue 1,Toulouse FC,Le Havre AC,1,2
2023-11-05,Ligue 1,RC Strasbourg Alsace,Clermont Foot 63,0,0
2023-11-05,Ligue 1,AS Monaco FC,Stade Brestois 29,2,0
2023-11-05,Ligue 1,OGC Nice,Stade Rennais FC 1901,2,0
2023-11-10,Ligue 1,Montpellier HSC,OGC Nice,0,0
2023-11-11,Ligue 1,Stade de Reims,Paris Saint-Germain FC,0,3
2023-11-11,Ligue 1,Le Havre AC,AS Monaco FC,0,0
2023-11-12,Ligue 1,Clermont Foot 63,FC Lorient,1,0
2023-11-12,Ligue 1,FC Metz,FC Nantes,3,1
2023-11-12,Ligue 1,Lille OSC,Toulouse FC,1,1
2023-11-12,Ligue 1,Stade Rennais FC 1901,Olympique Lyonnais,0,1
2023-11-12,Ligue 1,Racing Club de Lens,Olympique de Marseille,1,0
2023-11-24,Ligue 1,Paris Saint-Germain FC,AS Monaco FC,5,2
2023-11-25,Ligue 1,Clermont Foot 63,Racing Club de Lens,0,3
2023-11-25,Ligue 1,RC Strasbourg Alsace,Olympique de Marseille,1,1
2023-11-26,Ligue 1,OGC Nice,Toulouse FC,1,0
2023-11-26,Ligue 1,FC Lorient,FC Metz,2,3
2023-11-26,Ligue 1,FC Nantes,Le Havre AC,0,0
2023-11-26,Ligue 1,Montpellier HSC,Stade Brestois 29,1,3
2023-11-26,Ligue 1,Stade Rennais FC 1901,Stade de Reims,3,1
2023-11-26,Ligue 1,Olympique Lyonnais,Lille OSC,0,2
2023-11-29,Ligue 1,Montpellier HSC,Clermont Foot 63,1,1
2023-12-01,Ligue 1,Stade de Reims,RC Strasbourg Alsace,2,1
2023-12-02,Ligue 1,Racing Club de Lens,Olympique Lyonnais,3,2
2023-12-02,Ligue 1,FC Nantes,OGC Nice,1,0
2023-12-03,Ligue 1,Le Havre AC,Paris Saint-Germain FC,0,2
2023-12-03,Ligue 1,AS Monaco FC,Montpellier HSC,2,0
2023-12-03,Ligue 1,Toulouse FC,FC Lorient,1,1
2023-12-03,Ligue 1,Stade Brestois 29,Clermont Foot 63,3,0
2023-12-03,Ligue 1,Lille OSC,FC Metz,2,0
2023-12-03,Ligue 1,Olympique de Marseille,Stade Rennais FC 1901,2,0
2023-12-06,Ligue 1,Olympique de Marseille,Olympique Lyonnais,3,0
2023-12-07,Ligue 1,Stade Brestois 29,RC Strasbourg Alsace,1,1
2023-12-08,Ligue 1,Montpellier HSC,Racing Club de Lens,0,0
2023-12-09,Ligue 1,Stade Rennais FC 1901,AS Monaco FC,1,2
2023-12-09,Ligue 1,Paris Saint-Germain FC,FC Nantes,2,1
2023-12-10,Ligue 1,OGC Nice,Stade de Reims,2,1
2023-12-10,Ligue 1,Clermont Foot 63,Lille OSC,0,0
2023-12-10,Ligue 1,FC Metz,Stade Brestois 29,0,1
2023-12-10,Ligue 1,RC Strasbourg Alsace,Le Havre AC,2,1
2023-12-10,Ligue 1,Olympique Lyonnais,Toulouse FC,3,0
2023-12-10,Ligue 1,FC Lorient,Olympique de Marseille,2,4
2023-12-15,Ligue 1,AS Monaco FC,Olympique Lyonnais,0,1
2023-12-16,Ligue 1,Le Havre AC,OGC Nice,3,1
2023-12-16,Ligue 1,Racing Club de Lens,Stade de Reims,2,0
2023-12-17,Ligue 1,FC Nantes,Stade Brestois 29,0,2
2023-12-17,Ligue 1,FC Lorient,RC Strasbourg Alsace,1,2
2023-12-17,Ligue 1,FC Metz,Montpellier HSC,0,1
2023-12-17,Ligue 1,Toulouse FC,Stade Rennais FC 1901,0,0
2023-12-17,Ligue 1,Olympique de Marseille,Clermont Foot 63,2,1
2023-12-17,Ligue 1,Lille OSC,Paris Saint-Germain FC,1,1
2023-12-20,Ligue 1,Clermont Foot 63,Stade Rennais FC 1901,1,3
2023-12-20,Ligue 1,Toulouse FC,AS Monaco FC,1,2
2023-12-20,Ligue 1,Montpellier HSC,Olympique de Marseille,1,1
2023-12-20,Ligue 1,OGC Nice,Racing Club de Lens,2,0
2023-12-20,Ligue 1,Olympique Lyonnais,FC Nantes,1,0
2023-12-20,Ligue 1,Paris Saint-Germain FC,FC Metz,3,1
2023-12-20,Ligue 1,RC Strasbourg Alsace,Lille OSC,2,1
2023-12-20,Ligue 1,Stade Brestois 29,FC Lorient,4,0
2023-12-20,Ligue 1,Stade de Reims,Le Havre AC,1,0
2024-01-12,Ligue 1,Olympique de Marseille,RC Strasbourg Alsace,1,1
2024-01-13,Ligue 1,AS Monaco FC,Stade de Reims,1,3
2024-01-13,Ligue 1,Stade Rennais FC 1901,OGC Nice,2,0
2024-01-14,Ligue 1,Lille OSC,FC Lorient,3,0
2024-01-14,Ligue 1,FC Metz,Toulouse FC,0,1
2024-01-14,Ligue 1,FC Nantes,Clermont Foot 63,1,2
2024-01-14,Ligue 1,Stade Brestois 29,Montpellier HSC,2,0
2024-01-14,Ligue 1,Le Havre AC,Olympique Lyonnais,3,1
2024-01-14,Ligue 1,Racing Club de Lens,Paris Saint-Germain FC,0,2
2024-01-26,Ligue 1,Olympique Lyonnais,Stade Rennais FC 1901,2,3
2024-01-27,Ligue 1,OGC Nice,FC Metz,1,0
2024-01-27,Ligue 1,Olympique de Marseille,AS Monaco FC,2,2
2024-01-28,Ligue 1,Montpellier HSC,Lille OSC,0,0
2024-01-28,Ligue 1,Clermont Foot 63,RC Strasbourg Alsace,1,1
2024-01-28,Ligue 1,FC Lorient,Le Havre AC,3,3
2024-01-28,Ligue 1,Stade de Reims,FC Nantes,0,0
2024-01-28,Ligue 1,Toulouse FC,Racing Club de Lens,0,2
2024-01-28,Ligue 1,Paris Saint-Germain FC,Stade Brestois 29,2,2
2024-02-02,Ligue 1,RC Strasbourg Alsace,Paris Saint-Germain FC,1,2
2024-02-03,Ligue 1,Stade Rennais FC 1901,Montpellier HSC,2,1
2024-02-03,Ligue 1,FC Nantes,Racing Club de Lens,0,1
2024-02-04,Ligue 1,AS Monaco FC,Le Havre AC,1,1
2024-02-04,Ligue 1,Lille OSC,Clermont Foot 63,4,0
2024-02-04,Ligue 1,Stade de Reims,Toulouse FC,2,3
2024-02-04,Ligue 1,FC Metz,FC Lorient,1,2
2024-02-04,Ligue 1,Stade Brestois 29,OGC Nice,0,0
2024-02-04,Ligue 1,Olympique Lyonnais,Olympique de Marseille,1,0
2024-02-09,Ligue 1,Olympique de Marseille,FC Metz,1,1
2024-02-10,Ligue 1,Racing Club de Lens,RC Strasbourg Alsace,3,1
2024-02-10,Ligue 1,Paris Saint-Germain FC,Lille OSC,3,1
2024-02-11,Ligue 1,Le Havre AC,Stade Rennais FC 1901,0,1
2024-02-11,Ligue 1,Clermont Foot 63,Stade Brestois 29,1,1
2024-02-11,Ligue 1,FC Lorient,Stade de Reims,2,0
2024-02-11,Ligue 1,Toulouse FC,FC Nantes,1,2
2024-02-11,Ligue 1,Montpellier HSC,Olympique Lyonnais,1,2
2024-02-11,Ligue 1,OGC Nice,AS Monaco FC,2,3
2024-02-16,Ligue 1,Olympique Lyonnais,OGC Nice,1,0
2024-02-17,Ligue 1,Lille OSC,Le Havre AC,3,0
2024-02-17,Ligue 1,FC Nantes,Paris Saint-Germain FC,0,2
2024-02-18,Ligue 1,RC Strasbourg Alsace,FC Lorient,1,3
2024-02-18,Ligue 1,AS Monaco FC,Toulouse FC,1,2
2024-02-18,Ligue 1,Montpellier HSC,FC Metz,3,0
2024-02-18,Ligue 1,Stade Rennais FC 1901,Clermont Foot 63,3,1
2024-02-18,Ligue 1,Stade de Reims,Racing Club de Lens,1,1
2024-02-18,Ligue 1,Stade Brestois 29,Olympique de Marseille,1,0
2024-02-23,Ligue 1,FC Metz,Olympique Lyonnais,1,2
2024-02-24,Ligue 1,FC Lorient,FC Nantes,0,1
2024-02-24,Ligue 1,RC Strasbourg Alsace,Stade Brestois 29,0,3
2024-02-25,Ligue 1,Racing Club de Lens,AS Monaco FC,2,3
2024-02-25,Ligue 1,Le Havre AC,Stade de Reims,1,2
2024-02-25,Ligue 1,Toulouse FC,Lille OSC,3,1
2024-02-25,Ligue 1,OGC Nice,Clermont Foot 63,0,0
2024-02-25,Ligue 1,Paris Saint-Germain FC,Stade Rennais FC 1901,1,1
2024-02-25,Ligue 1,Olympique de Marseille,Montpellier HSC,4,1
2024-03-01,Ligue 1,AS Monaco FC,Paris Saint-Germain FC,0,0
2024-03-02,Ligue 1,Stade de Reims,Lille OSC,0,1
2024-03-02,Ligue 1,Clermont Foot 63,Olympique de Marseille,1,5
2024-03-03,Ligue 1,Toulouse FC,OGC Nice,2,1
2024-03-03,Ligue 1,FC Nantes,FC Metz,0,2
2024-03-03,Ligue 1,Montpellier HSC,RC Strasbourg Alsace,2,2
2024-03-03,Ligue 1,Stade Brestois 29,Le Havre AC,1,0
2024-03-03,Ligue 1,Stade Rennais FC 1901,FC Lorient,1,2
2024-03-03,Ligue 1,Olympique Lyonnais,Racing Club de Lens,0,3
2024-03-08,Ligue 1,OGC Nice,Montpellier HSC,1,2
2024-03-09,Ligue 1,FC Lorient,Olympique Lyonnais,0,2
2024-03-09,Ligue 1,Racing Club de Lens,Stade Brestois 29,1,0
2024-03-10,Ligue 1,Paris Saint-Germain FC,Stade de Reims,2,2
2024-03-10,Ligue 1,Le Havre AC,Toulouse FC,1,0
2024-03-10,Ligue 1,FC Metz,Clermont Foot 63,1,0
2024-03-10,Ligue 1,RC Strasbourg Alsace,AS Monaco FC,0,1
2024-03-10,Ligue 1,Lille OSC,Stade Rennais FC 1901,2,2
2024-03-10,Ligue 1,Olympique de Marseille,FC Nantes,2,0
2024-03-15,Ligue 1,Toulouse FC,Olympique Lyonnais,2,3
2024-03-16,Ligue 1,FC Nantes,RC Strasbourg Alsace,1,3
2024-03-16,Ligue 1,Racing Club de Lens,OGC Nice,1,3
2024-03-17,Ligue 1,Stade Brestois 29,Lille OSC,1,1
2024-03-17,Ligue 1,AS Monaco FC,FC Lorient,2,2
2024-03-17,Ligue 1,Clermont Foot 63,Le Havre AC,2,1
2024-03-17,Ligue 1,Stade de Reims,FC Metz,2,1
2024-03-17,Ligue 1,Stade Rennais FC 1901,Olympique de Marseille,2,0
2024-03-17,Ligue 1,Montpellier HSC,Paris Saint-Germain FC,2,6
2024-03-29,Ligue 1,Lille OSC,Racing Club de Lens,2,1
2024-03-30,Ligue 1,FC Metz,AS Monaco FC,2,5
2024-03-30,Ligue 1,Olympique Lyonnais,Stade de Reims,1,1
2024-03-31,Ligue 1,FC Lorient,Stade Brestois 29,0,1
2024-03-31,Ligue 1,Le Havre AC,Montpellier HSC,0,2
2024-03-31,Ligue 1,Clermont Foot 63,Toulouse FC,0,3
2024-03-31,Ligue 1,OGC Nice,FC Nantes,1,2
2024-03-31,Ligue 1,RC Strasbourg Alsace,Stade Rennais FC 1901,2,0
2024-03-31,Ligue 1,Olympique de Marseille,Paris Saint-Germain FC,0,2
2024-04-05,Ligue 1,Lille OSC,Olympique de Marseille,3,1
2024-04-06,Ligue 1,Racing Club de Lens,Le Havre AC,1,1
2024-04-06,Ligue 1,Paris Saint-Germain FC,Clermont Foot 63,1,1
2024-04-07,Ligue 1,Stade Brestois 29,FC Metz,4,3
2024-04-07,Ligue 1,Toulouse FC,RC Strasbourg Alsace,0,0
2024-04-07,Ligue 1,Montpellier HSC,FC Lorient,2,0
2024-04-07,Ligue 1,Stade de Reims,OGC Nice,0,0
2024-04-07,Ligue 1,AS Monaco FC,Stade Rennais FC 1901,1,0
2024-04-07,Ligue 1,FC Nantes,Olympique Lyonnais,1,3
2024-04-12,Ligue 1,FC Metz,Racing Club de Lens,2,1
2024-04-13,Ligue 1,RC Strasbourg Alsace,Stade de Reims,3,1
2024-04-13,Ligue 1,Stade Rennais FC 1901,Toulouse FC,1,2
2024-04-14,Ligue 1,Le Havre AC,FC Nantes,0,1
2024-04-14,Ligue 1,Clermont Foot 63,Montpellier HSC,1,1
2024-04-14,Ligue 1,Olympique Lyonnais,Stade Brestois 29,4,3
2024-04-19,Ligue 1,OGC Nice,FC Lorient,3,0
2024-04-20,Ligue 1,FC Nantes,Stade Rennais FC 1901,0,3
2024-04-20,Ligue 1,Racing Club de Lens,Clermont Foot 63,1,0
2024-04-21,Ligue 1,Le Havre AC,FC Metz,0,1
2024-04-21,Ligue 1,Lille OSC,RC Strasbourg Alsace,1,0
2024-04-21,Ligue 1,Stade de Reims,Montpellier HSC,1,2
2024-04-21,Ligue 1,Stade Brestois 29,AS Monaco FC,0,2
2024-04-21,Ligue 1,Toulouse FC,Olympique de Marseille,2,2
2024-04-21,Ligue 1,Paris Saint-Germain FC,Olympique Lyonnais,4,1
2024-04-24,Ligue 1,FC Lorient,Paris Saint-Germain FC,1,4
2024-04-24,Ligue 1,AS Monaco FC,Lille OSC,1,0
2024-04-24,Ligue 1,Olympique de Marseille,OGC Nice,2,2
2024-04-26,Ligue 1,Montpellier HSC,FC Nantes,1,1
2024-04-27,Ligue 1,Paris Saint-Germain FC,Le Havre AC,3,3
2024-04-28,Ligue 1,FC Metz,Lille OSC,1,2
2024-04-28,Ligue 1,Clermont Foot 63,Stade de Reims,4,1
2024-04-28,Ligue 1,FC Lorient,Toulouse FC,1,2
2024-04-28,Ligue 1,RC Strasbourg Alsace,OGC Nice,1,3
2024-04-28,Ligue 1,Stade Rennais FC 1901,Stade Brestois 29,4,5
2024-04-28,Ligue 1,Olympique Lyonnais,AS Monaco FC,3,2
2024-04-28,Ligue 1,Olympique de Marseille,Racing Club de Lens,2,1
2024-05-03,Ligue 1,Toulouse FC,Montpellier HSC,1,2
2024-05-03,Ligue 1,Racing Club de Lens,FC Lorient,2,0
2024-05-04,Ligue 1,Le Havre AC,RC Strasbourg Alsace,3,1
2024-05-04,Ligue 1,AS Monaco FC,Clermont Foot 63,4,1
2024-05-04,Ligue 1,FC Metz,Stade Rennais FC 1901,2,3
2024-05-04,Ligue 1,Stade Brestois 29,FC Nantes,0,0
2024-05-06,Ligue 1,Lille OSC,Olympique Lyonnais,3,4
2024-05-10,Ligue 1,OGC Nice,Le Havre AC,1,0
2024-05-10,Ligue 1,Stade Brestois 29,Stade de Reims,1,1
2024-05-12,Ligue 1,Clermont Foot 63,Olympique Lyonnais,0,1
2024-05-12,Ligue 1,FC Nantes,Lille OSC,1,2
2024-05-12,Ligue 1,Montpellier HSC,AS Monaco FC,0,2
2024-05-12,Ligue 1,Olympique de Marseille,FC Lorient,3,1
2024-05-12,Ligue 1,Paris Saint-Germain FC,Toulouse FC,1,3
2024-05-12,Ligue 1,RC Strasbourg Alsace,FC Metz,2,1
2024-05-12,Ligue 1,Stade Rennais FC 1901,Racing Club de Lens,1,1
2024-05-15,Ligue 1,OGC Nice,Paris Saint-Germain FC,1,2
2024-05-15,Ligue 1,Stade de Reims,Olympique de Marseille,1,0
2024-05-19,Ligue 1,Le Havre AC,Olympique de Marseille,1,2
2024-05-19,Ligue 1,AS Monaco FC,FC Nantes,4,0
2024-05-19,Ligue 1,FC Lorient,Clermont Foot 63,5,0
2024-05-19,Ligue 1,FC Metz,Paris Saint-Germain FC,0,2
2024-05-19,Ligue 1,Toulouse FC,Stade Brestois 29,0,3
2024-05-19,Ligue 1,Olympique Lyonnais,RC Strasbourg Alsace,2,1
2024-05-19,Ligue 1,Lille OSC,OGC Nice,2,2
2024-05-19,Ligue 1,Racing Club de Lens,Montpellier HSC,2,2
2024-05-19,Ligue 1,Stade de Reims,Stade Rennais FC 1901,2,1
2023-08-04,EFL Championship,Sheffield Wednesday FC,Southampton FC,1,2
2023-08-05,EFL Championship,Blackburn Rovers FC,West Bromwich Albion FC,2,1
2023-08-05,EFL Championship,Bristol City FC,Preston North End FC,1,1
2023-08-05,EFL Championship,Middlesbrough FC,Millwall FC,0,1
2023-08-05,EFL Championship,Norwich City FC,Hull City AFC,2,1
2023-08-05,EFL Championship,Plymouth Argyle FC,Huddersfield Town AFC,3,1
2023-08-05,EFL Championship,Watford FC,Queens Park Rangers FC,4,0
2023-08-05,EFL Championship,Stoke City FC,Rotherham United FC,4,1
2023-08-05,EFL Championship,Swansea City AFC,Birmingham City FC,1,1
2023-08-06,EFL Championship,Leicester City FC,Coventry City FC,2,1
2023-08-06,EFL Championship,Leeds United FC,Cardiff City FC,2,2
2023-08-06,EFL Championship,Sunderland AFC,Ipswich Town FC,1,2
2023-08-12,EFL Championship,Coventry City FC,Middlesbrough FC,3,0
2023-08-12,EFL Championship,Birmingham City FC,Leeds United FC,1,0
2023-08-12,EFL Championship,Cardiff City FC,Queens Park Rangers FC,1,2
2023-08-12,EFL Championship,Millwall FC,Bristol City FC,0,1
2023-08-12,EFL Championship,Southampton FC,Norwich City FC,4,4
2023-08-12,EFL Championship,Watford FC,Plymouth Argyle FC,0,0
2023-08-12,EFL Championship,Huddersfield Town AFC,Leicester City FC,0,1
2023-08-12,EFL Championship,Hull City AFC,Sheffield Wednesday FC,4,2
2023-08-12,EFL Championship,Ipswich Town FC,Stoke City FC,2,0
2023-08-12,EFL Championship,Preston North End FC,Sunderland AFC,2,1
2023-08-12,EFL Championship,Rotherham United FC,Blackburn Rovers FC,2,2
2023-08-12,EFL Championship,West Bromwich Albion FC,Swansea City AFC,3,2
2023-08-18,EFL Championship,Leeds United FC,West Bromwich Albion FC,1,1
2023-08-19,EFL Championship,Plymouth Argyle FC,Southampton FC,1,2
2023-08-19,EFL Championship,Sunderland AFC,Rotherham United FC,2,1
2023-08-19,EFL Championship,Blackburn Rovers FC,Hull City AFC,1,2
2023-08-19,EFL Championship,Bristol City FC,Birmingham City FC,0,2
2023-08-19,EFL Championship,Middlesbrough FC,Huddersfield Town AFC,1,1
2023-08-19,EFL Championship,Leicester City FC,Cardiff City FC,2,1
2023-08-19,EFL Championship,Queens Park Rangers FC,Ipswich Town FC,0,1
2023-08-19,EFL Championship,Sheffield Wednesday FC,Preston North End FC,0,1
2023-08-19,EFL Championship,Stoke City FC,Watford FC,1,0
2023-08-19,EFL Championship,Swansea City AFC,Coventry City FC,1,1
2023-08-20,EFL Championship,Norwich City FC,Millwall FC,3,1
2023-08-25,EFL Championship,Hull City AFC,Bristol City FC,1,1
2023-08-26,EFL Championship,Birmingham City FC,Plymouth Argyle FC,2,1
2023-08-26,EFL Championship,Cardiff City FC,Sheffield Wednesday FC,2,1
2023-08-26,EFL Championship,Coventry City FC,Sunderland AFC,0,0
2023-08-26,EFL Championship,Millwall FC,Stoke City FC,1,0
2023-08-26,EFL Championship,Southampton FC,Queens Park Rangers FC,2,1
2023-08-26,EFL Championship,Huddersfield Town AFC,Norwich City FC,0,4
2023-08-26,EFL Championship,Ipswich Town FC,Leeds United FC,3,4
2023-08-26,EFL Championship,Preston North End FC,Swansea City AFC,2,1
2023-08-26,EFL Championship,Rotherham United FC,Leicester City FC,1,2
2023-08-26,EFL Championship,West Bromwich Albion FC,Middlesbrough FC,4,2
2023-08-27,EFL Championship,Watford FC,Blackburn Rovers FC,0,1
2023-09-02,EFL Championship,Sunderland AFC,Southampton FC,5,0
2023-09-02,EFL Championship,Birmingham City FC,Millwall FC,1,1
2023-09-02,EFL Championship,Swansea City AFC,Bristol City FC,1,2
2023-09-02,EFL Championship,Coventry City FC,Watford FC,3,3
2023-09-02,EFL Championship,Middlesbrough FC,Queens Park Rangers FC,0,2
2023-09-02,EFL Championship,Ipswich Town FC,Cardiff City FC,3,2
2023-09-02,EFL Championship,Leeds United FC,Sheffield Wednesday FC,0,0
2023-09-02,EFL Championship,Leicester City FC,Hull City AFC,0,1
2023-09-02,EFL Championship,Plymouth Argyle FC,Blackburn Rovers FC,3,0
2023-09-02,EFL Championship,Rotherham United FC,Norwich City FC,2,1
2023-09-02,EFL Championship,Stoke City FC,Preston North End FC,0,2
2023-09-02,EFL Championship,West Bromwich Albion FC,Huddersfield Town AFC,1,2
2023-09-15,EFL Championship,Hull City AFC,Coventry City FC,1,1
2023-09-15,EFL Championship,Southampton FC,Leicester City FC,1,4
2023-09-16,EFL Championship,Bristol City FC,West Bromwich Albion FC,0,0
2023-09-16,EFL Championship,Watford FC,Birmingham City FC,2,0
2023-09-16,EFL Championship,Huddersfield Town AFC,Rotherham United FC,2,0
2023-09-16,EFL Championship,Norwich City FC,Stoke City FC,1,0
2023-09-16,EFL Championship,Preston North End FC,Plymouth Argyle FC,2,1
2023-09-16,EFL Championship,Queens Park Rangers FC,Sunderland AFC,1,3
2023-09-16,EFL Championship,Sheffield Wednesday FC,Ipswich Town FC,0,1
2023-09-16,EFL Championship,Blackburn Rovers FC,Middlesbrough FC,2,1
2023-09-16,EFL Championship,Cardiff City FC,Swansea City AFC,2,0
2023-09-17,EFL Championship,Millwall FC,Leeds United FC,0,3
2023-09-19,EFL Championship,Bristol City FC,Plymouth Argyle FC,4,1
2023-09-19,EFL Championship,Cardiff City FC,Coventry City FC,3,2
2023-09-19,EFL Championship,Southampton FC,Ipswich Town FC,0,1
2023-09-19,EFL Championship,Preston North End FC,Birmingham City FC,2,1
2023-09-19,EFL Championship,Queens Park Rangers FC,Swansea City AFC,1,1
2023-09-19,EFL Championship,Sheffield Wednesday FC,Middlesbrough FC,1,1
2023-09-20,EFL Championship,Blackburn Rovers FC,Sunderland AFC,1,3
2023-09-20,EFL Championship,Millwall FC,Rotherham United FC,3,0
2023-09-20,EFL Championship,Watford FC,West Bromwich Albion FC,2,2
2023-09-20,EFL Championship,Huddersfield Town AFC,Stoke City FC,2,2
2023-09-20,EFL Championship,Hull City AFC,Leeds United FC,0,0
2023-09-20,EFL Championship,Norwich City FC,Leicester City FC,0,2
2023-09-22,EFL Championship,Birmingham City FC,Queens Park Rangers FC,0,0
2023-09-23,EFL Championship,Middlesbrough FC,Southampton FC,2,1
2023-09-23,EFL Championship,Ipswich Town FC,Blackburn Rovers FC,4,3
2023-09-23,EFL Championship,Leeds United FC,Watford FC,3,0
2023-09-23,EFL Championship,Leicester City FC,Bristol City FC,1,0
2023-09-23,EFL Championship,Plymouth Argyle FC,Norwich City FC,6,2
2023-09-23,EFL Championship,Rotherham United FC,Preston North End FC,1,1
2023-09-23,EFL Championship,Swansea City AFC,Sheffield Wednesday FC,3,0
2023-09-23,EFL Championship,West Bromwich Albion FC,Millwall FC,0,0
2023-09-24,EFL Championship,Stoke City FC,Hull City AFC,1,3
2023-09-24,EFL Championship,Sunderland AFC,Cardiff City FC,0,1
2023-09-25,EFL Championship,Coventry City FC,Huddersfield Town AFC,1,1
2023-09-29,EFL Championship,Sheffield Wednesday FC,Sunderland AFC,0,3
2023-09-30,EFL Championship,Southampton FC,Leeds United FC,3,1
2023-09-30,EFL Championship,Millwall FC,Swansea City AFC,0,3
2023-09-30,EFL Championship,Bristol City FC,Stoke City FC,2,3
2023-09-30,EFL Championship,Cardiff City FC,Rotherham United FC,2,0
2023-09-30,EFL Championship,Watford FC,Middlesbrough FC,2,3
2023-09-30,EFL Championship,Huddersfield Town AFC,Ipswich Town FC,1,1
2023-09-30,EFL Championship,Hull City AFC,Plymouth Argyle FC,1,1
2023-09-30,EFL Championship,Norwich City FC,Birmingham City FC,2,0
2023-09-30,EFL Championship,Preston North End FC,West Bromwich Albion FC,0,4
2023-09-30,EFL Championship,Queens Park Rangers FC,Coventry City FC,1,3
2023-10-01,EFL Championship,Blackburn Rovers FC,Leicester City FC,1,4
2023-10-03,EFL Championship,Birmingham City FC,Huddersfield Town AFC,4,1
2023-10-03,EFL Championship,Middlesbrough FC,Cardiff City FC,2,0
2023-10-03,EFL Championship,Ipswich Town FC,Hull City AFC,3,0
2023-10-03,EFL Championship,Plymouth Argyle FC,Millwall FC,0,2
2023-10-03,EFL Championship,Stoke City FC,Southampton FC,0,1
2023-10-03,EFL Championship,West Bromwich Albion FC,Sheffield Wednesday FC,1,0
2023-10-04,EFL Championship,Sunderland AFC,Watford FC,2,0
2023-10-04,EFL Championship,Coventry City FC,Blackburn Rovers FC,1,0
2023-10-04,EFL Championship,Leeds United FC,Queens Park Rangers FC,1,0
2023-10-04,EFL Championship,Leicester City FC,Preston North End FC,3,0
2023-10-04,EFL Championship,Swansea City AFC,Norwich City FC,2,1
2023-10-04,EFL Championship,Rotherham United FC,Bristol City FC,1,2
2023-10-06,EFL Championship,Birmingham City FC,West Bromwich Albion FC,3,1
2023-10-07,EFL Championship,Sunderland AFC,Middlesbrough FC,0,4
2023-10-07,EFL Championship,Cardiff City FC,Watford FC,1,1
2023-10-07,EFL Championship,Coventry City FC,Norwich City FC,1,1
2023-10-07,EFL Championship,Millwall FC,Hull City AFC,2,2
2023-10-07,EFL Championship,Southampton FC,Rotherham United FC,1,1
2023-10-07,EFL Championship,Ipswich Town FC,Preston North End FC,4,2
2023-10-07,EFL Championship,Leeds United FC,Bristol City FC,2,1
2023-10-07,EFL Championship,Leicester City FC,Stoke City FC,2,0
2023-10-07,EFL Championship,Plymouth Argyle FC,Swansea City AFC,1,3
2023-10-07,EFL Championship,Queens Park Rangers FC,Blackburn Rovers FC,0,4
2023-10-07,EFL Championship,Sheffield Wednesday FC,Huddersfield Town AFC,0,0
2023-10-21,EFL Championship,Preston North End FC,Millwall FC,1,1
2023-10-21,EFL Championship,Blackburn Rovers FC,Cardiff City FC,1,0
2023-10-21,EFL Championship,Bristol City FC,Coventry City FC,1,0
2023-10-21,EFL Championship,Middlesbrough FC,Birmingham City FC,1,0
2023-10-21,EFL Championship,Watford FC,Sheffield Wednesday FC,1,0
2023-10-21,EFL Championship,Huddersfield Town AFC,Queens Park Rangers FC,2,1
2023-10-21,EFL Championship,Hull City AFC,Southampton FC,1,2
2023-10-21,EFL Championship,Norwich City FC,Leeds United FC,2,3
2023-10-21,EFL Championship,Stoke City FC,Sunderland AFC,2,1
2023-10-21,EFL Championship,Swansea City AFC,Leicester City FC,1,3
2023-10-21,EFL Championship,West Bromwich Albion FC,Plymouth Argyle FC,0,0
2023-10-24,EFL Championship,Millwall FC,Blackburn Rovers FC,1,2
2023-10-24,EFL Championship,Huddersfield Town AFC,Cardiff City FC,0,4
2023-10-24,EFL Championship,Norwich City FC,Middlesbrough FC,1,2
2023-10-24,EFL Championship,Swansea City AFC,Watford FC,0,1
2023-10-24,EFL Championship,Leicester City FC,Sunderland AFC,1,0
2023-10-24,EFL Championship,West Bromwich Albion FC,Queens Park Rangers FC,2,0
2023-10-25,EFL Championship,Birmingham City FC,Hull City AFC,0,2
2023-10-25,EFL Championship,Bristol City FC,Ipswich Town FC,0,1
2023-10-25,EFL Championship,Plymouth Argyle FC,Sheffield Wednesday FC,3,0
2023-10-25,EFL Championship,Preston North End FC,Southampton FC,2,2
2023-10-25,EFL Championship,Rotherham United FC,Coventry City FC,2,0
2023-10-25,EFL Championship,Stoke City FC,Leeds United FC,1,0
2023-10-28,EFL Championship,Southampton FC,Birmingham City FC,3,1
2023-10-28,EFL Championship,Leeds United FC,Huddersfield Town AFC,4,1
2023-10-28,EFL Championship,Sunderland AFC,Norwich City FC,3,1
2023-10-28,EFL Championship,Blackburn Rovers FC,Swansea City AFC,0,1
2023-10-28,EFL Championship,Cardiff City FC,Bristol City FC,2,0
2023-10-28,EFL Championship,Middlesbrough FC,Stoke City FC,0,2
2023-10-28,EFL Championship,Watford FC,Millwall FC,2,2
2023-10-28,EFL Championship,Hull City AFC,Preston North End FC,1,0
2023-10-28,EFL Championship,Ipswich Town FC,Plymouth Argyle FC,3,2
2023-10-28,EFL Championship,Queens Park Rangers FC,Leicester City FC,1,2
2023-10-29,EFL Championship,Sheffield Wednesday FC,Rotherham United FC,2,0
2023-10-30,EFL Championship,Coventry City FC,West Bromwich Albion FC,0,2
2023-11-03,EFL Championship,Leicester City FC,Leeds United FC,0,1
2023-11-04,EFL Championship,Birmingham City FC,Ipswich Town FC,2,2
2023-11-04,EFL Championship,Bristol City FC,Sheffield Wednesday FC,1,0
2023-11-04,EFL Championship,Millwall FC,Southampton FC,0,1
2023-11-04,EFL Championship,Huddersfield Town AFC,Watford FC,0,0
2023-11-04,EFL Championship,Plymouth Argyle FC,Middlesbrough FC,3,3
2023-11-04,EFL Championship,Preston North End FC,Coventry City FC,3,2
2023-11-04,EFL Championship,Rotherham United FC,Queens Park Rangers FC,1,1
2023-11-04,EFL Championship,Stoke City FC,Cardiff City FC,0,0
2023-11-04,EFL Championship,Swansea City AFC,Sunderland AFC,0,0
2023-11-04,EFL Championship,West Bromwich Albion FC,Hull City AFC,3,1
2023-11-05,EFL Championship,Norwich City FC,Blackburn Rovers FC,1,3
2023-11-07,EFL Championship,Rotherham United FC,Ipswich Town FC,2,2
2023-11-10,EFL Championship,Blackburn Rovers FC,Preston North End FC,1,2
2023-11-11,EFL Championship,Sunderland AFC,Birmingham City FC,3,1
2023-11-11,EFL Championship,Cardiff City FC,Norwich City FC,2,3
2023-11-11,EFL Championship,Coventry City FC,Stoke City FC,0,0
2023-11-11,EFL Championship,Middlesbrough FC,Leicester City FC,1,0
2023-11-11,EFL Championship,Southampton FC,West Bromwich Albion FC,2,1
2023-11-11,EFL Championship,Watford FC,Rotherham United FC,5,0
2023-11-11,EFL Championship,Hull City AFC,Huddersfield Town AFC,1,0
2023-11-11,EFL Championship,Ipswich Town FC,Swansea City AFC,3,2
2023-11-11,EFL Championship,Leeds United FC,Plymouth Argyle FC,2,1
2023-11-11,EFL Championship,Queens Park Rangers FC,Bristol City FC,0,0
2023-11-11,EFL Championship,Sheffield Wednesday FC,Millwall FC,0,4
2023-11-24,EFL Championship,Rotherham United FC,Leeds United FC,1,1
2023-11-25,EFL Championship,Birmingham City FC,Sheffield Wednesday FC,2,1
2023-11-25,EFL Championship,Bristol City FC,Middlesbrough FC,3,2
2023-11-25,EFL Championship,Millwall FC,Coventry City FC,0,3
2023-11-25,EFL Championship,Huddersfield Town AFC,Southampton FC,1,1
2023-11-25,EFL Championship,Leicester City FC,Watford FC,2,0
2023-11-25,EFL Championship,Norwich City FC,Queens Park Rangers FC,1,0
2023-11-25,EFL Championship,Plymouth Argyle FC,Sunderland AFC,2,0
2023-11-25,EFL Championship,Preston North End FC,Cardiff City FC,1,2
2023-11-25,EFL Championship,Stoke City FC,Blackburn Rovers FC,0,3
2023-11-25,EFL Championship,Swansea City AFC,Hull City AFC,2,2
2023-11-25,EFL Championship,West Bromwich Albion FC,Ipswich Town FC,2,0
2023-11-28,EFL Championship,Cardiff City FC,West Bromwich Albion FC,0,1
2023-11-28,EFL Championship,Coventry City FC,Plymouth Argyle FC,1,0
2023-11-28,EFL Championship,Middlesbrough FC,Preston North End FC,4,0
2023-11-28,EFL Championship,Hull City AFC,Rotherham United FC,4,1
2023-11-28,EFL Championship,Queens Park Rangers FC,Stoke City FC,4,2
2023-11-28,EFL Championship,Watford FC,Norwich City FC,3,2
2023-11-29,EFL Championship,Sunderland AFC,Huddersfield Town AFC,1,2
2023-11-29,EFL Championship,Blackburn Rovers FC,Birmingham City FC,4,2
2023-11-29,EFL Championship,Southampton FC,Bristol City FC,1,0
2023-11-29,EFL Championship,Leeds United FC,Swansea City AFC,3,1
2023-11-29,EFL Championship,Sheffield Wednesday FC,Leicester City FC,1,1
2023-11-29,EFL Championship,Ipswich Town FC,Millwall FC,3,1
2023-12-01,EFL Championship,Preston North End FC,Queens Park Rangers FC,0,2
2023-12-02,EFL Championship,West Bromwich Albion FC,Leicester City FC,1,2
2023-12-02,EFL Championship,Birmingham City FC,Rotherham United FC,0,0
2023-12-02,EFL Championship,Millwall FC,Sunderland AFC,1,1
2023-12-02,EFL Championship,Southampton FC,Cardiff City FC,2,0
2023-12-02,EFL Championship,Hull City AFC,Watford FC,1,2
2023-12-02,EFL Championship,Ipswich Town FC,Coventry City FC,2,1
2023-12-02,EFL Championship,Leeds United FC,Middlesbrough FC,3,2
2023-12-02,EFL Championship,Plymouth Argyle FC,Stoke City FC,2,1
2023-12-02,EFL Championship,Sheffield Wednesday FC,Blackburn Rovers FC,3,1
2023-12-02,EFL Championship,Swansea City AFC,Huddersfield Town AFC,1,1
2023-12-03,EFL Championship,Bristol City FC,Norwich City FC,1,2
2023-12-08,EFL Championship,Coventry City FC,Birmingham City FC,2,0
2023-12-09,EFL Championship,Sunderland AFC,West Bromwich Albion FC,2,1
2023-12-09,EFL Championship,Blackburn Rovers FC,Leeds United FC,0,2
2023-12-09,EFL Championship,Cardiff City FC,Millwall FC,1,0
2023-12-09,EFL Championship,Middlesbrough FC,Ipswich Town FC,0,2
2023-12-09,EFL Championship,Watford FC,Southampton FC,1,1
2023-12-09,EFL Championship,Huddersfield Town AFC,Bristol City FC,1,1
2023-12-09,EFL Championship,Leicester City FC,Plymouth Argyle FC,4,0
2023-12-09,EFL Championship,Norwich City FC,Preston North End FC,0,0
2023-12-09,EFL Championship,Queens Park Rangers FC,Hull City AFC,2,0
2023-12-09,EFL Championship,Rotherham United FC,Swansea City AFC,1,2
2023-12-09,EFL Championship,Stoke City FC,Sheffield Wednesday FC,0,1
2023-12-12,EFL Championship,Blackburn Rovers FC,Bristol City FC,2,1
2023-12-12,EFL Championship,Watford FC,Ipswich Town FC,1,2
2023-12-12,EFL Championship,Huddersfield Town AFC,Preston North End FC,1,3
2023-12-12,EFL Championship,Rotherham United FC,West Bromwich Albion FC,0,2
2023-12-12,EFL Championship,Stoke City FC,Swansea City AFC,1,1
2023-12-12,EFL Championship,Sunderland AFC,Leeds United FC,1,0
2023-12-13,EFL Championship,Cardiff City FC,Birmingham City FC,0,1
2023-12-13,EFL Championship,Coventry City FC,Southampton FC,1,1
2023-12-13,EFL Championship,Leicester City FC,Millwall FC,3,2
2023-12-13,EFL Championship,Norwich City FC,Sheffield Wednesday FC,3,1
2023-12-13,EFL Championship,Queens Park Rangers FC,Plymouth Argyle FC,0,0
2023-12-13,EFL Championship,Middlesbrough FC,Hull City AFC,1,2
2023-12-16,EFL Championship,Ipswich Town FC,Norwich City FC,2,2
2023-12-16,EFL Championship,Bristol City FC,Sunderland AFC,1,0
2023-12-16,EFL Championship,Millwall FC,Huddersfield Town AFC,1,1
2023-12-16,EFL Championship,Southampton FC,Blackburn Rovers FC,4,0
2023-12-16,EFL Championship,Hull City AFC,Cardiff City FC,3,0
2023-12-16,EFL Championship,Leeds United FC,Coventry City FC,1,1
2023-12-16,EFL Championship,Plymouth Argyle FC,Rotherham United FC,3,2
2023-12-16,EFL Championship,Preston North End FC,Watford FC,1,5
2023-12-16,EFL Championship,Sheffield Wednesday FC,Queens Park Rangers FC,2,1
2023-12-16,EFL Championship,Swansea City AFC,Middlesbrough FC,1,2
2023-12-17,EFL Championship,West Bromwich Albion FC,Stoke City FC,1,1
2023-12-18,EFL Championship,Birmingham City FC,Leicester City FC,2,3
2023-12-22,EFL Championship,Bristol City FC,Hull City AFC,3,2
2023-12-22,EFL Championship,Swansea City AFC,Preston North End FC,2,1
2023-12-23,EFL Championship,Leeds United FC,Ipswich Town FC,4,0
2023-12-23,EFL Championship,Sunderland AFC,Coventry City FC,0,3
2023-12-23,EFL Championship,Blackburn Rovers FC,Watford FC,1,2
2023-12-23,EFL Championship,Middlesbrough FC,West Bromwich Albion FC,1,0
2023-12-23,EFL Championship,Leicester City FC,Rotherham United FC,3,0
2023-12-23,EFL Championship,Norwich City FC,Huddersfield Town AFC,2,0
2023-12-23,EFL Championship,Plymouth Argyle FC,Birmingham City FC,3,3
2023-12-23,EFL Championship,Queens Park Rangers FC,Southampton FC,0,1
2023-12-23,EFL Championship,Sheffield Wednesday FC,Cardiff City FC,1,2
2023-12-23,EFL Championship,Stoke City FC,Millwall FC,0,0
2023-12-26,EFL Championship,Preston North End FC,Leeds United FC,2,1
2023-12-26,EFL Championship,Millwall FC,Queens Park Rangers FC,2,0
2023-12-26,EFL Championship,Cardiff City FC,Plymouth Argyle FC,2,2
2023-12-26,EFL Championship,Coventry City FC,Sheffield Wednesday FC,2,0
2023-12-26,EFL Championship,Southampton FC,Swansea City AFC,5,0
2023-12-26,EFL Championship,Watford FC,Bristol City FC,1,4
2023-12-26,EFL Championship,Huddersfield Town AFC,Blackburn Rovers FC,3,0
2023-12-26,EFL Championship,Hull City AFC,Sunderland AFC,0,1
2023-12-26,EFL Championship,Rotherham United FC,Middlesbrough FC,1,0
2023-12-26,EFL Championship,West Bromwich Albion FC,Norwich City FC,1,0
2023-12-26,EFL Championship,Birmingham City FC,Stoke City FC,1,3
2023-12-26,EFL Championship,Ipswich Town FC,Leicester City FC,1,1
2023-12-29,EFL Championship,Southampton FC,Plymouth Argyle FC,2,1
2023-12-29,EFL Championship,Birmingham City FC,Bristol City FC,0,0
2023-12-29,EFL Championship,Cardiff City FC,Leicester City FC,0,2
2023-12-29,EFL Championship,Coventry City FC,Swansea City AFC,2,2
2023-12-29,EFL Championship,Millwall FC,Norwich City FC,1,0
2023-12-29,EFL Championship,Watford FC,Stoke City FC,1,1
2023-12-29,EFL Championship,Huddersfield Town AFC,Middlesbrough FC,1,2
2023-12-29,EFL Championship,Hull City AFC,Blackburn Rovers FC,3,2
2023-12-29,EFL Championship,Ipswich Town FC,Queens Park Rangers FC,0,0
2023-12-29,EFL Championship,Preston North End FC,Sheffield Wednesday FC,0,1
2023-12-29,EFL Championship,Rotherham United FC,Sunderland AFC,1,1
2023-12-29,EFL Championship,West Bromwich Albion FC,Leeds United FC,1,0
2024-01-01,EFL Championship,Sunderland AFC,Preston North End FC,2,0
2024-01-01,EFL Championship,Blackburn Rovers FC,Rotherham United FC,2,2
2024-01-01,EFL Championship,Bristol City FC,Millwall FC,0,1
2024-01-01,EFL Championship,Middlesbrough FC,Coventry City FC,1,3
2024-01-01,EFL Championship,Leeds United FC,Birmingham City FC,3,0
2024-01-01,EFL Championship,Leicester City FC,Huddersfield Town AFC,4,1
2024-01-01,EFL Championship,Norwich City FC,Southampton FC,1,1
2024-01-01,EFL Championship,Plymouth Argyle FC,Watford FC,3,3
2024-01-01,EFL Championship,Queens Park Rangers FC,Cardiff City FC,1,2
2024-01-01,EFL Championship,Stoke City FC,Ipswich Town FC,0,0
2024-01-01,EFL Championship,Swansea City AFC,West Bromwich Albion FC,1,0
2024-01-01,EFL Championship,Sheffield Wednesday FC,Hull City AFC,3,1
2024-01-12,EFL Championship,Hull City AFC,Norwich City FC,1,2
2024-01-13,EFL Championship,Coventry City FC,Leicester City FC,3,1
2024-01-13,EFL Championship,Huddersfield Town AFC,Plymouth Argyle FC,1,1
2024-01-13,EFL Championship,Preston North End FC,Bristol City FC,2,0
2024-01-13,EFL Championship,Rotherham United FC,Stoke City FC,0,1
2024-01-13,EFL Championship,West Bromwich Albion FC,Blackburn Rovers FC,4,1
2024-01-13,EFL Championship,Birmingham City FC,Swansea City AFC,2,2
2024-01-13,EFL Championship,Cardiff City FC,Leeds United FC,0,3
2024-01-13,EFL Championship,Millwall FC,Middlesbrough FC,1,3
2024-01-13,EFL Championship,Southampton FC,Sheffield Wednesday FC,4,0
2024-01-13,EFL Championship,Ipswich Town FC,Sunderland AFC,2,1
2024-01-14,EFL Championship,Queens Park Rangers FC,Watford FC,1,2
2024-01-19,EFL Championship,Sunderland AFC,Hull City AFC,0,1
2024-01-20,EFL Championship,Swansea City AFC,Southampton FC,1,3
2024-01-20,EFL Championship,Blackburn Rovers FC,Huddersfield Town AFC,1,1
2024-01-20,EFL Championship,Bristol City FC,Watford FC,1,1
2024-01-20,EFL Championship,Middlesbrough FC,Rotherham United FC,1,1
2024-01-20,EFL Championship,Norwich City FC,West Bromwich Albion FC,2,0
2024-01-20,EFL Championship,Plymouth Argyle FC,Cardiff City FC,3,1
2024-01-20,EFL Championship,Queens Park Rangers FC,Millwall FC,2,0
2024-01-20,EFL Championship,Sheffield Wednesday FC,Coventry City FC,1,2
2024-01-20,EFL Championship,Stoke City FC,Birmingham City FC,1,2
2024-01-21,EFL Championship,Leeds United FC,Preston North End FC,2,1
2024-01-22,EFL Championship,Leicester City FC,Ipswich Town FC,1,1
2024-01-24,EFL Championship,Leeds United FC,Norwich City FC,1,0
2024-01-27,EFL Championship,Sunderland AFC,Stoke City FC,3,1
2024-01-27,EFL Championship,Millwall FC,Preston North End FC,1,1
2024-01-28,EFL Championship,Queens Park Rangers FC,Huddersfield Town AFC,1,1
2024-01-30,EFL Championship,Coventry City FC,Bristol City FC,2,2
2024-01-30,EFL Championship,Leicester City FC,Swansea City AFC,3,1
2024-01-31,EFL Championship,Sheffield Wednesday FC,Watford FC,0,0
2024-02-02,EFL Championship,Bristol City FC,Leeds United FC,0,1
2024-02-03,EFL Championship,Blackburn Rovers FC,Queens Park Rangers FC,1,2
2024-02-03,EFL Championship,Watford FC,Cardiff City FC,0,1
2024-02-03,EFL Championship,Huddersfield Town AFC,Sheffield Wednesday FC,4,0
2024-02-03,EFL Championship,Hull City AFC,Millwall FC,1,0
2024-02-03,EFL Championship,Norwich City FC,Coventry City FC,2,1
2024-02-03,EFL Championship,Preston North End FC,Ipswich Town FC,3,2
2024-02-03,EFL Championship,Rotherham United FC,Southampton FC,0,2
2024-02-03,EFL Championship,Stoke City FC,Leicester City FC,0,5
2024-02-03,EFL Championship,Swansea City AFC,Plymouth Argyle FC,0,1
2024-02-03,EFL Championship,West Bromwich Albion FC,Birmingham City FC,1,0
2024-02-04,EFL Championship,Middlesbrough FC,Sunderland AFC,1,1
2024-02-09,EFL Championship,Sheffield Wednesday FC,Birmingham City FC,2,0
2024-02-10,EFL Championship,Ipswich Town FC,West Bromwich Albion FC,2,2
2024-02-10,EFL Championship,Sunderland AFC,Plymouth Argyle FC,3,1
2024-02-10,EFL Championship,Blackburn Rovers FC,Stoke City FC,3,1
2024-02-10,EFL Championship,Cardiff City FC,Preston North End FC,0,2
2024-02-10,EFL Championship,Middlesbrough FC,Bristol City FC,1,2
2024-02-10,EFL Championship,Southampton FC,Huddersfield Town AFC,5,3
2024-02-10,EFL Championship,Watford FC,Leicester City FC,1,2
2024-02-10,EFL Championship,Hull City AFC,Swansea City AFC,0,1
2024-02-10,EFL Championship,Leeds United FC,Rotherham United FC,3,0
2024-02-10,EFL Championship,Queens Park Rangers FC,Norwich City FC,2,2
2024-02-11,EFL Championship,Coventry City FC,Millwall FC,2,1
2024-02-13,EFL Championship,Birmingham City FC,Blackburn Rovers FC,1,0
2024-02-13,EFL Championship,Leicester City FC,Sheffield Wednesday FC,2,0
2024-02-13,EFL Championship,Norwich City FC,Watford FC,4,2
2024-02-13,EFL Championship,Rotherham United FC,Hull City AFC,1,2
2024-02-13,EFL Championship,Swansea City AFC,Leeds United FC,0,4
2024-02-13,EFL Championship,Bristol City FC,Southampton FC,3,1
2024-02-13,EFL Championship,West Bromwich Albion FC,Cardiff City FC,2,0
2024-02-14,EFL Championship,Huddersfield Town AFC,Sunderland AFC,1,0
2024-02-14,EFL Championship,Plymouth Argyle FC,Coventry City FC,2,2
2024-02-14,EFL Championship,Preston North End FC,Middlesbrough FC,2,1
2024-02-14,EFL Championship,Stoke City FC,Queens Park Rangers FC,1,0
2024-02-14,EFL Championship,Millwall FC,Ipswich Town FC,0,4
2024-02-16,EFL Championship,West Bromwich Albion FC,Southampton FC,0,2
2024-02-17,EFL Championship,Plymouth Argyle FC,Leeds United FC,0,2
2024-02-17,EFL Championship,Birmingham City FC,Sunderland AFC,2,1
2024-02-17,EFL Championship,Bristol City FC,Queens Park Rangers FC,0,1
2024-02-17,EFL Championship,Millwall FC,Sheffield Wednesday FC,0,2
2024-02-17,EFL Championship,Huddersfield Town AFC,Hull City AFC,1,2
2024-02-17,EFL Championship,Leicester City FC,Middlesbrough FC,1,2
2024-02-17,EFL Championship,Norwich City FC,Cardiff City FC,4,1
2024-02-17,EFL Championship,Preston North End FC,Blackburn Rovers FC,2,2
2024-02-17,EFL Championship,Rotherham United FC,Watford FC,0,1
2024-02-17,EFL Championship,Stoke City FC,Coventry City FC,0,1
2024-02-17,EFL Championship,Swansea City AFC,Ipswich Town FC,1,2
2024-02-20,EFL Championship,Cardiff City FC,Blackburn Rovers FC,0,0
2024-02-20,EFL Championship,Southampton FC,Hull City AFC,1,2
2024-02-20,EFL Championship,Ipswich Town FC,Rotherham United FC,4,3
2024-02-20,EFL Championship,Plymouth Argyle FC,West Bromwich Albion FC,0,3
2024-02-23,EFL Championship,Coventry City FC,Preston North End FC,0,3
2024-02-23,EFL Championship,Leeds United FC,Leicester City FC,3,1
2024-02-24,EFL Championship,Hull City AFC,West Bromwich Albion FC,1,1
2024-02-24,EFL Championship,Sunderland AFC,Swansea City AFC,1,2
2024-02-24,EFL Championship,Blackburn Rovers FC,Norwich City FC,1,1
2024-02-24,EFL Championship,Cardiff City FC,Stoke City FC,2,1
2024-02-24,EFL Championship,Middlesbrough FC,Plymouth Argyle FC,0,2
2024-02-24,EFL Championship,Southampton FC,Millwall FC,1,2
2024-02-24,EFL Championship,Watford FC,Huddersfield Town AFC,1,2
2024-02-24,EFL Championship,Ipswich Town FC,Birmingham City FC,3,1
2024-02-24,EFL Championship,Queens Park Rangers FC,Rotherham United FC,2,1
2024-02-24,EFL Championship,Sheffield Wednesday FC,Bristol City FC,2,1
2024-03-01,EFL Championship,West Bromwich Albion FC,Coventry City FC,2,1
2024-03-02,EFL Championship,Bristol City FC,Cardiff City FC,0,1
2024-03-02,EFL Championship,Huddersfield Town AFC,Leeds United FC,1,1
2024-03-02,EFL Championship,Birmingham City FC,Southampton FC,3,4
2024-03-02,EFL Championship,Millwall FC,Watford FC,1,0
2024-03-02,EFL Championship,Leicester City FC,Queens Park Rangers FC,1,2
2024-03-02,EFL Championship,Norwich City FC,Sunderland AFC,1,0
2024-03-02,EFL Championship,Plymouth Argyle FC,Ipswich Town FC,0,2
2024-03-02,EFL Championship,Preston North End FC,Hull City AFC,0,0
2024-03-02,EFL Championship,Rotherham United FC,Sheffield Wednesday FC,0,1
2024-03-02,EFL Championship,Stoke City FC,Middlesbrough FC,2,0
2024-03-02,EFL Championship,Swansea City AFC,Blackburn Rovers FC,2,1
2024-03-05,EFL Championship,Sunderland AFC,Leicester City FC,0,1
2024-03-05,EFL Championship,Blackburn Rovers FC,Millwall FC,1,1
2024-03-05,EFL Championship,Coventry City FC,Rotherham United FC,5,0
2024-03-05,EFL Championship,Hull City AFC,Birmingham City FC,1,1
2024-03-05,EFL Championship,Leeds United FC,Stoke City FC,1,0
2024-03-05,EFL Championship,Sheffield Wednesday FC,Plymouth Argyle FC,1,0
2024-03-05,EFL Championship,Ipswich Town FC,Bristol City FC,3,2
2024-03-06,EFL Championship,Cardiff City FC,Huddersfield Town AFC,1,0
2024-03-06,EFL Championship,Middlesbrough FC,Norwich City FC,3,1
2024-03-06,EFL Championship,Watford FC,Swansea City AFC,1,1
2024-03-06,EFL Championship,Queens Park Rangers FC,West Bromwich Albion FC,2,2
2024-03-08,EFL Championship,Sheffield Wednesday FC,Leeds United FC,0,2
2024-03-09,EFL Championship,Cardiff City FC,Ipswich Town FC,2,1
2024-03-09,EFL Championship,Blackburn Rovers FC,Plymouth Argyle FC,1,1
2024-03-09,EFL Championship,Millwall FC,Birmingham City FC,1,0
2024-03-09,EFL Championship,Southampton FC,Sunderland AFC,4,2
2024-03-09,EFL Championship,Watford FC,Coventry City FC,1,2
2024-03-09,EFL Championship,Hull City AFC,Leicester City FC,2,2
2024-03-09,EFL Championship,Norwich City FC,Rotherham United FC,5,0
2024-03-09,EFL Championship,Preston North End FC,Stoke City FC,1,2
2024-03-09,EFL Championship,Queens Park Rangers FC,Middlesbrough FC,0,2
2024-03-10,EFL Championship,Huddersfield Town AFC,West Bromwich Albion FC,1,4
2024-03-10,EFL Championship,Bristol City FC,Swansea City AFC,1,0
2024-03-12,EFL Championship,Birmingham City FC,Middlesbrough FC,0,1
2024-03-16,EFL Championship,Swansea City AFC,Cardiff City FC,2,0
2024-03-16,EFL Championship,Sunderland AFC,Queens Park Rangers FC,0,0
2024-03-16,EFL Championship,Birmingham City FC,Watford FC,0,1
2024-03-16,EFL Championship,Middlesbrough FC,Blackburn Rovers FC,0,0
2024-03-16,EFL Championship,Ipswich Town FC,Sheffield Wednesday FC,6,0
2024-03-16,EFL Championship,Plymouth Argyle FC,Preston North End FC,0,1
2024-03-16,EFL Championship,Rotherham United FC,Huddersfield Town AFC,0,0
2024-03-16,EFL Championship,Stoke City FC,Norwich City FC,0,3
2024-03-16,EFL Championship,West Bromwich Albion FC,Bristol City FC,2,0
2024-03-17,EFL Championship,Leeds United FC,Millwall FC,2,0
2024-03-29,EFL Championship,Bristol City FC,Leicester City FC,1,0
2024-03-29,EFL Championship,Millwall FC,West Bromwich Albion FC,1,1
2024-03-29,EFL Championship,Cardiff City FC,Sunderland AFC,0,2
2024-03-29,EFL Championship,Southampton FC,Middlesbrough FC,1,1
2024-03-29,EFL Championship,Huddersfield Town AFC,Coventry City FC,1,3
2024-03-29,EFL Championship,Hull City AFC,Stoke City FC,0,2
2024-03-29,EFL Championship,Norwich City FC,Plymouth Argyle FC,2,1
2024-03-29,EFL Championship,Preston North End FC,Rotherham United FC,3,0
2024-03-29,EFL Championship,Queens Park Rangers FC,Birmingham City FC,2,1
2024-03-29,EFL Championship,Sheffield Wednesday FC,Swansea City AFC,1,1
2024-03-29,EFL Championship,Blackburn Rovers FC,Ipswich Town FC,0,1
2024-03-29,EFL Championship,Watford FC,Leeds United FC,2,2
2024-04-01,EFL Championship,Leicester City FC,Norwich City FC,3,1
2024-04-01,EFL Championship,Sunderland AFC,Blackburn Rovers FC,1,5
2024-04-01,EFL Championship,Birmingham City FC,Preston North End FC,1,0
2024-04-01,EFL Championship,Coventry City FC,Cardiff City FC,1,2
2024-04-01,EFL Championship,Middlesbrough FC,Sheffield Wednesday FC,2,0
2024-04-01,EFL Championship,Plymouth Argyle FC,Bristol City FC,0,1
2024-04-01,EFL Championship,Rotherham United FC,Millwall FC,2,1
2024-04-01,EFL Championship,Stoke City FC,Huddersfield Town AFC,1,1
2024-04-01,EFL Championship,Swansea City AFC,Queens Park Rangers FC,0,1
2024-04-01,EFL Championship,West Bromwich Albion FC,Watford FC,2,2
2024-04-01,EFL Championship,Ipswich Town FC,Southampton FC,3,2
2024-04-01,EFL Championship,Leeds United FC,Hull City AFC,3,1
2024-04-05,EFL Championship,Rotherham United FC,Plymouth Argyle FC,0,1
2024-04-06,EFL Championship,Norwich City FC,Ipswich Town FC,1,0
2024-04-06,EFL Championship,Sunderland AFC,Bristol City FC,0,0
2024-04-06,EFL Championship,Blackburn Rovers FC,Southampton FC,0,0
2024-04-06,EFL Championship,Cardiff City FC,Hull City AFC,1,3
2024-04-06,EFL Championship,Coventry City FC,Leeds United FC,2,1
2024-04-06,EFL Championship,Middlesbrough FC,Swansea City AFC,2,0
2024-04-06,EFL Championship,Watford FC,Preston North End FC,0,0
2024-04-06,EFL Championship,Huddersfield Town AFC,Millwall FC,1,0
2024-04-06,EFL Championship,Leicester City FC,Birmingham City FC,2,1
2024-04-06,EFL Championship,Queens Park Rangers FC,Sheffield Wednesday FC,0,2
2024-04-06,EFL Championship,Stoke City FC,West Bromwich Albion FC,2,2
2024-04-09,EFL Championship,Millwall FC,Leicester City FC,1,0
2024-04-09,EFL Championship,Southampton FC,Coventry City FC,2,1
2024-04-09,EFL Championship,Plymouth Argyle FC,Queens Park Rangers FC,1,1
2024-04-09,EFL Championship,Preston North End FC,Huddersfield Town AFC,4,1
2024-04-09,EFL Championship,Sheffield Wednesday FC,Norwich City FC,2,2
2024-04-09,EFL Championship,Leeds United FC,Sunderland AFC,0,0
2024-04-10,EFL Championship,Birmingham City FC,Cardiff City FC,0,1
2024-04-10,EFL Championship,Bristol City FC,Blackburn Rovers FC,5,0
2024-04-10,EFL Championship,Hull City AFC,Middlesbrough FC,2,2
2024-04-10,EFL Championship,Ipswich Town FC,Watford FC,0,0
2024-04-10,EFL Championship,Swansea City AFC,Stoke City FC,3,0
2024-04-10,EFL Championship,West Bromwich Albion FC,Rotherham United FC,2,0
2024-04-12,EFL Championship,Plymouth Argyle FC,Leicester City FC,1,0
2024-04-13,EFL Championship,Leeds United FC,Blackburn Rovers FC,0,1
2024-04-13,EFL Championship,Birmingham City FC,Coventry City FC,3,0
2024-04-13,EFL Championship,Bristol City FC,Huddersfield Town AFC,1,1
2024-04-13,EFL Championship,Millwall FC,Cardiff City FC,3,1
2024-04-13,EFL Championship,Southampton FC,Watford FC,3,2
2024-04-13,EFL Championship,Hull City AFC,Queens Park Rangers FC,3,0
2024-04-13,EFL Championship,Ipswich Town FC,Middlesbrough FC,1,1
2024-04-13,EFL Championship,Preston North End FC,Norwich City FC,0,1
2024-04-13,EFL Championship,Sheffield Wednesday FC,Stoke City FC,1,1
2024-04-13,EFL Championship,Swansea City AFC,Rotherham United FC,1,0
2024-04-13,EFL Championship,West Bromwich Albion FC,Sunderland AFC,0,1
2024-04-16,EFL Championship,Southampton FC,Preston North End FC,3,0
2024-04-20,EFL Championship,Leicester City FC,West Bromwich Albion FC,2,1
2024-04-20,EFL Championship,Sunderland AFC,Millwall FC,0,1
2024-04-20,EFL Championship,Cardiff City FC,Southampton FC,2,1
2024-04-20,EFL Championship,Watford FC,Hull City AFC,0,0
2024-04-20,EFL Championship,Huddersfield Town AFC,Swansea City AFC,0,4
2024-04-20,EFL Championship,Norwich City FC,Bristol City FC,1,1
2024-04-20,EFL Championship,Rotherham United FC,Birmingham City FC,0,0
2024-04-20,EFL Championship,Stoke City FC,Plymouth Argyle FC,3,0
2024-04-20,EFL Championship,Queens Park Rangers FC,Preston North End FC,1,0
2024-04-21,EFL Championship,Blackburn Rovers FC,Sheffield Wednesday FC,1,3
2024-04-22,EFL Championship,Middlesbrough FC,Leeds United FC,3,4
2024-04-23,EFL Championship,Leicester City FC,Southampton FC,5,0
2024-04-24,EFL Championship,Coventry City FC,Hull City AFC,2,3
2024-04-26,EFL Championship,Queens Park Rangers FC,Leeds United FC,4,0
2024-04-27,EFL Championship,Blackburn Rovers FC,Coventry City FC,0,0
2024-04-27,EFL Championship,Bristol City FC,Rotherham United FC,2,0
2024-04-27,EFL Championship,Cardiff City FC,Middlesbrough FC,1,4
2024-04-27,EFL Championship,Millwall FC,Plymouth Argyle FC,1,0
2024-04-27,EFL Championship,Southampton FC,Stoke City FC,0,1
2024-04-27,EFL Championship,Watford FC,Sunderland AFC,1,0
2024-04-27,EFL Championship,Huddersfield Town AFC,Birmingham City FC,1,1
2024-04-27,EFL Championship,Norwich City FC,Swansea City AFC,2,2
2024-04-27,EFL Championship,Sheffield Wednesday FC,West Bromwich Albion FC,3,0
2024-04-27,EFL Championship,Hull City AFC,Ipswich Town FC,3,3
2024-04-29,EFL Championship,Preston North End FC,Leicester City FC,0,3
2024-04-30,EFL Championship,Coventry City FC,Ipswich Town FC,1,2
2024-05-04,EFL Championship,Swansea City AFC,Millwall FC,0,1
2024-05-04,EFL Championship,Sunderland AFC,Sheffield Wednesday FC,0,2
2024-05-04,EFL Championship,Birmingham City FC,Norwich City FC,1,0
2024-05-04,EFL Championship,Coventry City FC,Queens Park Rangers FC,1,2
2024-05-04,EFL Championship,Middlesbrough FC,Watford FC,3,1
2024-05-04,EFL Championship,Ipswich Town FC,Huddersfield Town AFC,2,0
2024-05-04,EFL Championship,Leeds United FC,Southampton FC,1,2
2024-05-04,EFL Championship,Leicester City FC,Blackburn Rovers FC,0,2
2024-05-04,EFL Championship,Plymouth Argyle FC,Hull City AFC,1,0
2024-05-04,EFL Championship,Rotherham United FC,Cardiff City FC,5,2
2024-05-04,EFL Championship,Stoke City FC,Bristol City FC,4,0
2024-05-04,EFL Championship,West Bromwich Albion FC,Preston North End FC,3,0
2024-05-12,EFL Championship,Norwich City FC,Leeds United FC,0,0
2024-05-12,EFL Championship,West Bromwich Albion FC,Southampton FC,0,0
2024-05-16,EFL Championship,Leeds United FC,Norwich City FC,4,0
2024-05-17,EFL Championship,Southampton FC,West Bromwich Albion FC,3,1
2024-05-26,EFL Championship,Leeds United FC,Southampton FC,0,1
2022-08-05,Premier League,Crystal Palace FC,Arsenal FC,0,2
2022-08-06,Premier League,Fulham FC,Liverpool FC,2,2
2022-08-06,Premier League,Tottenham Hotspur FC,Southampton FC,4,1
2022-08-06,Premier League,Newcastle United FC,Nottingham Forest FC,2,0
2022-08-06,Premier League,Leeds United FC,Wolverhampton Wanderers FC,2,1
2022-08-06,Premier League,AFC Bournemouth,Aston Villa FC,2,0
2022-08-06,Premier League,Everton FC,Chelsea FC,0,1
2022-08-07,Premier League,Manchester United FC,Brighton & Hove Albion FC,1,2
2022-08-07,Premier League,Leicester City FC,Brentford FC,2,2
2022-08-07,Premier League,West Ham United FC,Manchester City FC,0,2
2022-08-13,Premier League,Aston Villa FC,Everton FC,2,1
2022-08-13,Premier League,Wolverhampton Wanderers FC,Fulham FC,0,0
2022-08-13,Premier League,Southampton FC,Leeds United FC,2,2
2022-08-13,Premier League,Manchester City FC,AFC Bournemouth,4,0
2022-08-13,Premier League,Brighton & Hove Albion FC,Newcastle United FC,0,0
2022-08-13,Premier League,Arsenal FC,Leicester City FC,4,2
2022-08-13,Premier League,Brentford FC,Manchester United FC,4,0
2022-08-14,Premier League,Nottingham Forest FC,West Ham United FC,1,0
2022-08-14,Premier League,Chelsea FC,Tottenham Hotspur FC,2,2
2022-08-15,Premier League,Liverpool FC,Crystal Palace FC,1,1
2022-08-20,Premier League,Tottenham Hotspur FC,Wolverhampton Wanderers FC,1,0
2022-08-20,Premier League,Leicester City FC,Southampton FC,1,2
2022-08-20,Premier League,Fulham FC,Brentford FC,3,2
2022-08-20,Premier League,Everton FC,Nottingham Forest FC,1,1
2022-08-20,Premier League,Crystal Palace FC,Aston Villa FC,3,1
2022-08-20,Premier League,AFC Bournemouth,Arsenal FC,0,3
2022-08-21,Premier League,West Ham United FC,Brighton & Hove Albion FC,0,2
2022-08-21,Premier League,Leeds United FC,Chelsea FC,3,0
2022-08-21,Premier League,Newcastle United FC,Manchester City FC,3,3
2022-08-22,Premier League,Manchester United FC,Liverpool FC,2,1
2022-08-27,Premier League,Southampton FC,Manchester United FC,0,1
2022-08-27,Premier League,Manchester City FC,Crystal Palace FC,4,2
2022-08-27,Premier League,Liverpool FC,AFC Bournemouth,9,0
2022-08-27,Premier League,Chelsea FC,Leicester City FC,2,1
2022-08-27,Premier League,Brighton & Hove Albion FC,Leeds United FC,1,0
2022-08-27,Premier League,Brentford FC,Everton FC,1,1
2022-08-27,Premier League,Arsenal FC,Fulham FC,2,1
2022-08-28,Premier League,Wolverhampton Wanderers FC,Newcastle United FC,1,1
2022-08-28,Premier League,Aston Villa FC,West Ham United FC,0,1
2022-08-28,Premier League,Nottingham Forest FC,Tottenham Hotspur FC,0,2
2022-08-30,Premier League,Crystal Palace FC,Brentford FC,1,1
2022-08-30,Premier League,Fulham FC,Brighton & Hove Albion FC,2,1
2022-08-30,Premier League,Southampton FC,Chelsea FC,2,1
2022-08-30,Premier League,Leeds United FC,Everton FC,1,1
2022-08-31,Premier League,Manchester City FC,Nottingham Forest FC,6,0
2022-08-31,Premier League,AFC Bournemouth,Wolverhampton Wanderers FC,0,0
2022-08-31,Premier League,Arsenal FC,Aston Villa FC,2,1
2022-08-31,Premier League,West Ham United FC,Tottenham Hotspur FC,1,1
2022-08-31,Premier League,Liverpool FC,Newcastle United FC,2,1
2022-09-01,Premier League,Leicester City FC,Manchester United FC,0,1
2022-09-03,Premier League,Everton FC,Liverpool FC,0,0
2022-09-03,Premier League,Wolverhampton Wanderers FC,Southampton FC,1,0
2022-09-03,Premier League,Tottenham Hotspur FC,Fulham FC,2,1
2022-09-03,Premier League,Nottingham Forest FC,AFC Bournemouth,2,3
2022-09-03,Premier League,Newcastle United FC,Crystal Palace FC,0,0
2022-09-03,Premier League,Chelsea FC,West Ham United FC,2,1
2022-09-03,Premier League,Brentford FC,Leeds United FC,5,2
2022-09-03,Premier League,Aston Villa FC,Manchester City FC,1,1
2022-09-04,Premier League,Brighton & Hove Albion FC,Leicester City FC,5,2
2022-09-04,Premier League,Manchester United FC,Arsenal FC,3,1
2022-09-16,Premier League,Nottingham Forest FC,Fulham FC,2,3
2022-09-16,Premier League,Aston Villa FC,Southampton FC,1,0
2022-09-17,Premier League,Wolverhampton Wanderers FC,Manchester City FC,0,3
2022-09-17,Premier League,Newcastle United FC,AFC Bournemouth,1,1
2022-09-17,Premier League,Tottenham Hotspur FC,Leicester City FC,6,2
2022-09-18,Premier League,Brentford FC,Arsenal FC,0,3
2022-09-18,Premier League,Everton FC,West Ham United FC,1,0
2022-10-01,Premier League,Arsenal FC,Tottenham Hotspur FC,3,1
2022-10-01,Premier League,Southampton FC,Everton FC,1,2
2022-10-01,Premier League,Liverpool FC,Brighton & Hove Albion FC,3,3
2022-10-01,Premier League,Fulham FC,Newcastle United FC,1,4
2022-10-01,Premier League,Crystal Palace FC,Chelsea FC,1,2
2022-10-01,Premier League,AFC Bournemouth,Brentford FC,0,0
2022-10-01,Premier League,West Ham United FC,Wolverhampton Wanderers FC,2,0
2022-10-02,Premier League,Manchester City FC,Manchester United FC,6,3
2022-10-02,Premier League,Leeds United FC,Aston Villa FC,0,0
2022-10-03,Premier League,Leicester City FC,Nottingham Forest FC,4,0
2022-10-08,Premier League,Newcastle United FC,Brentford FC,5,1
2022-10-08,Premier League,Manchester City FC,Southampton FC,4,0
2022-10-08,Premier League,Chelsea FC,Wolverhampton Wanderers FC,3,0
2022-10-08,Premier League,AFC Bournemouth,Leicester City FC,2,1
2022-10-08,Premier League,Brighton & Hove Albion FC,Tottenham Hotspur FC,0,1
2022-10-09,Premier League,West Ham United FC,Fulham FC,3,1
2022-10-09,Premier League,Crystal Palace FC,Leeds United FC,2,1
2022-10-09,Premier League,Arsenal FC,Liverpool FC,3,2
2022-10-09,Premier League,Everton FC,Manchester United FC,1,2
2022-10-10,Premier League,Nottingham Forest FC,Aston Villa FC,1,1
2022-10-14,Premier League,Brentford FC,Brighton & Hove Albion FC,2,0
2022-10-15,Premier League,Leicester City FC,Crystal Palace FC,0,0
2022-10-15,Premier League,Wolverhampton Wanderers FC,Nottingham Forest FC,1,0
2022-10-15,Premier League,Fulham FC,AFC Bournemouth,2,2
2022-10-15,Premier League,Tottenham Hotspur FC,Everton FC,2,0
2022-10-16,Premier League,Southampton FC,West Ham United FC,1,1
2022-10-16,Premier League,Manchester United FC,Newcastle United FC,0,0
2022-10-16,Premier League,Leeds United FC,Arsenal FC,0,1
2022-10-16,Premier League,Aston Villa FC,Chelsea FC,0,2
2022-10-16,Premier League,Liverpool FC,Manchester City FC,1,0
2022-10-18,Premier League,Brighton & Hove Albion FC,Nottingham Forest FC,0,0
2022-10-18,Premier League,Crystal Palace FC,Wolverhampton Wanderers FC,2,1
2022-10-19,Premier League,Liverpool FC,West Ham United FC,1,0
2022-10-19,Premier League,Newcastle United FC,Everton FC,1,0
2022-10-19,Premier League,Brentford FC,Chelsea FC,0,0
2022-10-19,Premier League,AFC Bournemouth,Southampton FC,0,1
2022-10-19,Premier League,Manchester United FC,Tottenham Hotspur FC,2,0
2022-10-20,Premier League,Fulham FC,Aston Villa FC,3,0
2022-10-20,Premier League,Leicester City FC,Leeds United FC,2,0
2022-10-22,Premier League,Nottingham Forest FC,Liverpool FC,1,0
2022-10-22,Premier League,Manchester City FC,Brighton & Hove Albion FC,3,1
2022-10-22,Premier League,Everton FC,Crystal Palace FC,3,0
2022-10-22,Premier League,Chelsea FC,Manchester United FC,1,1
2022-10-23,Premier League,Southampton FC,Arsenal FC,1,1
2022-10-23,Premier League,Leeds United FC,Fulham FC,2,3
2022-10-23,Premier League,Aston Villa FC,Brentford FC,4,0
2022-10-23,Premier League,Wolverhampton Wanderers FC,Leicester City FC,0,4
2022-10-23,Premier League,Tottenham Hotspur FC,Newcastle United FC,1,2
2022-10-24,Premier League,West Ham United FC,AFC Bournemouth,2,0
2022-10-29,Premier League,Leicester City FC,Manchester City FC,0,1
2022-10-29,Premier League,Newcastle United FC,Aston Villa FC,4,0
2022-10-29,Premier League,Crystal Palace FC,Southampton FC,1,0
2022-10-29,Premier League,Brighton & Hove Albion FC,Chelsea FC,4,1
2022-10-29,Premier League,Brentford FC,Wolverhampton Wanderers FC,1,1
2022-10-29,Premier League,AFC Bournemouth,Tottenham Hotspur FC,2,3
2022-10-29,Premier League,Fulham FC,Everton FC,0,0
2022-10-29,Premier League,Liverpool FC,Leeds United FC,1,2
2022-10-30,Premier League,Arsenal FC,Nottingham Forest FC,5,0
2022-10-30,Premier League,Manchester United FC,West Ham United FC,1,0
2022-11-05,Premier League,Wolverhampton Wanderers FC,Brighton & Hove Albion FC,2,3
2022-11-05,Premier League,Nottingham Forest FC,Brentford FC,2,2
2022-11-05,Premier League,Manchester City FC,Fulham FC,2,1
2022-11-05,Premier League,Leeds United FC,AFC Bournemouth,4,3
2022-11-05,Premier League,Everton FC,Leicester City FC,0,2
2022-11-06,Premier League,Chelsea FC,Arsenal FC,0,1
2022-11-06,Premier League,West Ham United FC,Crystal Palace FC,1,2
2022-11-06,Premier League,Southampton FC,Newcastle United FC,1,4
2022-11-06,Premier League,Aston Villa FC,Manchester United FC,3,1
2022-11-06,Premier League,Tottenham Hotspur FC,Liverpool FC,1,2
2022-11-12,Premier League,Manchester City FC,Brentford FC,1,2
2022-11-12,Premier League,West Ham United FC,Leicester City FC,0,2
2022-11-12,Premier League,Tottenham Hotspur FC,Leeds United FC,4,3
2022-11-12,Premier League,Nottingham Forest FC,Crystal Palace FC,1,0
2022-11-12,Premier League,Liverpool FC,Southampton FC,3,1
2022-11-12,Premier League,AFC Bournemouth,Everton FC,3,0
2022-11-12,Premier League,Newcastle United FC,Chelsea FC,1,0
2022-11-12,Premier League,Wolverhampton Wanderers FC,Arsenal FC,0,2
2022-11-13,Premier League,Brighton & Hove Albion FC,Aston Villa FC,1,2
2022-11-13,Premier League,Fulham FC,Manchester United FC,1,2
2022-12-26,Premier League,Brentford FC,Tottenham Hotspur FC,2,2
2022-12-26,Premier League,Southampton FC,Brighton & Hove Albion FC,1,3
2022-12-26,Premier League,Leicester City FC,Newcastle United FC,0,3
2022-12-26,Premier League,Everton FC,Wolverhampton Wanderers FC,1,2
2022-12-26,Premier League,Crystal Palace FC,Fulham FC,0,3
2022-12-26,Premier League,Aston Villa FC,Liverpool FC,1,3
2022-12-26,Premier League,Arsenal FC,West Ham United FC,3,1
2022-12-27,Premier League,Chelsea FC,AFC Bournemouth,2,0
2022-12-27,Premier League,Manchester United FC,Nottingham Forest FC,3,0
2022-12-28,Premier League,Leeds United FC,Manchester City FC,1,3
2022-12-30,Premier League,West Ham United FC,Brentford FC,0,2
2022-12-30,Premier League,Liverpool FC,Leicester City FC,2,1
2022-12-31,Premier League,Wolverhampton Wanderers FC,Manchester United FC,0,1
2022-12-31,Premier League,Newcastle United FC,Leeds United FC,0,0
2022-12-31,Premier League,Manchester City FC,Everton FC,1,1
2022-12-31,Premier League,Fulham FC,Southampton FC,2,1
2022-12-31,Premier League,AFC Bournemouth,Crystal Palace FC,0,2
2022-12-31,Premier League,Brighton & Hove Albion FC,Arsenal FC,2,4
2023-01-01,Premier League,Tottenham Hotspur FC,Aston Villa FC,0,2
2023-01-01,Premier League,Nottingham Forest FC,Chelsea FC,1,1
2023-01-02,Premier League,Brentford FC,Liverpool FC,3,1
2023-01-03,Premier League,Leicester City FC,Fulham FC,0,1
2023-01-03,Premier League,Everton FC,Brighton & Hove Albion FC,1,4
2023-01-03,Premier League,Arsenal FC,Newcastle United FC,0,0
2023-01-03,Premier League,Manchester United FC,AFC Bournemouth,3,0
2023-01-04,Premier League,Southampton FC,Nottingham Forest FC,0,1
2023-01-04,Premier League,Leeds United FC,West Ham United FC,2,2
2023-01-04,Premier League,Crystal Palace FC,Tottenham Hotspur FC,0,4
2023-01-04,Premier League,Aston Villa FC,Wolverhampton Wanderers FC,1,1
2023-01-05,Premier League,Chelsea FC,Manchester City FC,0,1
2023-01-12,Premier League,Fulham FC,Chelsea FC,2,1
2023-01-13,Premier League,Aston Villa FC,Leeds United FC,2,1
2023-01-14,Premier League,Manchester United FC,Manchester City FC,2,1
2023-01-14,Premier League,Wolverhampton Wanderers FC,West Ham United FC,1,0
2023-01-14,Premier League,Nottingham Forest FC,Leicester City FC,2,0
2023-01-14,Premier League,Everton FC,Southampton FC,1,2
2023-01-14,Premier League,Brighton & Hove Albion FC,Liverpool FC,3,0
2023-01-14,Premier League,Brentford FC,AFC Bournemouth,2,0
2023-01-15,Premier League,Newcastle United FC,Fulham FC,1,0
2023-01-15,Premier League,Chelsea FC,Crystal Palace FC,1,0
2023-01-15,Premier League,Tottenham Hotspur FC,Arsenal FC,0,2
2023-01-18,Premier League,Crystal Palace FC,Manchester United FC,1,1
2023-01-19,Premier League,Manchester City FC,Tottenham Hotspur FC,4,2
2023-01-21,Premier League,Liverpool FC,Chelsea FC,0,0
2023-01-21,Premier League,West Ham United FC,Everton FC,2,0
2023-01-21,Premier League,Southampton FC,Aston Villa FC,0,1
2023-01-21,Premier League,Leicester City FC,Brighton & Hove Albion FC,2,2
2023-01-21,Premier League,AFC Bournemouth,Nottingham Forest FC,1,1
2023-01-21,Premier League,Crystal Palace FC,Newcastle United FC,0,0
2023-01-22,Premier League,Manchester City FC,Wolverhampton Wanderers FC,3,0
2023-01-22,Premier League,Leeds United FC,Brentford FC,0,0
2023-01-22,Premier League,Arsenal FC,Manchester United FC,3,2
2023-01-23,Premier League,Fulham FC,Tottenham Hotspur FC,0,1
2023-02-03,Premier League,Chelsea FC,Fulham FC,0,0
2023-02-04,Premier League,Everton FC,Arsenal FC,1,0
2023-02-04,Premier League,Wolverhampton Wanderers FC,Liverpool FC,3,0
2023-02-04,Premier League,Manchester United FC,Crystal Palace FC,2,1
2023-02-04,Premier League,Brighton & Hove Albion FC,AFC Bournemouth,1,0
2023-02-04,Premier League,Brentford FC,Southampton FC,3,0
2023-02-04,Premier League,Aston Villa FC,Leicester City FC,2,4
2023-02-04,Premier League,Newcastle United FC,West Ham United FC,1,1
2023-02-05,Premier League,Nottingham Forest FC,Leeds United FC,1,0
2023-02-05,Premier League,Tottenham Hotspur FC,Manchester City FC,1,0
2023-02-08,Premier League,Manchester United FC,Leeds United FC,2,2
2023-02-11,Premier League,West Ham United FC,Chelsea FC,1,1
2023-02-11,Premier League,Southampton FC,Wolverhampton Wanderers FC,1,2
2023-02-11,Premier League,Leicester City FC,Tottenham Hotspur FC,4,1
2023-02-11,Premier League,Fulham FC,Nottingham Forest FC,2,0
2023-02-11,Premier League,Crystal Palace FC,Brighton & Hove Albion FC,1,1
2023-02-11,Premier League,Arsenal FC,Brentford FC,1,1
2023-02-11,Premier League,AFC Bournemouth,Newcastle United FC,1,1
2023-02-12,Premier League,Leeds United FC,Manchester United FC,0,2
2023-02-12,Premier League,Manchester City FC,Aston Villa FC,3,1
2023-02-13,Premier League,Liverpool FC,Everton FC,2,0
2023-02-15,Premier League,Arsenal FC,Manchester City FC,1,3
2023-02-18,Premier League,Aston Villa FC,Arsenal FC,2,4
2023-02-18,Premier League,Wolverhampton Wanderers FC,AFC Bournemouth,0,1
2023-02-18,Premier League,Nottingham Forest FC,Manchester City FC,1,1
2023-02-18,Premier League,Everton FC,Leeds United FC,1,0
2023-02-18,Premier League,Chelsea FC,Southampton FC,0,1
2023-02-18,Premier League,Brighton & Hove Albion FC,Fulham FC,0,1
2023-02-18,Premier League,Brentford FC,Crystal Palace FC,1,1
2023-02-18,Premier League,Newcastle United FC,Liverpool FC,0,2
2023-02-19,Premier League,Manchester United FC,Leicester City FC,3,0
2023-02-19,Premier League,Tottenham Hotspur FC,West Ham United FC,2,0
2023-02-24,Premier League,Fulham FC,Wolverhampton Wanderers FC,1,1
2023-02-25,Premier League,West Ham United FC,Nottingham Forest FC,4,0
2023-02-25,Premier League,Leicester City FC,Arsenal FC,0,1
2023-02-25,Premier League,Leeds United FC,Southampton FC,1,0
2023-02-25,Premier League,Everton FC,Aston Villa FC,0,2
2023-02-25,Premier League,AFC Bournemouth,Manchester City FC,1,4
2023-02-25,Premier League,Crystal Palace FC,Liverpool FC,0,0
2023-02-26,Premier League,Tottenham Hotspur FC,Chelsea FC,2,0
2023-03-01,Premier League,Arsenal FC,Everton FC,4,0
2023-03-01,Premier League,Liverpool FC,Wolverhampton Wanderers FC,2,0
2023-03-04,Premier League,Manchester City FC,Newcastle United FC,2,0
2023-03-04,Premier League,Wolverhampton Wanderers FC,Tottenham Hotspur FC,1,0
2023-03-04,Premier League,Chelsea FC,Leeds United FC,1,0
2023-03-04,Premier League,Brighton & Hove Albion FC,West Ham United FC,4,0
2023-03-04,Premier League,Aston Villa FC,Crystal Palace FC,1,0
2023-03-04,Premier League,Arsenal FC,AFC Bournemouth,3,2
2023-03-04,Premier League,Southampton FC,Leicester City FC,1,0
2023-03-05,Premier League,Nottingham Forest FC,Everton FC,2,2
2023-03-05,Premier League,Liverpool FC,Manchester United FC,7,0
2023-03-06,Premier League,Brentford FC,Fulham FC,3,2
2023-03-11,Premier League,AFC Bournemouth,Liverpool FC,1,0
2023-03-11,Premier League,Tottenham Hotspur FC,Nottingham Forest FC,3,1
2023-03-11,Premier League,Leicester City FC,Chelsea FC,1,3
2023-03-11,Premier League,Leeds United FC,Brighton & Hove Albion FC,2,2
2023-03-11,Premier League,Everton FC,Brentford FC,1,0
2023-03-11,Premier League,Crystal Palace FC,Manchester City FC,0,1
2023-03-12,Premier League,West Ham United FC,Aston Villa FC,1,1
2023-03-12,Premier League,Manchester United FC,Southampton FC,0,0
2023-03-12,Premier League,Fulham FC,Arsenal FC,0,3
2023-03-12,Premier League,Newcastle United FC,Wolverhampton Wanderers FC,2,1
2023-03-15,Premier League,Brighton & Hove Albion FC,Crystal Palace FC,1,0
2023-03-15,Premier League,Southampton FC,Brentford FC,0,2
2023-03-17,Premier League,Nottingham Forest FC,Newcastle United FC,1,2
2023-03-18,Premier League,Wolverhampton Wanderers FC,Leeds United FC,2,4
2023-03-18,Premier League,Southampton FC,Tottenham Hotspur FC,3,3
2023-03-18,Premier League,Brentford FC,Leicester City FC,1,1
2023-03-18,Premier League,Aston Villa FC,AFC Bournemouth,3,0
2023-03-18,Premier League,Chelsea FC,Everton FC,2,2
2023-03-19,Premier League,Arsenal FC,Crystal Palace FC,4,1
2023-04-01,Premier League,Manchester City FC,Liverpool FC,4,1
2023-04-01,Premier League,Nottingham Forest FC,Wolverhampton Wanderers FC,1,1
2023-04-01,Premier League,Crystal Palace FC,Leicester City FC,2,1
2023-04-01,Premier League,Brighton & Hove Albion FC,Brentford FC,3,3
2023-04-01,Premier League,AFC Bournemouth,Fulham FC,2,1
2023-04-01,Premier League,Arsenal FC,Leeds United FC,4,1
2023-04-01,Premier League,Chelsea FC,Aston Villa FC,0,2
2023-04-02,Premier League,West Ham United FC,Southampton FC,1,0
2023-04-02,Premier League,Newcastle United FC,Manchester United FC,2,0
2023-04-03,Premier League,Everton FC,Tottenham Hotspur FC,1,1
2023-04-04,Premier League,Leicester City FC,Aston Villa FC,1,2
2023-04-04,Premier League,Leeds United FC,Nottingham Forest FC,2,1
2023-04-04,Premier League,AFC Bournemouth,Brighton & Hove Albion FC,0,2
2023-04-04,Premier League,Chelsea FC,Liverpool FC,0,0
2023-04-05,Premier League,West Ham United FC,Newcastle United FC,1,5
2023-04-05,Premier League,Manchester United FC,Brentford FC,1,0
2023-04-08,Premier League,Manchester United FC,Everton FC,2,0
2023-04-08,Premier League,Wolverhampton Wanderers FC,Chelsea FC,1,0
2023-04-08,Premier League,Tottenham Hotspur FC,Brighton & Hove Albion FC,2,1
2023-04-08,Premier League,Leicester City FC,AFC Bournemouth,0,1
2023-04-08,Premier League,Fulham FC,West Ham United FC,0,1
2023-04-08,Premier League,Brentford FC,Newcastle United FC,1,2
2023-04-08,Premier League,Aston Villa FC,Nottingham Forest FC,2,0
2023-04-08,Premier League,Southampton FC,Manchester City FC,1,4
2023-04-09,Premier League,Leeds United FC,Crystal Palace FC,1,5
2023-04-09,Premier League,Liverpool FC,Arsenal FC,2,2
2023-04-15,Premier League,Aston Villa FC,Newcastle United FC,3,0
2023-04-15,Premier League,Wolverhampton Wanderers FC,Brentford FC,2,0
2023-04-15,Premier League,Southampton FC,Crystal Palace FC,0,2
2023-04-15,Premier League,Everton FC,Fulham FC,1,3
2023-04-15,Premier League,Chelsea FC,Brighton & Hove Albion FC,1,2
2023-04-15,Premier League,Tottenham Hotspur FC,AFC Bournemouth,2,3
2023-04-15,Premier League,Manchester City FC,Leicester City FC,3,1
2023-04-16,Premier League,West Ham United FC,Arsenal FC,2,2
2023-04-16,Premier League,Nottingham Forest FC,Manchester United FC,0,2
2023-04-17,Premier League,Leeds United FC,Liverpool FC,1,6
2023-04-21,Premier League,Arsenal FC,Southampton FC,3,3
2023-04-22,Premier League,Fulham FC,Leeds United FC,2,1
2023-04-22,Premier League,Liverpool FC,Nottingham Forest FC,3,2
2023-04-22,Premier League,Leicester City FC,Wolverhampton Wanderers FC,2,1
2023-04-22,Premier League,Crystal Palace FC,Everton FC,0,0
2023-04-22,Premier League,Brentford FC,Aston Villa FC,1,1
2023-04-23,Premier League,Newcastle United FC,Tottenham Hotspur FC,6,1
2023-04-23,Premier League,AFC Bournemouth,West Ham United FC,0,4
2023-04-25,Premier League,Wolverhampton Wanderers FC,Crystal Palace FC,2,0
2023-04-25,Premier League,Aston Villa FC,Fulham FC,1,0
2023-04-25,Premier League,Leeds United FC,Leicester City FC,1,1
2023-04-26,Premier League,Nottingham Forest FC,Brighton & Hove Albion FC,3,1
2023-04-26,Premier League,Chelsea FC,Brentford FC,0,2
2023-04-26,Premier League,West Ham United FC,Liverpool FC,1,2
2023-04-26,Premier League,Manchester City FC,Arsenal FC,4,1
2023-04-27,Premier League,Southampton FC,AFC Bournemouth,0,1
2023-04-27,Premier League,Everton FC,Newcastle United FC,1,4
2023-04-27,Premier League,Tottenham Hotspur FC,Manchester United FC,2,2
2023-04-29,Premier League,Crystal Palace FC,West Ham United FC,4,3
2023-04-29,Premier League,Brighton & Hove Albion FC,Wolverhampton Wanderers FC,6,0
2023-04-29,Premier League,Brentford FC,Nottingham Forest FC,2,1
2023-04-30,Premier League,Newcastle United FC,Southampton FC,3,1
2023-04-30,Premier League,Manchester United FC,Aston Villa FC,1,0
2023-04-30,Premier League,Fulham FC,Manchester City FC,1,2
2023-04-30,Premier League,AFC Bournemouth,Leeds United FC,4,1
2023-04-30,Premier League,Liverpool FC,Tottenham Hotspur FC,4,3
2023-05-01,Premier League,Leicester City FC,Everton FC,2,2
2023-05-02,Premier League,Arsenal FC,Chelsea FC,3,1
2023-05-03,Premier League,Manchester City FC,West Ham United FC,3,0
2023-05-03,Premier League,Liverpool FC,Fulham FC,1,0
2023-05-04,Premier League,Brighton & Hove Albion FC,Manchester United FC,1,0
2023-05-06,Premier League,Wolverhampton Wanderers FC,Aston Villa FC,1,0
2023-05-06,Premier League,Tottenham Hotspur FC,Crystal Palace FC,1,0
2023-05-06,Premier League,Manchester City FC,Leeds United FC,2,1
2023-05-06,Premier League,AFC Bournemouth,Chelsea FC,1,3
2023-05-06,Premier League,Liverpool FC,Brentford FC,1,0
2023-05-07,Premier League,Newcastle United FC,Arsenal FC,0,2
2023-05-07,Premier League,West Ham United FC,Manchester United FC,1,0
2023-05-08,Premier League,Fulham FC,Leicester City FC,5,3
2023-05-08,Premier League,Brighton & Hove Albion FC,Everton FC,1,5
2023-05-08,Premier League,Nottingham Forest FC,Southampton FC,4,3
2023-05-13,Premier League,Leeds United FC,Newcastle United FC,2,2
2023-05-13,Premier League,Southampton FC,Fulham FC,0,2
2023-05-13,Premier League,Manchester United FC,Wolverhampton Wanderers FC,2,0
2023-05-13,Premier League,Crystal Palace FC,AFC Bournemouth,2,0
2023-05-13,Premier League,Chelsea FC,Nottingham Forest FC,2,2
2023-05-13,Premier League,Aston Villa FC,Tottenham Hotspur FC,2,1
2023-05-14,Premier League,Everton FC,Manchester City FC,0,3
2023-05-14,Premier League,Brentford FC,West Ham United FC,2,0
2023-05-14,Premier League,Arsenal FC,Brighton & Hove Albion FC,0,3
2023-05-15,Premier League,Leicester City FC,Liverpool FC,0,3
2023-05-18,Premier League,Newcastle United FC,Brighton & Hove Albion FC,4,1
2023-05-20,Premier League,Tottenham Hotspur FC,Brentford FC,1,3
2023-05-20,Premier League,Wolverhampton Wanderers FC,Everton FC,1,1
2023-05-20,Premier League,Liverpool FC,Aston Villa FC,1,1
2023-05-20,Premier League,Fulham FC,Crystal Palace FC,2,2
2023-05-20,Premier League,AFC Bournemouth,Manchester United FC,0,1
2023-05-20,Premier League,Nottingham Forest FC,Arsenal FC,1,0
2023-05-21,Premier League,West Ham United FC,Leeds United FC,3,1
2023-05-21,Premier League,Brighton & Hove Albion FC,Southampton FC,3,1
2023-05-21,Premier League,Manchester City FC,Chelsea FC,1,0
2023-05-22,Premier League,Newcastle United FC,Leicester City FC,0,0
2023-05-24,Premier League,Brighton & Hove Albion FC,Manchester City FC,1,1
2023-05-25,Premier League,Manchester United FC,Chelsea FC,4,1
2023-05-28,Premier League,Southampton FC,Liverpool FC,4,4
2023-05-28,Premier League,Manchester United FC,Fulham FC,2,1
2023-05-28,Premier League,Leicester City FC,West Ham United FC,2,1
2023-05-28,Premier League,Leeds United FC,Tottenham Hotspur FC,1,4
2023-05-28,Premier League,Everton FC,AFC Bournemouth,1,0
2023-05-28,Premier League,Crystal Palace FC,Nottingham Forest FC,1,1
2023-05-28,Premier League,Chelsea FC,Newcastle United FC,1,1
2023-05-28,Premier League,Brentford FC,Manchester City FC,1,0
2023-05-28,Premier League,Aston Villa FC,Brighton & Hove Albion FC,2,1
2023-05-28,Premier League,Arsenal FC,Wolverhampton Wanderers FC,5,0
2022-08-05,Bundesliga,Eintracht Frankfurt,FC Bayern München,1,6
2022-08-06,Bundesliga,FC Augsburg,SC Freiburg,0,4
2022-08-06,Bundesliga,VfL Bochum 1848,1. FSV Mainz 05,1,2
2022-08-06,Bundesliga,VfL Wolfsburg,SV Werder Bremen,2,2
2022-08-06,Bundesliga,Borussia Mönchengladbach,TSG 1899 Hoffenheim,3,1
2022-08-06,Bundesliga,1. FC Union Berlin,Hertha BSC,3,1
2022-08-06,Bundesliga,Borussia Dortmund,Bayer 04 Leverkusen,1,0
2022-08-07,Bundesliga,VfB Stuttgart,RB Leipzig,1,1
2022-08-07,Bundesliga,1. FC Köln,FC Schalke 04,3,1
2022-08-12,Bundesliga,SC Freiburg,Borussia Dortmund,1,3
2022-08-13,Bundesliga,SV Werder Bremen,VfB Stuttgart,2,2
2022-08-13,Bundesliga,Hertha BSC,Eintracht Frankfurt,1,1
2022-08-13,Bundesliga,TSG 1899 Hoffenheim,VfL Bochum 1848,3,2
2022-08-13,Bundesliga,RB Leipzig,1. FC Köln,2,2
2022-08-13,Bundesliga,Bayer 04 Leverkusen,FC Augsburg,1,2
2022-08-13,Bundesliga,FC Schalke 04,Borussia Mönchengladbach,2,2
2022-08-14,Bundesliga,1. FSV Mainz 05,1. FC Union Berlin,0,0
2022-08-14,Bundesliga,FC Bayern München,VfL Wolfsburg,2,0
2022-08-19,Bundesliga,Borussia Mönchengladbach,Hertha BSC,1,0
2022-08-20,Bundesliga,VfB Stuttgart,SC Freiburg,0,1
2022-08-20,Bundesliga,FC Augsburg,1. FSV Mainz 05,1,2
2022-08-20,Bundesliga,VfL Wolfsburg,FC Schalke 04,0,0
2022-08-20,Bundesliga,Bayer 04 Leverkusen,TSG 1899 Hoffenheim,0,3
2022-08-20,Bundesliga,Borussia Dortmund,SV Werder Bremen,2,3
2022-08-20,Bundesliga,1. FC Union Berlin,RB Leipzig,2,1
2022-08-21,Bundesliga,Eintracht Frankfurt,1. FC Köln,1,1
2022-08-21,Bundesliga,VfL Bochum 1848,FC Bayern München,0,7
2022-08-26,Bundesliga,SC Freiburg,VfL Bochum 1848,1,0
2022-08-27,Bundesliga,FC Schalke 04,1. FC Union Berlin,1,6
2022-08-27,Bundesliga,Hertha BSC,Borussia Dortmund,0,1
2022-08-27,Bundesliga,TSG 1899 Hoffenheim,FC Augsburg,1,0
2022-08-27,Bundesliga,1. FSV Mainz 05,Bayer 04 Leverkusen,0,3
2022-08-27,Bundesliga,RB Leipzig,VfL Wolfsburg,2,0
2022-08-27,Bundesliga,FC Bayern München,Borussia Mönchengladbach,1,1
2022-08-28,Bundesliga,1. FC Köln,VfB Stuttgart,0,0
2022-08-28,Bundesliga,SV Werder Bremen,Eintracht Frankfurt,3,4
2022-09-02,Bundesliga,Borussia Dortmund,TSG 1899 Hoffenheim,1,0
2022-09-03,Bundesliga,VfB Stuttgart,FC Schalke 04,1,1
2022-09-03,Bundesliga,VfL Bochum 1848,SV Werder Bremen,0,2
2022-09-03,Bundesliga,VfL Wolfsburg,1. FC Köln,2,4
2022-09-03,Bundesliga,1. FC Union Berlin,FC Bayern München,1,1
2022-09-03,Bundesliga,Bayer 04 Leverkusen,SC Freiburg,2,3
2022-09-03,Bundesliga,Eintracht Frankfurt,RB Leipzig,4,0
2022-09-04,Bundesliga,FC Augsburg,Hertha BSC,0,2
2022-09-04,Bundesliga,Borussia Mönchengladbach,1. FSV Mainz 05,0,1
2022-09-09,Bundesliga,SV Werder Bremen,FC Augsburg,0,1
2022-09-10,Bundesliga,Hertha BSC,Bayer 04 Leverkusen,2,2
2022-09-10,Bundesliga,Eintracht Frankfurt,VfL Wolfsburg,0,1
2022-09-10,Bundesliga,TSG 1899 Hoffenheim,1. FSV Mainz 05,4,1
2022-09-10,Bundesliga,RB Leipzig,Borussia Dortmund,3,0
2022-09-10,Bundesliga,FC Bayern München,VfB Stuttgart,2,2
2022-09-10,Bundesliga,FC Schalke 04,VfL Bochum 1848,3,1
2022-09-11,Bundesliga,1. FC Köln,1. FC Union Berlin,0,1
2022-09-11,Bundesliga,SC Freiburg,Borussia Mönchengladbach,0,0
2022-09-16,Bundesliga,1. FSV Mainz 05,Hertha BSC,1,1
2022-09-17,Bundesliga,VfB Stuttgart,Eintracht Frankfurt,1,3
2022-09-17,Bundesliga,FC Augsburg,FC Bayern München,1,0
2022-09-17,Bundesliga,Bayer 04 Leverkusen,SV Werder Bremen,1,1
2022-09-17,Bundesliga,Borussia Dortmund,FC Schalke 04,1,0
2022-09-17,Bundesliga,Borussia Mönchengladbach,RB Leipzig,3,0
2022-09-18,Bundesliga,1. FC Union Berlin,VfL Wolfsburg,2,0
2022-09-18,Bundesliga,VfL Bochum 1848,1. FC Köln,1,1
2022-09-18,Bundesliga,TSG 1899 Hoffenheim,SC Freiburg,0,0
2022-09-30,Bundesliga,FC Bayern München,Bayer 04 Leverkusen,4,0
2022-10-01,Bundesliga,VfL Wolfsburg,VfB Stuttgart,3,2
2022-10-01,Bundesliga,Eintracht Frankfurt,1. FC Union Berlin,2,0
2022-10-01,Bundesliga,1. FC Köln,Borussia Dortmund,3,2
2022-10-01,Bundesliga,SC Freiburg,1. FSV Mainz 05,2,1
2022-10-01,Bundesliga,RB Leipzig,VfL Bochum 1848,4,0
2022-10-01,Bundesliga,SV Werder Bremen,Borussia Mönchengladbach,5,1
2022-10-02,Bundesliga,Hertha BSC,TSG 1899 Hoffenheim,1,1
2022-10-02,Bundesliga,FC Schalke 04,FC Augsburg,2,3
2022-10-07,Bundesliga,TSG 1899 Hoffenheim,SV Werder Bremen,1,2
2022-10-08,Bundesliga,FC Augsburg,VfL Wolfsburg,1,1
2022-10-08,Bundesliga,VfL Bochum 1848,Eintracht Frankfurt,3,0
2022-10-08,Bundesliga,1. FSV Mainz 05,RB Leipzig,1,1
2022-10-08,Bundesliga,Bayer 04 Leverkusen,FC Schalke 04,4,0
2022-10-08,Bundesliga,Borussia Dortmund,FC Bayern München,2,2
2022-10-09,Bundesliga,Borussia Mönchengladbach,1. FC Köln,5,2
2022-10-09,Bundesliga,Hertha BSC,SC Freiburg,2,2
2022-10-09,Bundesliga,VfB Stuttgart,1. FC Union Berlin,0,1
2022-10-14,Bundesliga,FC Schalke 04,TSG 1899 Hoffenheim,0,3
2022-10-15,Bundesliga,SV Werder Bremen,1. FSV Mainz 05,0,2
2022-10-15,Bundesliga,VfB Stuttgart,VfL Bochum 1848,4,1
2022-10-15,Bundesliga,VfL Wolfsburg,Borussia Mönchengladbach,2,2
2022-10-15,Bundesliga,Eintracht Frankfurt,Bayer 04 Leverkusen,5,1
2022-10-15,Bundesliga,RB Leipzig,Hertha BSC,3,2
2022-10-16,Bundesliga,1. FC Köln,FC Augsburg,3,2
2022-10-16,Bundesliga,1. FC Union Berlin,Borussia Dortmund,2,0
2022-10-16,Bundesliga,FC Bayern München,SC Freiburg,5,0
2022-10-21,Bundesliga,1. FSV Mainz 05,1. FC Köln,5,0
2022-10-22,Bundesliga,FC Augsburg,RB Leipzig,3,3
2022-10-22,Bundesliga,TSG 1899 Hoffenheim,FC Bayern München,0,2
2022-10-22,Bundesliga,SC Freiburg,SV Werder Bremen,2,0
2022-10-22,Bundesliga,Bayer 04 Leverkusen,VfL Wolfsburg,2,2
2022-10-22,Bundesliga,Borussia Dortmund,VfB Stuttgart,5,0
2022-10-22,Bundesliga,Borussia Mönchengladbach,Eintracht Frankfurt,1,3
2022-10-23,Bundesliga,VfL Bochum 1848,1. FC Union Berlin,2,1
2022-10-23,Bundesliga,Hertha BSC,FC Schalke 04,2,1
2022-10-28,Bundesliga,SV Werder Bremen,Hertha BSC,1,0
2022-10-29,Bundesliga,VfB Stuttgart,FC Augsburg,2,1
2022-10-29,Bundesliga,VfL Wolfsburg,VfL Bochum 1848,4,0
2022-10-29,Bundesliga,RB Leipzig,Bayer 04 Leverkusen,2,0
2022-10-29,Bundesliga,FC Bayern München,1. FSV Mainz 05,6,2
2022-10-29,Bundesliga,Eintracht Frankfurt,Borussia Dortmund,1,2
2022-10-30,Bundesliga,1. FC Union Berlin,Borussia Mönchengladbach,2,1
2022-10-30,Bundesliga,FC Schalke 04,SC Freiburg,0,2
2022-10-30,Bundesliga,1. FC Köln,TSG 1899 Hoffenheim,1,1
2022-11-04,Bundesliga,Borussia Mönchengladbach,VfB Stuttgart,3,1
2022-11-05,Bundesliga,Hertha BSC,FC Bayern München,2,3
2022-11-05,Bundesliga,FC Augsburg,Eintracht Frankfurt,1,2
2022-11-05,Bundesliga,TSG 1899 Hoffenheim,RB Leipzig,1,3
2022-11-05,Bundesliga,1. FSV Mainz 05,VfL Wolfsburg,0,3
2022-11-05,Bundesliga,Borussia Dortmund,VfL Bochum 1848,3,0
2022-11-05,Bundesliga,SV Werder Bremen,FC Schalke 04,2,1
2022-11-06,Bundesliga,Bayer 04 Leverkusen,1. FC Union Berlin,5,0
2022-11-06,Bundesliga,SC Freiburg,1. FC Köln,2,0
2022-11-08,Bundesliga,VfL Wolfsburg,Borussia Dortmund,2,0
2022-11-08,Bundesliga,VfB Stuttgart,Hertha BSC,2,1
2022-11-08,Bundesliga,VfL Bochum 1848,Borussia Mönchengladbach,2,1
2022-11-08,Bundesliga,FC Bayern München,SV Werder Bremen,6,1
2022-11-09,Bundesliga,1. FC Köln,Bayer 04 Leverkusen,1,2
2022-11-09,Bundesliga,FC Schalke 04,1. FSV Mainz 05,1,0
2022-11-09,Bundesliga,Eintracht Frankfurt,TSG 1899 Hoffenheim,4,2
2022-11-09,Bundesliga,1. FC Union Berlin,FC Augsburg,2,2
2022-11-09,Bundesliga,RB Leipzig,SC Freiburg,3,1
2022-11-11,Bundesliga,Borussia Mönchengladbach,Borussia Dortmund,4,2
2022-11-12,Bundesliga,SV Werder Bremen,RB Leipzig,1,2
2022-11-12,Bundesliga,Hertha BSC,1. FC Köln,2,0
2022-11-12,Bundesliga,FC Augsburg,VfL Bochum 1848,0,1
2022-11-12,Bundesliga,TSG 1899 Hoffenheim,VfL Wolfsburg,1,2
2022-11-12,Bundesliga,Bayer 04 Leverkusen,VfB Stuttgart,2,0
2022-11-12,Bundesliga,FC Schalke 04,FC Bayern München,0,2
2022-11-13,Bundesliga,1. FSV Mainz 05,Eintracht Frankfurt,1,1
2022-11-13,Bundesliga,SC Freiburg,1. FC Union Berlin,4,1
2023-01-20,Bundesliga,RB Leipzig,FC Bayern München,1,1
2023-01-21,Bundesliga,VfB Stuttgart,1. FSV Mainz 05,1,1
2023-01-21,Bundesliga,VfL Bochum 1848,Hertha BSC,3,1
2023-01-21,Bundesliga,VfL Wolfsburg,SC Freiburg,6,0
2023-01-21,Bundesliga,Eintracht Frankfurt,FC Schalke 04,3,0
2023-01-21,Bundesliga,1. FC Union Berlin,TSG 1899 Hoffenheim,3,1
2023-01-21,Bundesliga,1. FC Köln,SV Werder Bremen,7,1
2023-01-22,Bundesliga,Borussia Dortmund,FC Augsburg,4,3
2023-01-22,Bundesliga,Borussia Mönchengladbach,Bayer 04 Leverkusen,2,3
2023-01-24,Bundesliga,FC Schalke 04,RB Leipzig,1,6
2023-01-24,Bundesliga,Hertha BSC,VfL Wolfsburg,0,5
2023-01-24,Bundesliga,TSG 1899 Hoffenheim,VfB Stuttgart,2,2
2023-01-24,Bundesliga,FC Bayern München,1. FC Köln,1,1
2023-01-25,Bundesliga,1. FSV Mainz 05,Borussia Dortmund,1,2
2023-01-25,Bundesliga,SV Werder Bremen,1. FC Union Berlin,1,2
2023-01-25,Bundesliga,FC Augsburg,Borussia Mönchengladbach,1,0
2023-01-25,Bundesliga,SC Freiburg,Eintracht Frankfurt,1,1
2023-01-25,Bundesliga,Bayer 04 Leverkusen,VfL Bochum 1848,2,0
2023-01-27,Bundesliga,RB Leipzig,VfB Stuttgart,2,1
2023-01-28,Bundesliga,SV Werder Bremen,VfL Wolfsburg,2,1
2023-01-28,Bundesliga,Hertha BSC,1. FC Union Berlin,0,2
2023-01-28,Bundesliga,TSG 1899 Hoffenheim,Borussia Mönchengladbach,1,4
2023-01-28,Bundesliga,1. FSV Mainz 05,VfL Bochum 1848,5,2
2023-01-28,Bundesliga,SC Freiburg,FC Augsburg,3,1
2023-01-28,Bundesliga,FC Bayern München,Eintracht Frankfurt,1,1
2023-01-29,Bundesliga,FC Schalke 04,1. FC Köln,0,0
2023-01-29,Bundesliga,Bayer 04 Leverkusen,Borussia Dortmund,0,2
2023-02-03,Bundesliga,FC Augsburg,Bayer 04 Leverkusen,1,0
2023-02-04,Bundesliga,VfL Bochum 1848,TSG 1899 Hoffenheim,5,2
2023-02-04,Bundesliga,Eintracht Frankfurt,Hertha BSC,3,0
2023-02-04,Bundesliga,1. FC Köln,RB Leipzig,0,0
2023-02-04,Bundesliga,1. FC Union Berlin,1. FSV Mainz 05,2,1
2023-02-04,Bundesliga,Borussia Dortmund,SC Freiburg,5,1
2023-02-04,Bundesliga,Borussia Mönchengladbach,FC Schalke 04,0,0
2023-02-05,Bundesliga,VfB Stuttgart,SV Werder Bremen,0,2
2023-02-05,Bundesliga,VfL Wolfsburg,FC Bayern München,2,4
2023-02-10,Bundesliga,FC Schalke 04,VfL Wolfsburg,0,0
2023-02-11,Bundesliga,SV Werder Bremen,Borussia Dortmund,0,2
2023-02-11,Bundesliga,TSG 1899 Hoffenheim,Bayer 04 Leverkusen,1,3
2023-02-11,Bundesliga,1. FSV Mainz 05,FC Augsburg,3,1
2023-02-11,Bundesliga,SC Freiburg,VfB Stuttgart,2,1
2023-02-11,Bundesliga,FC Bayern München,VfL Bochum 1848,3,0
2023-02-11,Bundesliga,RB Leipzig,1. FC Union Berlin,1,2
2023-02-12,Bundesliga,Hertha BSC,Borussia Mönchengladbach,4,1
2023-02-12,Bundesliga,1. FC Köln,Eintracht Frankfurt,3,0
2023-02-17,Bundesliga,FC Augsburg,TSG 1899 Hoffenheim,1,0
2023-02-18,Bundesliga,VfL Bochum 1848,SC Freiburg,0,2
2023-02-18,Bundesliga,VfL Wolfsburg,RB Leipzig,0,3
2023-02-18,Bundesliga,Borussia Mönchengladbach,FC Bayern München,3,2
2023-02-18,Bundesliga,VfB Stuttgart,1. FC Köln,3,0
2023-02-18,Bundesliga,Eintracht Frankfurt,SV Werder Bremen,2,0
2023-02-19,Bundesliga,1. FC Union Berlin,FC Schalke 04,0,0
2023-02-19,Bundesliga,Borussia Dortmund,Hertha BSC,4,1
2023-02-19,Bundesliga,Bayer 04 Leverkusen,1. FSV Mainz 05,2,3
2023-02-24,Bundesliga,1. FSV Mainz 05,Borussia Mönchengladbach,4,0
2023-02-25,Bundesliga,SV Werder Bremen,VfL Bochum 1848,3,0
2023-02-25,Bundesliga,Hertha BSC,FC Augsburg,2,0
2023-02-25,Bundesliga,TSG 1899 Hoffenheim,Borussia Dortmund,0,1
2023-02-25,Bundesliga,1. FC Köln,VfL Wolfsburg,0,2
2023-02-25,Bundesliga,RB Leipzig,Eintracht Frankfurt,2,1
2023-02-25,Bundesliga,FC Schalke 04,VfB Stuttgart,2,1
2023-02-26,Bundesliga,SC Freiburg,Bayer 04 Leverkusen,1,1
2023-02-26,Bundesliga,FC Bayern München,1. FC Union Berlin,3,0
2023-03-03,Bundesliga,Borussia Dortmund,RB Leipzig,2,1
2023-03-04,Bundesliga,FC Augsburg,SV Werder Bremen,2,1
2023-03-04,Bundesliga,VfL Bochum 1848,FC Schalke 04,0,2
2023-03-04,Bundesliga,Borussia Mönchengladbach,SC Freiburg,0,0
2023-03-04,Bundesliga,1. FSV Mainz 05,TSG 1899 Hoffenheim,1,0
2023-03-04,Bundesliga,1. FC Union Berlin,1. FC Köln,0,0
2023-03-04,Bundesliga,VfB Stuttgart,FC Bayern München,1,2
2023-03-05,Bundesliga,Bayer 04 Leverkusen,Hertha BSC,4,1
2023-03-05,Bundesliga,VfL Wolfsburg,Eintracht Frankfurt,2,2
2023-03-10,Bundesliga,1. FC Köln,VfL Bochum 1848,0,2
2023-03-11,Bundesliga,Hertha BSC,1. FSV Mainz 05,1,1
2023-03-11,Bundesliga,Eintracht Frankfurt,VfB Stuttgart,1,1
2023-03-11,Bundesliga,RB Leipzig,Borussia Mönchengladbach,3,0
2023-03-11,Bundesliga,FC Bayern München,FC Augsburg,5,3
2023-03-11,Bundesliga,FC Schalke 04,Borussia Dortmund,2,2
2023-03-12,Bundesliga,SC Freiburg,TSG 1899 Hoffenheim,2,1
2023-03-12,Bundesliga,SV Werder Bremen,Bayer 04 Leverkusen,2,3
2023-03-12,Bundesliga,VfL Wolfsburg,1. FC Union Berlin,1,1
2023-03-17,Bundesliga,Borussia Mönchengladbach,SV Werder Bremen,2,2
2023-03-18,Bundesliga,VfB Stuttgart,VfL Wolfsburg,0,1
2023-03-18,Bundesliga,FC Augsburg,FC Schalke 04,1,1
2023-03-18,Bundesliga,VfL Bochum 1848,RB Leipzig,1,0
2023-03-18,Bundesliga,TSG 1899 Hoffenheim,Hertha BSC,3,1
2023-03-18,Bundesliga,Borussia Dortmund,1. FC Köln,6,1
2023-03-19,Bundesliga,1. FC Union Berlin,Eintracht Frankfurt,2,0
2023-03-19,Bundesliga,Bayer 04 Leverkusen,FC Bayern München,2,1
2023-03-19,Bundesliga,1. FSV Mainz 05,SC Freiburg,1,1
2023-03-31,Bundesliga,Eintracht Frankfurt,VfL Bochum 1848,1,1
2023-04-01,Bundesliga,FC Schalke 04,Bayer 04 Leverkusen,0,3
2023-04-01,Bundesliga,VfL Wolfsburg,FC Augsburg,2,2
2023-04-01,Bundesliga,SC Freiburg,Hertha BSC,1,1
2023-04-01,Bundesliga,1. FC Union Berlin,VfB Stuttgart,3,0
2023-04-01,Bundesliga,RB Leipzig,1. FSV Mainz 05,0,3
2023-04-01,Bundesliga,FC Bayern München,Borussia Dortmund,4,2
2023-04-02,Bundesliga,1. FC Köln,Borussia Mönchengladbach,0,0
2023-04-02,Bundesliga,SV Werder Bremen,TSG 1899 Hoffenheim,1,2
2023-04-08,Bundesliga,FC Augsburg,1. FC Köln,1,3
2023-04-08,Bundesliga,1. FSV Mainz 05,SV Werder Bremen,2,2
2023-04-08,Bundesliga,SC Freiburg,FC Bayern München,0,1
2023-04-08,Bundesliga,Bayer 04 Leverkusen,Eintracht Frankfurt,3,1
2023-04-08,Bundesliga,Borussia Dortmund,1. FC Union Berlin,2,1
2023-04-08,Bundesliga,Hertha BSC,RB Leipzig,0,1
2023-04-09,Bundesliga,Borussia Mönchengladbach,VfL Wolfsburg,2,0
2023-04-09,Bundesliga,VfL Bochum 1848,VfB Stuttgart,2,3
2023-04-09,Bundesliga,TSG 1899 Hoffenheim,FC Schalke 04,2,0
2023-04-14,Bundesliga,FC Schalke 04,Hertha BSC,5,2
2023-04-15,Bundesliga,VfB Stuttgart,Borussia Dortmund,3,3
2023-04-15,Bundesliga,1. FC Köln,1. FSV Mainz 05,1,1
2023-04-15,Bundesliga,RB Leipzig,FC Augsburg,3,2
2023-04-15,Bundesliga,FC Bayern München,TSG 1899 Hoffenheim,1,1
2023-04-15,Bundesliga,Eintracht Frankfurt,Borussia Mönchengladbach,1,1
2023-04-16,Bundesliga,SV Werder Bremen,SC Freiburg,1,2
2023-04-16,Bundesliga,1. FC Union Berlin,VfL Bochum 1848,1,1
2023-04-16,Bundesliga,VfL Wolfsburg,Bayer 04 Leverkusen,0,0
2023-04-21,Bundesliga,FC Augsburg,VfB Stuttgart,1,1
2023-04-22,Bundesliga,Hertha BSC,SV Werder Bremen,2,4
2023-04-22,Bundesliga,VfL Bochum 1848,VfL Wolfsburg,1,5
2023-04-22,Bundesliga,TSG 1899 Hoffenheim,1. FC Köln,1,3
2023-04-22,Bundesliga,1. FSV Mainz 05,FC Bayern München,3,1
2023-04-22,Bundesliga,Borussia Dortmund,Eintracht Frankfurt,4,0
2023-04-23,Bundesliga,SC Freiburg,FC Schalke 04,4,0
2023-04-23,Bundesliga,Bayer 04 Leverkusen,RB Leipzig,2,0
2023-04-23,Bundesliga,Borussia Mönchengladbach,1. FC Union Berlin,0,1
2023-04-28,Bundesliga,VfL Bochum 1848,Borussia Dortmund,1,1
2023-04-29,Bundesliga,VfB Stuttgart,Borussia Mönchengladbach,2,1
2023-04-29,Bundesliga,Eintracht Frankfurt,FC Augsburg,1,1
2023-04-29,Bundesliga,1. FC Köln,SC Freiburg,0,1
2023-04-29,Bundesliga,1. FC Union Berlin,Bayer 04 Leverkusen,0,0
2023-04-29,Bundesliga,RB Leipzig,TSG 1899 Hoffenheim,1,0
2023-04-29,Bundesliga,FC Schalke 04,SV Werder Bremen,2,1
2023-04-30,Bundesliga,FC Bayern München,Hertha BSC,2,0
2023-04-30,Bundesliga,VfL Wolfsburg,1. FSV Mainz 05,3,0
2023-05-05,Bundesliga,1. FSV Mainz 05,FC Schalke 04,2,3
2023-05-05,Bundesliga,Bayer 04 Leverkusen,1. FC Köln,1,2
2023-05-06,Bundesliga,Hertha BSC,VfB Stuttgart,2,1
2023-05-06,Bundesliga,FC Augsburg,1. FC Union Berlin,1,0
2023-05-06,Bundesliga,Borussia Mönchengladbach,VfL Bochum 1848,2,0
2023-05-06,Bundesliga,TSG 1899 Hoffenheim,Eintracht Frankfurt,3,1
2023-05-06,Bundesliga,SC Freiburg,RB Leipzig,0,1
2023-05-06,Bundesliga,SV Werder Bremen,FC Bayern München,1,2
2023-05-07,Bundesliga,Borussia Dortmund,VfL Wolfsburg,6,0
2023-05-12,Bundesliga,1. FC Köln,Hertha BSC,5,2
2023-05-13,Bundesliga,VfL Bochum 1848,FC Augsburg,3,2
2023-05-13,Bundesliga,VfL Wolfsburg,TSG 1899 Hoffenheim,2,1
2023-05-13,Bundesliga,Eintracht Frankfurt,1. FSV Mainz 05,3,0
2023-05-13,Bundesliga,1. FC Union Berlin,SC Freiburg,4,2
2023-05-13,Bundesliga,FC Bayern München,FC Schalke 04,6,0
2023-05-13,Bundesliga,Borussia Dortmund,Borussia Mönchengladbach,5,2
2023-05-14,Bundesliga,VfB Stuttgart,Bayer 04 Leverkusen,1,1
2023-05-14,Bundesliga,RB Leipzig,SV Werder Bremen,2,1
2023-05-19,Bundesliga,SC Freiburg,VfL Wolfsburg,2,0
2023-05-20,Bundesliga,SV Werder Bremen,1. FC Köln,1,1
2023-05-20,Bundesliga,FC Schalke 04,Eintracht Frankfurt,2,2
2023-05-20,Bundesliga,Hertha BSC,VfL Bochum 1848,1,1
2023-05-20,Bundesliga,TSG 1899 Hoffenheim,1. FC Union Berlin,4,2
2023-05-20,Bundesliga,FC Bayern München,RB Leipzig,1,3
2023-05-21,Bundesliga,1. FSV Mainz 05,VfB Stuttgart,1,4
2023-05-21,Bundesliga,FC Augsburg,Borussia Dortmund,0,3
2023-05-21,Bundesliga,Bayer 04 Leverkusen,Borussia Mönchengladbach,2,2
2023-05-27,Bundesliga,VfB Stuttgart,TSG 1899 Hoffenheim,1,1
2023-05-27,Bundesliga,VfL Bochum 1848,Bayer 04 Leverkusen,3,0
2023-05-27,Bundesliga,VfL Wolfsburg,Hertha BSC,1,2
2023-05-27,Bundesliga,Eintracht Frankfurt,SC Freiburg,2,1
2023-05-27,Bundesliga,Borussia Mönchengladbach,FC Augsburg,2,0
2023-05-27,Bundesliga,1. FC Köln,FC Bayern München,1,2
2023-05-27,Bundesliga,1. FC Union Berlin,SV Werder Bremen,1,0
2023-05-27,Bundesliga,RB Leipzig,FC Schalke 04,4,2
2023-05-27,Bundesliga,Borussia Dortmund,1. FSV Mainz 05,2,2
2022-08-12,La Liga,CA Osasuna,Sevilla FC,2,1
2022-08-13,La Liga,RC Celta de Vigo,RCD Espanyol de Barcelona,2,2
2022-08-13,La Liga,Real Valladolid CF,Villarreal CF,0,3
2022-08-13,La Liga,FC Barcelona,Rayo Vallecano de Madrid,0,0
2022-08-14,La Liga,Cádiz CF,Real Sociedad de Fútbol,0,1
2022-08-14,La Liga,Valencia CF,Girona FC,1,0
2022-08-14,La Liga,UD Almería,Real Madrid CF,1,2
2022-08-15,La Liga,Athletic Club,RCD Mallorca,0,0
2022-08-15,La Liga,Getafe CF,Club Atlético de Madrid,0,3
2022-08-15,La Liga,Real Betis Balompié,Elche CF,3,0
2022-08-19,La Liga,RCD Espanyol de Barcelona,Rayo Vallecano de Madrid,0,2
2022-08-19,La Liga,Sevilla FC,Real Valladolid CF,1,1
2022-08-20,La Liga,CA Osasuna,Cádiz CF,2,0
2022-08-20,La Liga,RCD Mallorca,Real Betis Balompié,1,2
2022-08-20,La Liga,RC Celta de Vigo,Real Madrid CF,1,4
2022-08-21,La Liga,Athletic Club,Valencia CF,1,0
2022-08-21,La Liga,Club Atlético de Madrid,Villarreal CF,0,2
2022-08-21,La Liga,Real Sociedad de Fútbol,FC Barcelona,1,4
2022-08-22,La Liga,Elche CF,UD Almería,1,1
2022-08-22,La Liga,Girona FC,Getafe CF,3,1
2022-08-26,La Liga,Girona FC,RC Celta de Vigo,0,1
2022-08-26,La Liga,Real Betis Balompié,CA Osasuna,1,0
2022-08-27,La Liga,Elche CF,Real Sociedad de Fútbol,0,1
2022-08-27,La Liga,Rayo Vallecano de Madrid,RCD Mallorca,0,2
2022-08-27,La Liga,UD Almería,Sevilla FC,2,1
2022-08-28,La Liga,Getafe CF,Villarreal CF,0,0
2022-08-28,La Liga,FC Barcelona,Real Valladolid CF,4,0
2022-08-28,La Liga,RCD Espanyol de Barcelona,Real Madrid CF,1,3
2022-08-29,La Liga,Cádiz CF,Athletic Club,0,4
2022-08-29,La Liga,Valencia CF,Club Atlético de Madrid,0,1
2022-09-02,La Liga,RC Celta de Vigo,Cádiz CF,3,0
2022-09-03,La Liga,RCD Mallorca,Girona FC,1,1
2022-09-03,La Liga,Real Madrid CF,Real Betis Balompié,2,1
2022-09-03,La Liga,Real Sociedad de Fútbol,Club Atlético de Madrid,1,1
2022-09-03,La Liga,Sevilla FC,FC Barcelona,0,3
2022-09-04,La Liga,CA Osasuna,Rayo Vallecano de Madrid,2,1
2022-09-04,La Liga,Athletic Club,RCD Espanyol de Barcelona,0,1
2022-09-04,La Liga,Villarreal CF,Elche CF,4,0
2022-09-04,La Liga,Valencia CF,Getafe CF,5,1
2022-09-05,La Liga,Real Valladolid CF,UD Almería,1,0
2022-09-09,La Liga,Girona FC,Real Valladolid CF,2,1
2022-09-10,La Liga,Rayo Vallecano de Madrid,Valencia CF,2,1
2022-09-10,La Liga,RCD Espanyol de Barcelona,Sevilla FC,2,3
2022-09-10,La Liga,Cádiz CF,FC Barcelona,0,4
2022-09-10,La Liga,Club Atlético de Madrid,RC Celta de Vigo,4,1
2022-09-11,La Liga,Real Madrid CF,RCD Mallorca,4,1
2022-09-11,La Liga,Elche CF,Athletic Club,1,4
2022-09-11,La Liga,Getafe CF,Real Sociedad de Fútbol,2,1
2022-09-11,La Liga,Real Betis Balompié,Villarreal CF,1,0
2022-09-12,La Liga,UD Almería,CA Osasuna,0,1
2022-09-16,La Liga,Real Valladolid CF,Cádiz CF,0,1
2022-09-17,La Liga,RCD Mallorca,UD Almería,1,0
2022-09-17,La Liga,FC Barcelona,Elche CF,3,0
2022-09-17,La Liga,Valencia CF,RC Celta de Vigo,3,0
2022-09-17,La Liga,Athletic Club,Rayo Vallecano de Madrid,3,2
2022-09-18,La Liga,CA Osasuna,Getafe CF,0,2
2022-09-18,La Liga,Villarreal CF,Sevilla FC,1,1
2022-09-18,La Liga,Real Sociedad de Fútbol,RCD Espanyol de Barcelona,2,1
2022-09-18,La Liga,Real Betis Balompié,Girona FC,2,1
2022-09-18,La Liga,Club Atlético de Madrid,Real Madrid CF,1,2
2022-09-30,La Liga,Athletic Club,UD Almería,4,0
2022-10-01,La Liga,Cádiz CF,Villarreal CF,0,0
2022-10-01,La Liga,Getafe CF,Real Valladolid CF,2,3
2022-10-01,La Liga,Sevilla FC,Club Atlético de Madrid,0,2
2022-10-01,La Liga,RCD Mallorca,FC Barcelona,0,1
2022-10-02,La Liga,RCD Espanyol de Barcelona,Valencia CF,2,2
2022-10-02,La Liga,RC Celta de Vigo,Real Betis Balompié,1,0
2022-10-02,La Liga,Girona FC,Real Sociedad de Fútbol,3,5
2022-10-02,La Liga,Real Madrid CF,CA Osasuna,1,1
2022-10-03,La Liga,Rayo Vallecano de Madrid,Elche CF,2,1
2022-10-07,La Liga,CA Osasuna,Valencia CF,1,2
2022-10-08,La Liga,UD Almería,Rayo Vallecano de Madrid,3,1
2022-10-08,La Liga,Club Atlético de Madrid,Girona FC,2,1
2022-10-08,La Liga,Sevilla FC,Athletic Club,1,1
2022-10-08,La Liga,Getafe CF,Real Madrid CF,0,1
2022-10-09,La Liga,Real Valladolid CF,Real Betis Balompié,0,0
2022-10-09,La Liga,Cádiz CF,RCD Espanyol de Barcelona,2,2
2022-10-09,La Liga,Real Sociedad de Fútbol,Villarreal CF,1,0
2022-10-09,La Liga,FC Barcelona,RC Celta de Vigo,1,0
2022-10-10,La Liga,Elche CF,RCD Mallorca,1,1
2022-10-14,La Liga,Rayo Vallecano de Madrid,Getafe CF,0,0
2022-10-15,La Liga,Girona FC,Cádiz CF,1,1
2022-10-15,La Liga,Valencia CF,Elche CF,2,2
2022-10-15,La Liga,RCD Mallorca,Sevilla FC,0,1
2022-10-15,La Liga,Athletic Club,Club Atlético de Madrid,0,1
2022-10-16,La Liga,RC Celta de Vigo,Real Sociedad de Fútbol,1,2
2022-10-16,La Liga,Real Madrid CF,FC Barcelona,3,1
2022-10-16,La Liga,RCD Espanyol de Barcelona,Real Valladolid CF,1,0
2022-10-16,La Liga,Real Betis Balompié,UD Almería,3,1
2022-10-17,La Liga,Villarreal CF,CA Osasuna,2,0
2022-10-18,La Liga,Sevilla FC,Valencia CF,1,1
2022-10-18,La Liga,Getafe CF,Athletic Club,2,2
2022-10-18,La Liga,Club Atlético de Madrid,Rayo Vallecano de Madrid,1,1
2022-10-19,La Liga,Real Valladolid CF,RC Celta de Vigo,4,1
2022-10-19,La Liga,Cádiz CF,Real Betis Balompié,0,0
2022-10-19,La Liga,Real Sociedad de Fútbol,RCD Mallorca,1,0
2022-10-19,La Liga,Elche CF,Real Madrid CF,0,3
2022-10-20,La Liga,UD Almería,Girona FC,3,2
2022-10-20,La Liga,CA Osasuna,RCD Espanyol de Barcelona,1,0
2022-10-20,La Liga,FC Barcelona,Villarreal CF,3,0
2022-10-22,La Liga,Rayo Vallecano de Madrid,Cádiz CF,5,1
2022-10-22,La Liga,Real Valladolid CF,Real Sociedad de Fútbol,1,0
2022-10-22,La Liga,Valencia CF,RCD Mallorca,1,2
2022-10-22,La Liga,Real Madrid CF,Sevilla FC,3,1
2022-10-23,La Liga,RCD Espanyol de Barcelona,Elche CF,2,2
2022-10-23,La Liga,Real Betis Balompié,Club Atlético de Madrid,1,2
2022-10-23,La Liga,Villarreal CF,UD Almería,2,1
2022-10-23,La Liga,Girona FC,CA Osasuna,1,1
2022-10-23,La Liga,FC Barcelona,Athletic Club,4,0
2022-10-24,La Liga,RC Celta de Vigo,Getafe CF,1,1
2022-10-28,La Liga,RCD Mallorca,RCD Espanyol de Barcelona,1,1
2022-10-29,La Liga,UD Almería,RC Celta de Vigo,3,1
2022-10-29,La Liga,Cádiz CF,Club Atlético de Madrid,3,2
2022-10-29,La Liga,Sevilla FC,Rayo Vallecano de Madrid,0,1
2022-10-29,La Liga,Valencia CF,FC Barcelona,0,1
2022-10-30,La Liga,CA Osasuna,Real Valladolid CF,2,0
2022-10-30,La Liga,Real Madrid CF,Girona FC,1,1
2022-10-30,La Liga,Athletic Club,Villarreal CF,1,0
2022-10-30,La Liga,Real Sociedad de Fútbol,Real Betis Balompié,0,2
2022-10-31,La Liga,Elche CF,Getafe CF,0,1
2022-11-04,La Liga,Girona FC,Athletic Club,2,1
2022-11-05,La Liga,Getafe CF,Cádiz CF,0,0
2022-11-05,La Liga,Real Valladolid CF,Elche CF,2,1
2022-11-05,La Liga,RC Celta de Vigo,CA Osasuna,1,2
2022-11-05,La Liga,FC Barcelona,UD Almería,2,0
2022-11-06,La Liga,Club Atlético de Madrid,RCD Espanyol de Barcelona,1,1
2022-11-06,La Liga,Real Sociedad de Fútbol,Valencia CF,1,1
2022-11-06,La Liga,Villarreal CF,RCD Mallorca,0,2
2022-11-06,La Liga,Real Betis Balompié,Sevilla FC,1,1
2022-11-07,La Liga,Rayo Vallecano de Madrid,Real Madrid CF,3,2
2022-11-08,La Liga,Elche CF,Girona FC,1,2
2022-11-08,La Liga,Athletic Club,Real Valladolid CF,3,0
2022-11-08,La Liga,CA Osasuna,FC Barcelona,1,2
2022-11-09,La Liga,Sevilla FC,Real Sociedad de Fútbol,1,2
2022-11-09,La Liga,UD Almería,Getafe CF,1,0
2022-11-09,La Liga,RCD Espanyol de Barcelona,Villarreal CF,0,1
2022-11-09,La Liga,RCD Mallorca,Club Atlético de Madrid,1,0
2022-11-10,La Liga,Rayo Vallecano de Madrid,RC Celta de Vigo,0,0
2022-11-10,La Liga,Valencia CF,Real Betis Balompié,3,0
2022-11-10,La Liga,Real Madrid CF,Cádiz CF,2,1
2022-12-29,La Liga,Girona FC,Rayo Vallecano de Madrid,2,2
2022-12-29,La Liga,Real Betis Balompié,Athletic Club,0,0
2022-12-29,La Liga,Club Atlético de Madrid,Elche CF,2,0
2022-12-30,La Liga,Getafe CF,RCD Mallorca,2,0
2022-12-30,La Liga,Cádiz CF,UD Almería,1,1
2022-12-30,La Liga,RC Celta de Vigo,Sevilla FC,1,1
2022-12-30,La Liga,Real Valladolid CF,Real Madrid CF,0,2
2022-12-31,La Liga,FC Barcelona,RCD Espanyol de Barcelona,1,1
2022-12-31,La Liga,Villarreal CF,Valencia CF,2,1
2022-12-31,La Liga,Real Sociedad de Fútbol,CA Osasuna,2,0
2023-01-06,La Liga,Elche CF,RC Celta de Vigo,0,1
2023-01-06,La Liga,Valencia CF,Cádiz CF,0,1
2023-01-07,La Liga,Villarreal CF,Real Madrid CF,2,1
2023-01-07,La Liga,RCD Mallorca,Real Valladolid CF,1,0
2023-01-07,La Liga,RCD Espanyol de Barcelona,Girona FC,2,2
2023-01-08,La Liga,UD Almería,Real Sociedad de Fútbol,0,2
2023-01-08,La Liga,Rayo Vallecano de Madrid,Real Betis Balompié,1,2
2023-01-08,La Liga,Sevilla FC,Getafe CF,2,1
2023-01-08,La Liga,Club Atlético de Madrid,FC Barcelona,0,1
2023-01-09,La Liga,Athletic Club,CA Osasuna,0,0
2023-01-13,La Liga,RC Celta de Vigo,Villarreal CF,1,1
2023-01-14,La Liga,Real Valladolid CF,Rayo Vallecano de Madrid,0,1
2023-01-14,La Liga,Girona FC,Sevilla FC,2,1
2023-01-14,La Liga,CA Osasuna,RCD Mallorca,1,0
2023-01-14,La Liga,Real Sociedad de Fútbol,Athletic Club,3,1
2023-01-15,La Liga,Getafe CF,RCD Espanyol de Barcelona,1,2
2023-01-15,La Liga,UD Almería,Club Atlético de Madrid,1,1
2023-01-16,La Liga,Cádiz CF,Elche CF,1,1
2023-01-20,La Liga,RCD Mallorca,RC Celta de Vigo,1,0
2023-01-21,La Liga,Rayo Vallecano de Madrid,Real Sociedad de Fútbol,0,2
2023-01-21,La Liga,RCD Espanyol de Barcelona,Real Betis Balompié,1,0
2023-01-21,La Liga,Club Atlético de Madrid,Real Valladolid CF,3,0
2023-01-21,La Liga,Sevilla FC,Cádiz CF,1,0
2023-01-22,La Liga,Villarreal CF,Girona FC,1,0
2023-01-22,La Liga,Elche CF,CA Osasuna,1,1
2023-01-22,La Liga,FC Barcelona,Getafe CF,1,0
2023-01-22,La Liga,Athletic Club,Real Madrid CF,0,2
2023-01-23,La Liga,Valencia CF,UD Almería,2,2
2023-01-27,La Liga,UD Almería,RCD Espanyol de Barcelona,3,1
2023-01-28,La Liga,Cádiz CF,RCD Mallorca,2,0
2023-01-28,La Liga,Girona FC,FC Barcelona,0,1
2023-01-28,La Liga,Sevilla FC,Elche CF,3,0
2023-01-28,La Liga,Getafe CF,Real Betis Balompié,0,1
2023-01-29,La Liga,Real Valladolid CF,Valencia CF,1,0
2023-01-29,La Liga,CA Osasuna,Club Atlético de Madrid,0,1
2023-01-29,La Liga,RC Celta de Vigo,Athletic Club,1,0
2023-01-29,La Liga,Real Madrid CF,Real Sociedad de Fútbol,0,0
2023-01-30,La Liga,Villarreal CF,Rayo Vallecano de Madrid,0,1
2023-02-01,La Liga,Real Betis Balompié,FC Barcelona,1,2
2023-02-02,La Liga,Real Madrid CF,Valencia CF,2,0
2023-02-03,La Liga,Athletic Club,Cádiz CF,4,1
2023-02-04,La Liga,RCD Espanyol de Barcelona,CA Osasuna,1,1
2023-02-04,La Liga,Elche CF,Villarreal CF,3,1
2023-02-04,La Liga,Club Atlético de Madrid,Getafe CF,1,1
2023-02-04,La Liga,Real Betis Balompié,RC Celta de Vigo,3,4
2023-02-05,La Liga,RCD Mallorca,Real Madrid CF,1,0
2023-02-05,La Liga,Girona FC,Valencia CF,1,0
2023-02-05,La Liga,Real Sociedad de Fútbol,Real Valladolid CF,0,1
2023-02-05,La Liga,FC Barcelona,Sevilla FC,3,0
2023-02-06,La Liga,Rayo Vallecano de Madrid,UD Almería,2,0
2023-02-10,La Liga,Cádiz CF,Girona FC,2,0
2023-02-11,La Liga,UD Almería,Real Betis Balompié,2,3
2023-02-11,La Liga,Sevilla FC,RCD Mallorca,2,0
2023-02-11,La Liga,Valencia CF,Athletic Club,1,2
2023-02-12,La Liga,Getafe CF,Rayo Vallecano de Madrid,1,1
2023-02-12,La Liga,RC Celta de Vigo,Club Atlético de Madrid,0,1
2023-02-12,La Liga,Real Valladolid CF,CA Osasuna,0,0
2023-02-12,La Liga,Villarreal CF,FC Barcelona,0,1
2023-02-13,La Liga,RCD Espanyol de Barcelona,Real Sociedad de Fútbol,2,3
2023-02-15,La Liga,Real Madrid CF,Elche CF,4,0
2023-02-17,La Liga,Girona FC,UD Almería,6,2
2023-02-18,La Liga,Real Sociedad de Fútbol,RC Celta de Vigo,1,1
2023-02-18,La Liga,Real Betis Balompié,Real Valladolid CF,2,1
2023-02-18,La Liga,RCD Mallorca,Villarreal CF,4,2
2023-02-18,La Liga,CA Osasuna,Real Madrid CF,0,2
2023-02-19,La Liga,Elche CF,RCD Espanyol de Barcelona,0,1
2023-02-19,La Liga,Rayo Vallecano de Madrid,Sevilla FC,1,1
2023-02-19,La Liga,Club Atlético de Madrid,Athletic Club,1,0
2023-02-19,La Liga,FC Barcelona,Cádiz CF,2,0
2023-02-20,La Liga,Getafe CF,Valencia CF,1,0
2023-02-24,La Liga,Elche CF,Real Betis Balompié,2,3
2023-02-25,La Liga,RCD Espanyol de Barcelona,RCD Mallorca,2,1
2023-02-25,La Liga,Cádiz CF,Rayo Vallecano de Madrid,1,0
2023-02-25,La Liga,Real Madrid CF,Club Atlético de Madrid,1,1
2023-02-25,La Liga,Valencia CF,Real Sociedad de Fútbol,1,0
2023-02-26,La Liga,Athletic Club,Girona FC,2,3
2023-02-26,La Liga,RC Celta de Vigo,Real Valladolid CF,3,0
2023-02-26,La Liga,UD Almería,FC Barcelona,1,0
2023-02-26,La Liga,Sevilla FC,CA Osasuna,2,3
2023-02-27,La Liga,Villarreal CF,Getafe CF,2,1
2023-03-03,La Liga,Real Sociedad de Fútbol,Cádiz CF,0,0
2023-03-04,La Liga,Getafe CF,Girona FC,3,2
2023-03-04,La Liga,UD Almería,Villarreal CF,0,2
2023-03-04,La Liga,RCD Mallorca,Elche CF,0,1
2023-03-04,La Liga,Club Atlético de Madrid,Sevilla FC,6,1
2023-03-05,La Liga,Real Valladolid CF,RCD Espanyol de Barcelona,2,1
2023-03-05,La Liga,FC Barcelona,Valencia CF,1,0
2023-03-05,La Liga,Rayo Vallecano de Madrid,Athletic Club,0,0
2023-03-05,La Liga,Real Betis Balompié,Real Madrid CF,0,0
2023-03-06,La Liga,CA Osasuna,RC Celta de Vigo,0,0
2023-03-10,La Liga,Cádiz CF,Getafe CF,2,2
2023-03-11,La Liga,Real Madrid CF,RCD Espanyol de Barcelona,3,1
2023-03-11,La Liga,Elche CF,Real Valladolid CF,1,1
2023-03-11,La Liga,RC Celta de Vigo,Rayo Vallecano de Madrid,3,0
2023-03-11,La Liga,Valencia CF,CA Osasuna,1,0
2023-03-12,La Liga,RCD Mallorca,Real Sociedad de Fútbol,1,1
2023-03-12,La Liga,Sevilla FC,UD Almería,2,1
2023-03-12,La Liga,Villarreal CF,Real Betis Balompié,1,1
2023-03-12,La Liga,Athletic Club,FC Barcelona,0,1
2023-03-13,La Liga,Girona FC,Club Atlético de Madrid,0,1
2023-03-17,La Liga,Real Valladolid CF,Athletic Club,1,3
2023-03-18,La Liga,UD Almería,Cádiz CF,1,1
2023-03-18,La Liga,Rayo Vallecano de Madrid,Girona FC,2,2
2023-03-18,La Liga,RCD Espanyol de Barcelona,RC Celta de Vigo,1,3
2023-03-18,La Liga,Club Atlético de Madrid,Valencia CF,3,0
2023-03-19,La Liga,Real Betis Balompié,RCD Mallorca,1,0
2023-03-19,La Liga,Real Sociedad de Fútbol,Elche CF,2,0
2023-03-19,La Liga,CA Osasuna,Villarreal CF,0,3
2023-03-19,La Liga,Getafe CF,Sevilla FC,2,0
2023-03-19,La Liga,FC Barcelona,Real Madrid CF,2,1
2023-03-31,La Liga,RCD Mallorca,CA Osasuna,0,0
2023-04-01,La Liga,Girona FC,RCD Espanyol de Barcelona,2,1
2023-04-01,La Liga,Athletic Club,Getafe CF,0,0
2023-04-01,La Liga,Cádiz CF,Sevilla FC,0,2
2023-04-01,La Liga,Elche CF,FC Barcelona,0,4
2023-04-02,La Liga,RC Celta de Vigo,UD Almería,2,2
2023-04-02,La Liga,Real Madrid CF,Real Valladolid CF,6,0
2023-04-02,La Liga,Villarreal CF,Real Sociedad de Fútbol,2,0
2023-04-02,La Liga,Club Atlético de Madrid,Real Betis Balompié,1,0
2023-04-03,La Liga,Valencia CF,Rayo Vallecano de Madrid,1,1
2023-04-07,La Liga,Sevilla FC,RC Celta de Vigo,2,2
2023-04-08,La Liga,CA Osasuna,Elche CF,2,1
2023-04-08,La Liga,RCD Espanyol de Barcelona,Athletic Club,1,2
2023-04-08,La Liga,Real Sociedad de Fútbol,Getafe CF,2,0
2023-04-08,La Liga,Real Madrid CF,Villarreal CF,2,3
2023-04-09,La Liga,Real Valladolid CF,RCD Mallorca,3,3
2023-04-09,La Liga,Real Betis Balompié,Cádiz CF,0,2
2023-04-09,La Liga,UD Almería,Valencia CF,2,1
2023-04-09,La Liga,Rayo Vallecano de Madrid,Club Atlético de Madrid,1,2
2023-04-10,La Liga,FC Barcelona,Girona FC,0,0
2023-04-14,La Liga,Rayo Vallecano de Madrid,CA Osasuna,2,1
2023-04-15,La Liga,Villarreal CF,Real Valladolid CF,1,2
2023-04-15,La Liga,Athletic Club,Real Sociedad de Fútbol,2,0
2023-04-15,La Liga,Real Betis Balompié,RCD Espanyol de Barcelona,3,1
2023-04-15,La Liga,Cádiz CF,Real Madrid CF,0,2
2023-04-16,La Liga,Girona FC,Elche CF,2,0
2023-04-16,La Liga,Getafe CF,FC Barcelona,0,0
2023-04-16,La Liga,Club Atlético de Madrid,UD Almería,2,1
2023-04-16,La Liga,Valencia CF,Sevilla FC,0,2
2023-04-17,La Liga,RC Celta de Vigo,RCD Mallorca,0,1
2023-04-21,La Liga,RCD Espanyol de Barcelona,Cádiz CF,0,0
2023-04-22,La Liga,CA Osasuna,Real Betis Balompié,3,2
2023-04-22,La Liga,UD Almería,Athletic Club,1,2
2023-04-22,La Liga,Real Valladolid CF,Girona FC,1,0
2023-04-22,La Liga,Real Sociedad de Fútbol,Rayo Vallecano de Madrid,2,1
2023-04-22,La Liga,Real Madrid CF,RC Celta de Vigo,2,0
2023-04-23,La Liga,Elche CF,Valencia CF,0,2
2023-04-23,La Liga,FC Barcelona,Club Atlético de Madrid,1,0
2023-04-23,La Liga,RCD Mallorca,Getafe CF,3,1
2023-04-23,La Liga,Sevilla FC,Villarreal CF,2,1
2023-04-25,La Liga,Girona FC,Real Madrid CF,4,2
2023-04-25,La Liga,Cádiz CF,CA Osasuna,0,1
2023-04-25,La Liga,Real Betis Balompié,Real Sociedad de Fútbol,0,0
2023-04-26,La Liga,Getafe CF,UD Almería,1,2
2023-04-26,La Liga,Club Atlético de Madrid,RCD Mallorca,3,1
2023-04-26,La Liga,Rayo Vallecano de Madrid,FC Barcelona,2,1
2023-04-26,La Liga,RC Celta de Vigo,Elche CF,1,0
2023-04-27,La Liga,Villarreal CF,RCD Espanyol de Barcelona,4,2
2023-04-27,La Liga,Valencia CF,Real Valladolid CF,2,1
2023-04-27,La Liga,Athletic Club,Sevilla FC,0,1
2023-04-28,La Liga,CA Osasuna,Real Sociedad de Fútbol,0,2
2023-04-29,La Liga,Elche CF,Rayo Vallecano de Madrid,4,0
2023-04-29,La Liga,Real Madrid CF,UD Almería,4,2
2023-04-29,La Liga,FC Barcelona,Real Betis Balompié,4,0
2023-04-30,La Liga,Cádiz CF,Valencia CF,2,1
2023-04-30,La Liga,Villarreal CF,RC Celta de Vigo,3,1
2023-04-30,La Liga,RCD Espanyol de Barcelona,Getafe CF,1,0
2023-04-30,La Liga,Real Valladolid CF,Club Atlético de Madrid,2,5
2023-05-01,La Liga,RCD Mallorca,Athletic Club,1,1
2023-05-01,La Liga,Sevilla FC,Girona FC,0,2
2023-05-02,La Liga,UD Almería,Elche CF,2,1
2023-05-02,La Liga,FC Barcelona,CA Osasuna,1,0
2023-05-02,La Liga,Real Sociedad de Fútbol,Real Madrid CF,2,0
2023-05-03,La Liga,Valencia CF,Villarreal CF,1,1
2023-05-03,La Liga,Getafe CF,RC Celta de Vigo,1,0
2023-05-03,La Liga,Club Atlético de Madrid,Cádiz CF,5,1
2023-05-04,La Liga,Sevilla FC,RCD Espanyol de Barcelona,3,2
2023-05-04,La Liga,Girona FC,RCD Mallorca,2,1
2023-05-04,La Liga,Rayo Vallecano de Madrid,Real Valladolid CF,2,1
2023-05-04,La Liga,Athletic Club,Real Betis Balompié,0,1
2023-05-12,La Liga,RCD Mallorca,Cádiz CF,1,0
2023-05-13,La Liga,Real Sociedad de Fútbol,Girona FC,2,2
2023-05-13,La Liga,CA Osasuna,UD Almería,3,1
2023-05-13,La Liga,Villarreal CF,Athletic Club,5,1
2023-05-13,La Liga,Real Madrid CF,Getafe CF,1,0
2023-05-14,La Liga,RC Celta de Vigo,Valencia CF,1,2
2023-05-14,La Liga,Elche CF,Club Atlético de Madrid,1,0
2023-05-14,La Liga,Real Valladolid CF,Sevilla FC,0,3
2023-05-14,La Liga,RCD Espanyol de Barcelona,FC Barcelona,2,4
2023-05-15,La Liga,Real Betis Balompié,Rayo Vallecano de Madrid,3,1
2023-05-19,La Liga,Cádiz CF,Real Valladolid CF,2,0
2023-05-20,La Liga,Girona FC,Villarreal CF,1,2
2023-05-20,La Liga,Athletic Club,RC Celta de Vigo,2,1
2023-05-20,La Liga,Getafe CF,Elche CF,1,1
2023-05-20,La Liga,UD Almería,RCD Mallorca,3,0
2023-05-20,La Liga,FC Barcelona,Real Sociedad de Fútbol,1,2
2023-05-21,La Liga,Rayo Vallecano de Madrid,RCD Espanyol de Barcelona,1,2
2023-05-21,La Liga,Club Atlético de Madrid,CA Osasuna,3,0
2023-05-21,La Liga,Valencia CF,Real Madrid CF,1,0
2023-05-21,La Liga,Sevilla FC,Real Betis Balompié,0,0
2023-05-23,La Liga,Real Sociedad de Fútbol,UD Almería,1,0
2023-05-23,La Liga,RC Celta de Vigo,Girona FC,1,1
2023-05-23,La Liga,Real Valladolid CF,FC Barcelona,3,1
2023-05-24,La Liga,Real Madrid CF,Rayo Vallecano de Madrid,2,1
2023-05-24,La Liga,Villarreal CF,Cádiz CF,2,0
2023-05-24,La Liga,Elche CF,Sevilla FC,1,1
2023-05-24,La Liga,RCD Espanyol de Barcelona,Club Atlético de Madrid,3,3
2023-05-24,La Liga,Real Betis Balompié,Getafe CF,0,1
2023-05-25,La Liga,RCD Mallorca,Valencia CF,1,0
2023-05-25,La Liga,CA Osasuna,Athletic Club,2,0
2023-05-27,La Liga,Sevilla FC,Real Madrid CF,1,2
2023-05-28,La Liga,Valencia CF,RCD Espanyol de Barcelona,2,2
2023-05-28,La Liga,Girona FC,Real Betis Balompié,1,2
2023-05-28,La Liga,UD Almería,Real Valladolid CF,0,0
2023-05-28,La Liga,Rayo Vallecano de Madrid,Villarreal CF,2,1
2023-05-28,La Liga,Cádiz CF,RC Celta de Vigo,1,0
2023-05-28,La Liga,Getafe CF,CA Osasuna,2,1
2023-05-28,La Liga,FC Barcelona,RCD Mallorca,3,0
2023-05-28,La Liga,Club Atlético de Madrid,Real Sociedad de Fútbol,2,1
2023-05-28,La Liga,Athletic Club,Elche CF,0,1
2023-06-04,La Liga,CA Osasuna,Girona FC,2,1
2023-06-04,La Liga,Villarreal CF,Club Atlético de Madrid,2,2
2023-06-04,La Liga,Real Madrid CF,Athletic Club,1,1
2023-06-04,La Liga,Real Sociedad de Fútbol,Sevilla FC,2,1
2023-06-04,La Liga,RCD Mallorca,Rayo Vallecano de Madrid,3,0
2023-06-04,La Liga,RCD Espanyol de Barcelona,UD Almería,3,3
2023-06-04,La Liga,Elche CF,Cádiz CF,1,1
2023-06-04,La Liga,Real Valladolid CF,Getafe CF,0,0
2023-06-04,La Liga,RC Celta de Vigo,FC Barcelona,2,1
2023-06-04,La Liga,Real Betis Balompié,Valencia CF,1,1
2022-08-13,Serie A,UC Sampdoria,Atalanta BC,0,2
2022-08-13,Serie A,AC Milan,Udinese Calcio,4,2
2022-08-13,Serie A,US Lecce,FC Internazionale Milano,1,2
2022-08-13,Serie A,AC Monza,Torino FC,1,2
2022-08-14,Serie A,ACF Fiorentina,US Cremonese,3,2
2022-08-14,Serie A,SS Lazio,Bologna FC 1909,2,1
2022-08-14,Serie A,US Salernitana 1919,AS Roma,0,1
2022-08-14,Serie A,Spezia Calcio,Empoli FC,1,0
2022-08-15,Serie A,Hellas Verona FC,SSC Napoli,2,5
2022-08-15,Serie A,Juventus FC,US Sassuolo Calcio,3,0
2022-08-20,Serie A,Udinese Calcio,US Salernitana 1919,0,0
2022-08-20,Serie A,Torino FC,SS Lazio,0,0
2022-08-20,Serie A,US Sassuolo Calcio,US Lecce,1,0
2022-08-20,Serie A,FC Internazionale Milano,Spezia Calcio,3,0
2022-08-21,Serie A,SSC Napoli,AC Monza,4,0
2022-08-21,Serie A,Empoli FC,ACF Fiorentina,0,0
2022-08-21,Serie A,Bologna FC 1909,Hellas Verona FC,1,1
2022-08-21,Serie A,Atalanta BC,AC Milan,1,1
2022-08-22,Serie A,AS Roma,US Cremonese,1,0
2022-08-22,Serie A,UC Sampdoria,Juventus FC,0,0
2022-08-26,Serie A,AC Monza,Udinese Calcio,1,2
2022-08-26,Serie A,SS Lazio,FC Internazionale Milano,3,1
2022-08-27,Serie A,Juventus FC,AS Roma,1,1
2022-08-27,Serie A,US Cremonese,Torino FC,1,2
2022-08-27,Serie A,Spezia Calcio,US Sassuolo Calcio,2,2
2022-08-27,Serie A,AC Milan,Bologna FC 1909,2,0
2022-08-28,Serie A,US Salernitana 1919,UC Sampdoria,4,0
2022-08-28,Serie A,Hellas Verona FC,Atalanta BC,0,1
2022-08-28,Serie A,US Lecce,Empoli FC,1,1
2022-08-28,Serie A,ACF Fiorentina,SSC Napoli,0,0
2022-08-30,Serie A,US Sassuolo Calcio,AC Milan,0,0
2022-08-30,Serie A,AS Roma,AC Monza,3,0
2022-08-30,Serie A,FC Internazionale Milano,US Cremonese,3,1
2022-08-31,Serie A,Udinese Calcio,ACF Fiorentina,1,0
2022-08-31,Serie A,UC Sampdoria,SS Lazio,1,1
2022-08-31,Serie A,Empoli FC,Hellas Verona FC,1,1
2022-08-31,Serie A,SSC Napoli,US Lecce,1,1
2022-08-31,Serie A,Juventus FC,Spezia Calcio,2,0
2022-09-01,Serie A,Bologna FC 1909,US Salernitana 1919,1,1
2022-09-01,Serie A,Atalanta BC,Torino FC,3,1
2022-09-03,Serie A,ACF Fiorentina,Juventus FC,1,1
2022-09-03,Serie A,AC Milan,FC Internazionale Milano,3,2
2022-09-03,Serie A,SS Lazio,SSC Napoli,1,2
2022-09-04,Serie A,US Cremonese,US Sassuolo Calcio,0,0
2022-09-04,Serie A,Spezia Calcio,Bologna FC 1909,2,2
2022-09-04,Serie A,Hellas Verona FC,UC Sampdoria,2,1
2022-09-04,Serie A,Udinese Calcio,AS Roma,4,0
2022-09-05,Serie A,US Salernitana 1919,Empoli FC,2,2
2022-09-05,Serie A,AC Monza,Atalanta BC,0,2
2022-09-05,Serie A,Torino FC,US Lecce,1,0
2022-09-10,Serie A,SSC Napoli,Spezia Calcio,1,0
2022-09-10,Serie A,FC Internazionale Milano,Torino FC,1,0
2022-09-10,Serie A,UC Sampdoria,AC Milan,1,2
2022-09-11,Serie A,Atalanta BC,US Cremonese,1,1
2022-09-11,Serie A,US Sassuolo Calcio,Udinese Calcio,1,3
2022-09-11,Serie A,US Lecce,AC Monza,1,1
2022-09-11,Serie A,Bologna FC 1909,ACF Fiorentina,2,1
2022-09-11,Serie A,SS Lazio,Hellas Verona FC,2,0
2022-09-11,Serie A,Juventus FC,US Salernitana 1919,2,2
2022-09-12,Serie A,Empoli FC,AS Roma,1,2
2022-09-16,Serie A,US Salernitana 1919,US Lecce,1,2
2022-09-17,Serie A,Bologna FC 1909,Empoli FC,0,1
2022-09-17,Serie A,Spezia Calcio,UC Sampdoria,2,1
2022-09-17,Serie A,Torino FC,US Sassuolo Calcio,0,1
2022-09-18,Serie A,Udinese Calcio,FC Internazionale Milano,3,1
2022-09-18,Serie A,AC Monza,Juventus FC,1,0
2022-09-18,Serie A,ACF Fiorentina,Hellas Verona FC,2,0
2022-09-18,Serie A,US Cremonese,SS Lazio,0,4
2022-09-18,Serie A,AS Roma,Atalanta BC,0,1
2022-09-18,Serie A,AC Milan,SSC Napoli,1,2
2022-10-01,Serie A,SSC Napoli,Torino FC,3,1
2022-10-01,Serie A,FC Internazionale Milano,AS Roma,1,2
2022-10-01,Serie A,Empoli FC,AC Milan,1,3
2022-10-02,Serie A,SS Lazio,Spezia Calcio,4,0
2022-10-02,Serie A,US Sassuolo Calcio,US Salernitana 1919,5,0
2022-10-02,Serie A,UC Sampdoria,AC Monza,0,3
2022-10-02,Serie A,US Lecce,US Cremonese,1,1
2022-10-02,Serie A,Atalanta BC,ACF Fiorentina,1,0
2022-10-02,Serie A,Juventus FC,Bologna FC 1909,3,0
2022-10-03,Serie A,Hellas Verona FC,Udinese Calcio,1,2
2022-10-08,Serie A,US Sassuolo Calcio,FC Internazionale Milano,1,2
2022-10-08,Serie A,AC Milan,Juventus FC,2,0
2022-10-08,Serie A,Bologna FC 1909,UC Sampdoria,1,1
2022-10-09,Serie A,Torino FC,Empoli FC,1,1
2022-10-09,Serie A,Udinese Calcio,Atalanta BC,2,2
2022-10-09,Serie A,US Salernitana 1919,Hellas Verona FC,2,1
2022-10-09,Serie A,AC Monza,Spezia Calcio,2,0
2022-10-09,Serie A,US Cremonese,SSC Napoli,1,4
2022-10-09,Serie A,AS Roma,US Lecce,2,1
2022-10-10,Serie A,ACF Fiorentina,SS Lazio,0,4
2022-10-15,Serie A,Empoli FC,AC Monza,1,0
2022-10-15,Serie A,Torino FC,Juventus FC,0,1
2022-10-15,Serie A,Atalanta BC,US Sassuolo Calcio,2,1
2022-10-16,Serie A,FC Internazionale Milano,US Salernitana 1919,2,0
2022-10-16,Serie A,SS Lazio,Udinese Calcio,0,0
2022-10-16,Serie A,Spezia Calcio,US Cremonese,2,2
2022-10-16,Serie A,SSC Napoli,Bologna FC 1909,3,2
2022-10-16,Serie A,Hellas Verona FC,AC Milan,1,2
2022-10-17,Serie A,UC Sampdoria,AS Roma,0,1
2022-10-17,Serie A,US Lecce,ACF Fiorentina,1,1
2022-10-21,Serie A,Juventus FC,Empoli FC,4,0
2022-10-22,Serie A,US Salernitana 1919,Spezia Calcio,1,0
2022-10-22,Serie A,AC Milan,AC Monza,4,1
2022-10-22,Serie A,ACF Fiorentina,FC Internazionale Milano,3,4
2022-10-23,Serie A,Udinese Calcio,Torino FC,1,2
2022-10-23,Serie A,Bologna FC 1909,US Lecce,2,0
2022-10-23,Serie A,Atalanta BC,SS Lazio,0,2
2022-10-23,Serie A,AS Roma,SSC Napoli,0,1
2022-10-24,Serie A,US Cremonese,UC Sampdoria,0,1
2022-10-24,Serie A,US Sassuolo Calcio,Hellas Verona FC,2,1
2022-10-29,Serie A,SSC Napoli,US Sassuolo Calcio,4,0
2022-10-29,Serie A,US Lecce,Juventus FC,0,1
2022-10-29,Serie A,FC Internazionale Milano,UC Sampdoria,3,0
2022-10-30,Serie A,Empoli FC,Atalanta BC,0,2
2022-10-30,Serie A,Spezia Calcio,ACF Fiorentina,1,2
2022-10-30,Serie A,US Cremonese,Udinese Calcio,0,0
2022-10-30,Serie A,SS Lazio,US Salernitana 1919,1,3
2022-10-30,Serie A,Torino FC,AC Milan,2,1
2022-10-31,Serie A,Hellas Verona FC,AS Roma,1,3
2022-10-31,Serie A,AC Monza,Bologna FC 1909,1,2
2022-11-04,Serie A,Udinese Calcio,US Lecce,1,1
2022-11-05,Serie A,US Salernitana 1919,US Cremonese,2,2
2022-11-05,Serie A,Empoli FC,US Sassuolo Calcio,1,0
2022-11-05,Serie A,Atalanta BC,SSC Napoli,1,2
2022-11-05,Serie A,AC Milan,Spezia Calcio,2,1
2022-11-06,Serie A,Bologna FC 1909,Torino FC,2,1
2022-11-06,Serie A,UC Sampdoria,ACF Fiorentina,0,2
2022-11-06,Serie A,AC Monza,Hellas Verona FC,2,0
2022-11-06,Serie A,AS Roma,SS Lazio,0,1
2022-11-06,Serie A,Juventus FC,FC Internazionale Milano,2,0
2022-11-08,Serie A,Spezia Calcio,Udinese Calcio,1,1
2022-11-08,Serie A,SSC Napoli,Empoli FC,2,0
2022-11-08,Serie A,US Cremonese,AC Milan,0,0
2022-11-09,Serie A,US Sassuolo Calcio,AS Roma,1,1
2022-11-09,Serie A,US Lecce,Atalanta BC,2,1
2022-11-09,Serie A,Torino FC,UC Sampdoria,2,0
2022-11-09,Serie A,FC Internazionale Milano,Bologna FC 1909,6,1
2022-11-09,Serie A,ACF Fiorentina,US Salernitana 1919,2,1
2022-11-10,Serie A,Hellas Verona FC,Juventus FC,0,1
2022-11-10,Serie A,SS Lazio,AC Monza,1,0
2022-11-11,Serie A,Empoli FC,US Cremonese,2,0
2022-11-12,Serie A,SSC Napoli,Udinese Calcio,3,2
2022-11-12,Serie A,UC Sampdoria,US Lecce,0,2
2022-11-12,Serie A,Bologna FC 1909,US Sassuolo Calcio,3,0
2022-11-13,Serie A,Atalanta BC,FC Internazionale Milano,2,3
2022-11-13,Serie A,AS Roma,Torino FC,1,1
2022-11-13,Serie A,AC Monza,US Salernitana 1919,3,0
2022-11-13,Serie A,Hellas Verona FC,Spezia Calcio,1,2
2022-11-13,Serie A,AC Milan,ACF Fiorentina,2,1
2022-11-13,Serie A,Juventus FC,SS Lazio,3,0
2023-01-04,Serie A,US Sassuolo Calcio,UC Sampdoria,1,2
2023-01-04,Serie A,US Salernitana 1919,AC Milan,1,2
2023-01-04,Serie A,Torino FC,Hellas Verona FC,1,1
2023-01-04,Serie A,Spezia Calcio,Atalanta BC,2,2
2023-01-04,Serie A,AS Roma,Bologna FC 1909,1,0
2023-01-04,Serie A,US Lecce,SS Lazio,2,1
2023-01-04,Serie A,ACF Fiorentina,AC Monza,1,1
2023-01-04,Serie A,US Cremonese,Juventus FC,0,1
2023-01-04,Serie A,Udinese Calcio,Empoli FC,1,1
2023-01-04,Serie A,FC Internazionale Milano,SSC Napoli,1,0
2023-01-07,Serie A,ACF Fiorentina,US Sassuolo Calcio,2,1
2023-01-07,Serie A,Juventus FC,Udinese Calcio,1,0
2023-01-07,Serie A,AC Monza,FC Internazionale Milano,2,2
2023-01-08,Serie A,US Salernitana 1919,Torino FC,1,1
2023-01-08,Serie A,Spezia Calcio,US Lecce,0,0
2023-01-08,Serie A,SS Lazio,Empoli FC,2,2
2023-01-08,Serie A,UC Sampdoria,SSC Napoli,0,2
2023-01-08,Serie A,AC Milan,AS Roma,2,2
2023-01-09,Serie A,Hellas Verona FC,US Cremonese,2,0
2023-01-09,Serie A,Bologna FC 1909,Atalanta BC,1,2
2023-01-13,Serie A,SSC Napoli,Juventus FC,5,1
2023-01-14,Serie A,US Cremonese,AC Monza,2,3
2023-01-14,Serie A,US Lecce,AC Milan,2,2
2023-01-14,Serie A,FC Internazionale Milano,Hellas Verona FC,1,0
2023-01-15,Serie A,US Sassuolo Calcio,SS Lazio,0,2
2023-01-15,Serie A,Udinese Calcio,Bologna FC 1909,1,2
2023-01-15,Serie A,Torino FC,Spezia Calcio,0,1
2023-01-15,Serie A,Atalanta BC,US Salernitana 1919,8,2
2023-01-15,Serie A,AS Roma,ACF Fiorentina,2,0
2023-01-16,Serie A,Empoli FC,UC Sampdoria,1,0
2023-01-21,Serie A,Hellas Verona FC,US Lecce,2,0
2023-01-21,Serie A,US Salernitana 1919,SSC Napoli,0,2
2023-01-21,Serie A,ACF Fiorentina,Torino FC,0,1
2023-01-22,Serie A,UC Sampdoria,Udinese Calcio,0,1
2023-01-22,Serie A,AC Monza,US Sassuolo Calcio,1,1
2023-01-22,Serie A,Spezia Calcio,AS Roma,0,2
2023-01-22,Serie A,Juventus FC,Atalanta BC,3,3
2023-01-23,Serie A,Bologna FC 1909,US Cremonese,1,1
2023-01-23,Serie A,FC Internazionale Milano,Empoli FC,0,1
2023-01-24,Serie A,SS Lazio,AC Milan,4,0
2023-01-27,Serie A,Bologna FC 1909,Spezia Calcio,2,0
2023-01-27,Serie A,US Lecce,US Salernitana 1919,1,2
2023-01-28,Serie A,Empoli FC,Torino FC,2,2
2023-01-28,Serie A,US Cremonese,FC Internazionale Milano,1,2
2023-01-28,Serie A,Atalanta BC,UC Sampdoria,2,0
2023-01-29,Serie A,AC Milan,US Sassuolo Calcio,2,5
2023-01-29,Serie A,Juventus FC,AC Monza,0,2
2023-01-29,Serie A,SS Lazio,ACF Fiorentina,1,1
2023-01-29,Serie A,SSC Napoli,AS Roma,2,1
2023-01-30,Serie A,Udinese Calcio,Hellas Verona FC,1,1
2023-02-04,Serie A,US Cremonese,US Lecce,0,2
2023-02-04,Serie A,AS Roma,Empoli FC,2,0
2023-02-04,Serie A,US Sassuolo Calcio,Atalanta BC,1,0
2023-02-05,Serie A,Spezia Calcio,SSC Napoli,0,3
2023-02-05,Serie A,Torino FC,Udinese Calcio,1,0
2023-02-05,Serie A,ACF Fiorentina,Bologna FC 1909,1,2
2023-02-05,Serie A,FC Internazionale Milano,AC Milan,1,0
2023-02-06,Serie A,Hellas Verona FC,SS Lazio,1,1
2023-02-06,Serie A,AC Monza,UC Sampdoria,2,2
2023-02-07,Serie A,US Salernitana 1919,Juventus FC,0,3
2023-02-10,Serie A,AC Milan,Torino FC,1,0
2023-02-11,Serie A,Empoli FC,Spezia Calcio,2,2
2023-02-11,Serie A,US Lecce,AS Roma,1,1
2023-02-11,Serie A,SS Lazio,Atalanta BC,0,2
2023-02-12,Serie A,Udinese Calcio,US Sassuolo Calcio,2,2
2023-02-12,Serie A,Bologna FC 1909,AC Monza,0,1
2023-02-12,Serie A,Juventus FC,ACF Fiorentina,1,0
2023-02-12,Serie A,SSC Napoli,US Cremonese,3,0
2023-02-13,Serie A,Hellas Verona FC,US Salernitana 1919,1,0
2023-02-13,Serie A,UC Sampdoria,FC Internazionale Milano,0,0
2023-02-17,Serie A,US Sassuolo Calcio,SSC Napoli,0,2
2023-02-18,Serie A,UC Sampdoria,Bologna FC 1909,1,2
2023-02-18,Serie A,AC Monza,AC Milan,0,1
2023-02-18,Serie A,FC Internazionale Milano,Udinese Calcio,3,1
2023-02-19,Serie A,Atalanta BC,US Lecce,1,2
2023-02-19,Serie A,US Salernitana 1919,SS Lazio,0,2
2023-02-19,Serie A,ACF Fiorentina,Empoli FC,1,1
2023-02-19,Serie A,Spezia Calcio,Juventus FC,0,2
2023-02-19,Serie A,AS Roma,Hellas Verona FC,1,0
2023-02-20,Serie A,Torino FC,US Cremonese,2,2
2023-02-25,Serie A,Empoli FC,SSC Napoli,0,2
2023-02-25,Serie A,US Lecce,US Sassuolo Calcio,0,1
2023-02-26,Serie A,Bologna FC 1909,FC Internazionale Milano,1,0
2023-02-26,Serie A,US Salernitana 1919,AC Monza,3,0
2023-02-26,Serie A,Udinese Calcio,Spezia Calcio,2,2
2023-02-26,Serie A,AC Milan,Atalanta BC,2,0
2023-02-27,Serie A,Hellas Verona FC,ACF Fiorentina,0,3
2023-02-27,Serie A,SS Lazio,UC Sampdoria,1,0
2023-02-28,Serie A,US Cremonese,AS Roma,2,1
2023-02-28,Serie A,Juventus FC,Torino FC,4,2
2023-03-03,Serie A,SSC Napoli,SS Lazio,0,1
2023-03-04,Serie A,AC Monza,Empoli FC,2,1
2023-03-04,Serie A,Atalanta BC,Udinese Calcio,0,0
2023-03-04,Serie A,ACF Fiorentina,AC Milan,2,1
2023-03-05,Serie A,Spezia Calcio,Hellas Verona FC,0,0
2023-03-05,Serie A,UC Sampdoria,US Salernitana 1919,0,0
2023-03-05,Serie A,FC Internazionale Milano,US Lecce,2,0
2023-03-05,Serie A,AS Roma,Juventus FC,1,0
2023-03-06,Serie A,US Sassuolo Calcio,US Cremonese,3,2
2023-03-06,Serie A,Torino FC,Bologna FC 1909,1,0
2023-03-10,Serie A,Spezia Calcio,FC Internazionale Milano,2,1
2023-03-11,Serie A,Empoli FC,Udinese Calcio,0,1
2023-03-11,Serie A,SSC Napoli,Atalanta BC,2,0
2023-03-11,Serie A,Bologna FC 1909,SS Lazio,0,0
2023-03-12,Serie A,US Lecce,Torino FC,0,2
2023-03-12,Serie A,Hellas Verona FC,AC Monza,1,1
2023-03-12,Serie A,US Cremonese,ACF Fiorentina,0,2
2023-03-12,Serie A,AS Roma,US Sassuolo Calcio,3,4
2023-03-12,Serie A,Juventus FC,UC Sampdoria,4,2
2023-03-13,Serie A,AC Milan,US Salernitana 1919,1,1
2023-03-17,Serie A,US Sassuolo Calcio,Spezia Calcio,1,0
2023-03-17,Serie A,Atalanta BC,Empoli FC,2,1
2023-03-18,Serie A,AC Monza,US Cremonese,1,1
2023-03-18,Serie A,US Salernitana 1919,Bologna FC 1909,2,2
2023-03-18,Serie A,Udinese Calcio,AC Milan,3,1
2023-03-19,Serie A,UC Sampdoria,Hellas Verona FC,3,1
2023-03-19,Serie A,Torino FC,SSC Napoli,0,4
2023-03-19,Serie A,ACF Fiorentina,US Lecce,1,0
2023-03-19,Serie A,SS Lazio,AS Roma,1,0
2023-03-19,Serie A,FC Internazionale Milano,Juventus FC,0,1
2023-04-01,Serie A,US Cremonese,Atalanta BC,1,3
2023-04-01,Serie A,FC Internazionale Milano,ACF Fiorentina,0,1
2023-04-01,Serie A,Juventus FC,Hellas Verona FC,1,0
2023-04-02,Serie A,Bologna FC 1909,Udinese Calcio,3,0
2023-04-02,Serie A,Spezia Calcio,US Salernitana 1919,1,1
2023-04-02,Serie A,AC Monza,SS Lazio,0,2
2023-04-02,Serie A,AS Roma,UC Sampdoria,3,0
2023-04-02,Serie A,SSC Napoli,AC Milan,0,4
2023-04-03,Serie A,Empoli FC,US Lecce,1,0
2023-04-03,Serie A,US Sassuolo Calcio,Torino FC,1,1
2023-04-07,Serie A,US Salernitana 1919,FC Internazionale Milano,1,1
2023-04-07,Serie A,US Lecce,SSC Napoli,1,2
2023-04-07,Serie A,AC Milan,Empoli FC,0,0
2023-04-08,Serie A,Udinese Calcio,AC Monza,2,2
2023-04-08,Serie A,ACF Fiorentina,Spezia Calcio,1,1
2023-04-08,Serie A,UC Sampdoria,US Cremonese,2,3
2023-04-08,Serie A,Atalanta BC,Bologna FC 1909,0,2
2023-04-08,Serie A,Torino FC,AS Roma,0,1
2023-04-08,Serie A,Hellas Verona FC,US Sassuolo Calcio,2,1
2023-04-08,Serie A,SS Lazio,Juventus FC,2,1
2023-04-14,Serie A,US Cremonese,Empoli FC,1,0
2023-04-14,Serie A,Spezia Calcio,SS Lazio,0,3
2023-04-15,Serie A,Bologna FC 1909,AC Milan,1,1
2023-04-15,Serie A,SSC Napoli,Hellas Verona FC,0,0
2023-04-15,Serie A,FC Internazionale Milano,AC Monza,0,1
2023-04-16,Serie A,US Lecce,UC Sampdoria,1,1
2023-04-16,Serie A,Torino FC,US Salernitana 1919,1,1
2023-04-16,Serie A,US Sassuolo Calcio,Juventus FC,1,0
2023-04-16,Serie A,AS Roma,Udinese Calcio,3,0
2023-04-17,Serie A,ACF Fiorentina,Atalanta BC,1,1
2023-04-21,Serie A,Hellas Verona FC,Bologna FC 1909,2,1
2023-04-22,Serie A,US Salernitana 1919,US Sassuolo Calcio,3,0
2023-04-22,Serie A,SS Lazio,Torino FC,0,1
2023-04-22,Serie A,UC Sampdoria,Spezia Calcio,1,1
2023-04-23,Serie A,Empoli FC,FC Internazionale Milano,0,3
2023-04-23,Serie A,Udinese Calcio,US Cremonese,3,0
2023-04-23,Serie A,AC Monza,ACF Fiorentina,3,2
2023-04-23,Serie A,AC Milan,US Lecce,2,0
2023-04-23,Serie A,Juventus FC,SSC Napoli,0,1
2023-04-24,Serie A,Atalanta BC,AS Roma,3,1
2023-04-28,Serie A,US Lecce,Udinese Calcio,1,0
2023-04-28,Serie A,Spezia Calcio,AC Monza,0,2
2023-04-29,Serie A,AS Roma,AC Milan,1,1
2023-04-29,Serie A,Torino FC,Atalanta BC,1,2
2023-04-30,Serie A,FC Internazionale Milano,SS Lazio,3,1
2023-04-30,Serie A,US Sassuolo Calcio,Empoli FC,2,1
2023-04-30,Serie A,SSC Napoli,US Salernitana 1919,1,1
2023-04-30,Serie A,US Cremonese,Hellas Verona FC,1,1
2023-04-30,Serie A,ACF Fiorentina,UC Sampdoria,5,0
2023-04-30,Serie A,Bologna FC 1909,Juventus FC,1,1
2023-05-03,Serie A,UC Sampdoria,Torino FC,0,2
2023-05-03,Serie A,US Salernitana 1919,ACF Fiorentina,3,3
2023-05-03,Serie A,Juventus FC,US Lecce,2,1
2023-05-03,Serie A,Atalanta BC,Spezia Calcio,3,2
2023-05-03,Serie A,AC Monza,AS Roma,1,1
2023-05-03,Serie A,AC Milan,US Cremonese,1,1
2023-05-03,Serie A,SS Lazio,US Sassuolo Calcio,2,0
2023-05-03,Serie A,Hellas Verona FC,FC Internazionale Milano,0,6
2023-05-04,Serie A,Udinese Calcio,SSC Napoli,1,1
2023-05-04,Serie A,Empoli FC,Bologna FC 1909,3,1
2023-05-06,Serie A,AC Milan,SS Lazio,2,0
2023-05-06,Serie A,AS Roma,FC Internazionale Milano,0,2
2023-05-06,Serie A,US Cremonese,Spezia Calcio,2,0
2023-05-07,Serie A,Atalanta BC,Juventus FC,0,2
2023-05-07,Serie A,Torino FC,AC Monza,1,1
2023-05-07,Serie A,SSC Napoli,ACF Fiorentina,1,0
2023-05-07,Serie A,US Lecce,Hellas Verona FC,0,1
2023-05-08,Serie A,Udinese Calcio,UC Sampdoria,2,0
2023-05-08,Serie A,Empoli FC,US Salernitana 1919,2,1
2023-05-08,Serie A,US Sassuolo Calcio,Bologna FC 1909,1,1
2023-05-12,Serie A,SS Lazio,US Lecce,2,2
2023-05-13,Serie A,US Salernitana 1919,Atalanta BC,1,0
2023-05-13,Serie A,Spezia Calcio,AC Milan,2,0
2023-05-13,Serie A,FC Internazionale Milano,US Sassuolo Calcio,4,2
2023-05-14,Serie A,Hellas Verona FC,Torino FC,0,1
2023-05-14,Serie A,AC Monza,SSC Napoli,2,0
2023-05-14,Serie A,ACF Fiorentina,Udinese Calcio,2,0
2023-05-14,Serie A,Bologna FC 1909,AS Roma,0,0
2023-05-14,Serie A,Juventus FC,US Cremonese,2,0
2023-05-15,Serie A,UC Sampdoria,Empoli FC,1,1
2023-05-19,Serie A,US Sassuolo Calcio,AC Monza,1,2
2023-05-20,Serie A,US Cremonese,Bologna FC 1909,1,5
2023-05-20,Serie A,Atalanta BC,Hellas Verona FC,3,1
2023-05-20,Serie A,AC Milan,UC Sampdoria,5,1
2023-05-21,Serie A,US Lecce,Spezia Calcio,0,0
2023-05-21,Serie A,Torino FC,ACF Fiorentina,1,1
2023-05-21,Serie A,SSC Napoli,FC Internazionale Milano,3,1
2023-05-21,Serie A,Udinese Calcio,SS Lazio,0,1
2023-05-22,Serie A,AS Roma,US Salernitana 1919,2,2
2023-05-22,Serie A,Empoli FC,Juventus FC,4,1
2023-05-26,Serie A,UC Sampdoria,US Sassuolo Calcio,2,2
2023-05-27,Serie A,Spezia Calcio,Torino FC,0,4
2023-05-27,Serie A,US Salernitana 1919,Udinese Calcio,3,2
2023-05-27,Serie A,ACF Fiorentina,AS Roma,2,1
2023-05-27,Serie A,FC Internazionale Milano,Atalanta BC,3,2
2023-05-28,Serie A,Hellas Verona FC,Empoli FC,1,1
2023-05-28,Serie A,AC Monza,US Lecce,0,1
2023-05-28,Serie A,Bologna FC 1909,SSC Napoli,2,2
2023-05-28,Serie A,SS Lazio,US Cremonese,3,2
2023-05-28,Serie A,Juventus FC,AC Milan,0,1
2023-06-02,Serie A,US Sassuolo Calcio,ACF Fiorentina,1,3
2023-06-03,Serie A,Torino FC,FC Internazionale Milano,0,1
2023-06-03,Serie A,Empoli FC,SS Lazio,0,2
2023-06-03,Serie A,US Cremonese,US Salernitana 1919,2,0
2023-06-04,Serie A,SSC Napoli,UC Sampdoria,2,0
2023-06-04,Serie A,Udinese Calcio,Juventus FC,0,1
2023-06-04,Serie A,AS Roma,Spezia Calcio,2,1
2023-06-04,Serie A,AC Milan,Hellas Verona FC,3,1
2023-06-04,Serie A,US Lecce,Bologna FC 1909,2,3
2023-06-04,Serie A,Atalanta BC,AC Monza,5,2
2022-08-05,Ligue 1,Olympique Lyonnais,AC Ajaccio,2,1
2022-08-06,Ligue 1,RC Strasbourg,AS Monaco,1,2
2022-08-06,Ligue 1,Clermont Foot 63,Paris Saint-Germain,0,5
2022-08-07,Ligue 1,Toulouse FC,OGC Nice,1,1
2022-08-07,Ligue 1,Montpellier HSC,ESTAC Troyes,3,2
2022-08-07,Ligue 1,Lille OSC,AJ Auxerre,4,1
2022-08-07,Ligue 1,RC Lens,Stade Brestois 29,3,2
2022-08-07,Ligue 1,Angers SCO,FC Nantes,0,0
2022-08-07,Ligue 1,Stade Rennais,FC Lorient,0,1
2022-08-07,Ligue 1,Olympique Marseille,Stade de Reims,4,1
2022-08-12,Ligue 1,FC Nantes,Lille OSC,1,1
2022-08-13,Ligue 1,AS Monaco,Stade Rennais,1,1
2022-08-13,Ligue 1,Paris Saint-Germain,Montpellier HSC,5,2
2022-08-14,Ligue 1,AC Ajaccio,RC Lens,0,0
2022-08-14,Ligue 1,AJ Auxerre,Angers SCO,2,2
2022-08-14,Ligue 1,ESTAC Troyes,Toulouse FC,0,3
2022-08-14,Ligue 1,Stade de Reims,Clermont Foot 63,2,4
2022-08-14,Ligue 1,OGC Nice,RC Strasbourg,1,1
2022-08-14,Ligue 1,Stade Brestois 29,Olympique Marseille,1,1
2022-09-07,Ligue 1,FC Lorient,Olympique Lyonnais,3,1
2022-08-19,Ligue 1,Olympique Lyonnais,ESTAC Troyes,4,1
2022-08-20,Ligue 1,AS Monaco,RC Lens,1,4
2022-08-20,Ligue 1,Olympique Marseille,FC Nantes,2,1
2022-08-21,Ligue 1,RC Strasbourg,Stade de Reims,1,1
2022-08-21,Ligue 1,Clermont Foot 63,OGC Nice,1,0
2022-08-21,Ligue 1,Toulouse FC,FC Lorient,2,2
2022-08-21,Ligue 1,Montpellier HSC,AJ Auxerre,1,2
2022-08-21,Ligue 1,Angers SCO,Stade Brestois 29,1,3
2022-08-21,Ligue 1,Stade Rennais,AC Ajaccio,2,1
2022-08-21,Ligue 1,Lille OSC,Paris Saint-Germain,1,7
2022-08-26,Ligue 1,AC Ajaccio,Lille OSC,1,3
2022-08-27,Ligue 1,AJ Auxerre,RC Strasbourg,1,0
2022-08-27,Ligue 1,RC Lens,Stade Rennais,2,1
2022-08-28,Ligue 1,FC Nantes,Toulouse FC,3,1
2022-08-28,Ligue 1,ESTAC Troyes,Angers SCO,3,1
2022-08-28,Ligue 1,FC Lorient,Clermont Foot 63,2,1
2022-08-28,Ligue 1,OGC Nice,Olympique Marseille,0,3
2022-08-28,Ligue 1,Stade Brestois 29,Montpellier HSC,0,7
2022-08-28,Ligue 1,Stade de Reims,Olympique Lyonnais,1,1
2022-08-28,Ligue 1,Paris Saint-Germain,AS Monaco,1,1
2022-08-31,Ligue 1,AS Monaco,ESTAC Troyes,2,4
2022-08-31,Ligue 1,Montpellier HSC,AC Ajaccio,2,0
2022-08-31,Ligue 1,Olympique Lyonnais,AJ Auxerre,2,1
2022-08-31,Ligue 1,RC Strasbourg,FC Nantes,1,1
2022-08-31,Ligue 1,Angers SCO,Stade de Reims,2,4
2022-08-31,Ligue 1,Toulouse FC,Paris Saint-Germain,0,3
2022-08-31,Ligue 1,Olympique Marseille,Clermont Foot 63,1,0
2022-08-31,Ligue 1,Lille OSC,OGC Nice,1,2
2022-08-31,Ligue 1,RC Lens,FC Lorient,5,2
2022-08-31,Ligue 1,Stade Rennais,Stade Brestois 29,3,1
2022-09-03,Ligue 1,AJ Auxerre,Olympique Marseille,0,2
2022-09-03,Ligue 1,Olympique Lyonnais,Angers SCO,5,0
2022-09-03,Ligue 1,FC Nantes,Paris Saint-Germain,0,3
2022-09-04,Ligue 1,Montpellier HSC,Lille OSC,1,3
2022-09-04,Ligue 1,AC Ajaccio,FC Lorient,0,1
2022-09-04,Ligue 1,Clermont Foot 63,Toulouse FC,2,0
2022-09-04,Ligue 1,Stade Brestois 29,RC Strasbourg,1,1
2022-09-04,Ligue 1,Stade de Reims,RC Lens,1,1
2022-09-04,Ligue 1,ESTAC Troyes,Stade Rennais,1,1
2022-09-04,Ligue 1,OGC Nice,AS Monaco,0,1
2022-09-09,Ligue 1,RC Lens,ESTAC Troyes,1,0
2022-09-10,Ligue 1,Paris Saint-Germain,Stade Brestois 29,1,0
2022-09-10,Ligue 1,Olympique Marseille,Lille OSC,2,1
2022-09-11,Ligue 1,RC Strasbourg,Clermont Foot 63,0,0
2022-09-11,Ligue 1,AC Ajaccio,OGC Nice,0,1
2022-09-11,Ligue 1,FC Lorient,FC Nantes,3,2
2022-09-11,Ligue 1,Toulouse FC,Stade de Reims,1,0
2022-09-11,Ligue 1,Angers SCO,Montpellier HSC,2,1
2022-09-11,Ligue 1,Stade Rennais,AJ Auxerre,5,0
2022-09-11,Ligue 1,AS Monaco,Olympique Lyonnais,2,1
2022-09-16,Ligue 1,AJ Auxerre,FC Lorient,1,3
2022-09-17,Ligue 1,Montpellier HSC,RC Strasbourg,2,1
2022-09-17,Ligue 1,Lille OSC,Toulouse FC,2,1
2022-09-18,Ligue 1,Stade de Reims,AS Monaco,0,3
2022-09-18,Ligue 1,Clermont Foot 63,ESTAC Troyes,1,3
2022-09-18,Ligue 1,OGC Nice,Angers SCO,0,1
2022-09-18,Ligue 1,Olympique Marseille,Stade Rennais,1,1
2022-09-18,Ligue 1,Stade Brestois 29,AC Ajaccio,0,1
2022-09-18,Ligue 1,FC Nantes,RC Lens,0,0
2022-09-18,Ligue 1,Olympique Lyonnais,Paris Saint-Germain,0,1
2022-09-30,Ligue 1,Angers SCO,Olympique Marseille,0,3
2022-10-01,Ligue 1,RC Strasbourg,Stade Rennais,1,3
2022-10-01,Ligue 1,Paris Saint-Germain,OGC Nice,2,1
2022-10-02,Ligue 1,FC Lorient,Lille OSC,2,1
2022-10-02,Ligue 1,AC Ajaccio,Clermont Foot 63,1,3
2022-10-02,Ligue 1,AJ Auxerre,Stade Brestois 29,1,1
2022-10-02,Ligue 1,ESTAC Troyes,Stade de Reims,2,2
2022-10-02,Ligue 1,Toulouse FC,Montpellier HSC,4,2
2022-10-02,Ligue 1,AS Monaco,FC Nantes,4,1
2022-10-02,Ligue 1,RC Lens,Olympique Lyonnais,1,0
2022-10-07,Ligue 1,Olympique Lyonnais,Toulouse FC,1,1
2022-10-08,Ligue 1,Olympique Marseille,AC Ajaccio,1,2
2022-10-08,Ligue 1,Stade de Reims,Paris Saint-Germain,0,0
2022-10-09,Ligue 1,Montpellier HSC,AS Monaco,0,2
2022-10-09,Ligue 1,Clermont Foot 63,AJ Auxerre,2,1
2022-10-09,Ligue 1,OGC Nice,ESTAC Troyes,3,2
2022-10-09,Ligue 1,Angers SCO,RC Strasbourg,2,3
2022-10-09,Ligue 1,Stade Brestois 29,FC Lorient,1,2
2022-10-09,Ligue 1,Stade Rennais,FC Nantes,3,0
2022-10-09,Ligue 1,Lille OSC,RC Lens,1,0
2022-10-14,Ligue 1,RC Strasbourg,Lille OSC,0,3
2022-10-15,Ligue 1,FC Lorient,Stade de Reims,0,0
2022-10-15,Ligue 1,RC Lens,Montpellier HSC,1,0
2022-10-16,Ligue 1,Toulouse FC,Angers SCO,3,2
2022-10-16,Ligue 1,AJ Auxerre,OGC Nice,1,1
2022-10-16,Ligue 1,ESTAC Troyes,AC Ajaccio,1,1
2022-10-16,Ligue 1,FC Nantes,Stade Brestois 29,4,1
2022-10-16,Ligue 1,Stade Rennais,Olympique Lyonnais,3,2
2022-10-16,Ligue 1,AS Monaco,Clermont Foot 63,1,1
2022-10-16,Ligue 1,Paris Saint-Germain,Olympique Marseille,1,0
2022-10-21,Ligue 1,AC Ajaccio,Paris Saint-Germain,0,3
2022-10-22,Ligue 1,Montpellier HSC,Olympique Lyonnais,1,2
2022-10-22,Ligue 1,Olympique Marseille,RC Lens,0,1
2022-10-23,Ligue 1,Angers SCO,Stade Rennais,1,2
2022-10-23,Ligue 1,Clermont Foot 63,Stade Brestois 29,1,3
2022-10-23,Ligue 1,ESTAC Troyes,FC Lorient,2,2
2022-10-23,Ligue 1,Toulouse FC,RC Strasbourg,2,2
2022-10-23,Ligue 1,Stade de Reims,AJ Auxerre,2,1
2022-10-23,Ligue 1,OGC Nice,FC Nantes,1,1
2022-10-23,Ligue 1,Lille OSC,AS Monaco,4,3
2022-10-28,Ligue 1,RC Lens,Toulouse FC,3,0
2022-10-29,Ligue 1,Paris Saint-Germain,ESTAC Troyes,4,3
2022-10-29,Ligue 1,RC Strasbourg,Olympique Marseille,2,2
2022-10-30,Ligue 1,AJ Auxerre,AC Ajaccio,1,0
2022-10-30,Ligue 1,AS Monaco,Angers SCO,2,0
2022-10-30,Ligue 1,FC Nantes,Clermont Foot 63,1,1
2022-10-30,Ligue 1,Stade Brestois 29,Stade de Reims,0,0
2022-10-30,Ligue 1,Stade Rennais,Montpellier HSC,3,0
2022-10-30,Ligue 1,FC Lorient,OGC Nice,1,2
2022-10-30,Ligue 1,Olympique Lyonnais,Lille OSC,1,0
2022-11-04,Ligue 1,ESTAC Troyes,AJ Auxerre,1,1
2022-11-05,Ligue 1,AC Ajaccio,RC Strasbourg,4,2
2022-11-05,Ligue 1,Angers SCO,RC Lens,1,2
2022-11-06,Ligue 1,FC Lorient,Paris Saint-Germain,1,2
2022-11-06,Ligue 1,Clermont Foot 63,Montpellier HSC,1,1
2022-11-06,Ligue 1,Toulouse FC,AS Monaco,0,2
2022-11-06,Ligue 1,OGC Nice,Stade Brestois 29,1,0
2022-11-06,Ligue 1,Stade de Reims,FC Nantes,1,0
2022-11-06,Ligue 1,Lille OSC,Stade Rennais,1,1
2022-11-06,Ligue 1,Olympique Marseille,Olympique Lyonnais,1,0
2022-11-11,Ligue 1,Olympique Lyonnais,OGC Nice,1,1
2022-11-12,Ligue 1,RC Lens,Clermont Foot 63,2,1
2022-11-12,Ligue 1,Stade Rennais,Toulouse FC,2,1
2022-11-13,Ligue 1,Paris Saint-Germain,AJ Auxerre,5,0
2022-11-13,Ligue 1,FC Nantes,AC Ajaccio,2,2
2022-11-13,Ligue 1,Montpellier HSC,Stade de Reims,1,1
2022-11-13,Ligue 1,Lille OSC,Angers SCO,1,0
2022-11-13,Ligue 1,Stade Brestois 29,ESTAC Troyes,2,1
2022-11-13,Ligue 1,RC Strasbourg,FC Lorient,1,1
2022-11-13,Ligue 1,AS Monaco,Olympique Marseille,2,3
2022-12-28,Ligue 1,AC Ajaccio,Angers SCO,1,0
2022-12-28,Ligue 1,ESTAC Troyes,FC Nantes,0,0
2022-12-28,Ligue 1,AJ Auxerre,AS Monaco,2,3
2022-12-28,Ligue 1,Clermont Foot 63,Lille OSC,0,2
2022-12-28,Ligue 1,Paris Saint-Germain,RC Strasbourg,2,1
2022-12-28,Ligue 1,Stade Brestois 29,Olympique Lyonnais,2,4
2022-12-29,Ligue 1,FC Lorient,Montpellier HSC,0,2
2022-12-29,Ligue 1,Stade de Reims,Stade Rennais,3,1
2022-12-29,Ligue 1,OGC Nice,RC Lens,0,0
2022-12-29,Ligue 1,Olympique Marseille,Toulouse FC,6,1
2023-01-01,Ligue 1,AS Monaco,Stade Brestois 29,1,0
2023-01-01,Ligue 1,FC Nantes,AJ Auxerre,1,0
2023-01-01,Ligue 1,Toulouse FC,AC Ajaccio,2,0
2023-01-01,Ligue 1,Angers SCO,FC Lorient,1,2
2023-01-01,Ligue 1,Olympique Lyonnais,Clermont Foot 63,0,1
2023-01-01,Ligue 1,RC Lens,Paris Saint-Germain,3,1
2023-01-02,Ligue 1,RC Strasbourg,ESTAC Troyes,2,3
2023-01-02,Ligue 1,Lille OSC,Stade de Reims,1,1
2023-01-02,Ligue 1,Montpellier HSC,Olympique Marseille,1,2
2023-01-02,Ligue 1,Stade Rennais,OGC Nice,2,1
2023-01-11,Ligue 1,AC Ajaccio,Stade de Reims,0,1
2023-01-11,Ligue 1,AJ Auxerre,Toulouse FC,0,5
2023-01-11,Ligue 1,Clermont Foot 63,Stade Rennais,2,1
2023-01-11,Ligue 1,FC Nantes,Olympique Lyonnais,0,0
2023-01-11,Ligue 1,Stade Brestois 29,Lille OSC,0,0
2023-01-11,Ligue 1,ESTAC Troyes,Olympique Marseille,0,2
2023-01-11,Ligue 1,FC Lorient,AS Monaco,2,2
2023-01-11,Ligue 1,OGC Nice,Montpellier HSC,6,1
2023-01-11,Ligue 1,Paris Saint-Germain,Angers SCO,2,0
2023-01-11,Ligue 1,RC Strasbourg,RC Lens,2,2
2023-01-14,Ligue 1,RC Lens,AJ Auxerre,1,0
2023-01-14,Ligue 1,Olympique Marseille,FC Lorient,3,1
2023-01-14,Ligue 1,Olympique Lyonnais,RC Strasbourg,1,2
2023-01-15,Ligue 1,Lille OSC,ESTAC Troyes,5,1
2023-01-15,Ligue 1,Toulouse FC,Stade Brestois 29,1,1
2023-01-15,Ligue 1,Montpellier HSC,FC Nantes,0,3
2023-01-15,Ligue 1,Angers SCO,Clermont Foot 63,1,2
2023-01-15,Ligue 1,Stade de Reims,OGC Nice,0,0
2023-01-15,Ligue 1,AS Monaco,AC Ajaccio,7,1
2023-01-15,Ligue 1,Stade Rennais,Paris Saint-Germain,1,0
2023-01-27,Ligue 1,FC Lorient,Stade Rennais,2,1
2023-01-28,Ligue 1,ESTAC Troyes,RC Lens,1,1
2023-01-28,Ligue 1,Olympique Marseille,AS Monaco,1,1
2023-01-29,Ligue 1,OGC Nice,Lille OSC,1,0
2023-01-29,Ligue 1,AJ Auxerre,Montpellier HSC,0,2
2023-01-29,Ligue 1,Clermont Foot 63,FC Nantes,0,0
2023-01-29,Ligue 1,RC Strasbourg,Toulouse FC,1,2
2023-01-29,Ligue 1,Stade Brestois 29,Angers SCO,4,0
2023-01-29,Ligue 1,AC Ajaccio,Olympique Lyonnais,0,2
2023-01-29,Ligue 1,Paris Saint-Germain,Stade de Reims,1,1
2023-02-01,Ligue 1,FC Nantes,Olympique Marseille,0,2
2023-02-01,Ligue 1,Toulouse FC,ESTAC Troyes,4,1
2023-02-01,Ligue 1,Lille OSC,Clermont Foot 63,0,0
2023-02-01,Ligue 1,Angers SCO,AC Ajaccio,1,2
2023-02-01,Ligue 1,Stade de Reims,FC Lorient,4,2
2023-02-01,Ligue 1,AS Monaco,AJ Auxerre,3,2
2023-02-01,Ligue 1,Montpellier HSC,Paris Saint-Germain,1,3
2023-02-01,Ligue 1,Olympique Lyonnais,Stade Brestois 29,0,0
2023-02-01,Ligue 1,RC Lens,OGC Nice,0,1
2023-02-01,Ligue 1,Stade Rennais,RC Strasbourg,3,0
2023-02-04,Ligue 1,Paris Saint-Germain,Toulouse FC,2,1
2023-02-04,Ligue 1,ESTAC Troyes,Olympique Lyonnais,1,3
2023-02-04,Ligue 1,Stade Rennais,Lille OSC,1,3
2023-02-05,Ligue 1,Clermont Foot 63,AS Monaco,0,2
2023-02-05,Ligue 1,AC Ajaccio,FC Nantes,0,2
2023-02-05,Ligue 1,AJ Auxerre,Stade de Reims,0,0
2023-02-05,Ligue 1,FC Lorient,Angers SCO,0,0
2023-02-05,Ligue 1,RC Strasbourg,Montpellier HSC,2,0
2023-02-05,Ligue 1,Stade Brestois 29,RC Lens,1,1
2023-02-05,Ligue 1,Olympique Marseille,OGC Nice,1,3
2023-02-10,Ligue 1,OGC Nice,AC Ajaccio,3,0
2023-02-11,Ligue 1,AS Monaco,Paris Saint-Germain,3,1
2023-02-11,Ligue 1,Clermont Foot 63,Olympique Marseille,0,2
2023-02-12,Ligue 1,Toulouse FC,Stade Rennais,3,1
2023-02-12,Ligue 1,Montpellier HSC,Stade Brestois 29,3,0
2023-02-12,Ligue 1,Lille OSC,RC Strasbourg,2,0
2023-02-12,Ligue 1,Angers SCO,AJ Auxerre,1,1
2023-02-12,Ligue 1,Stade de Reims,ESTAC Troyes,4,0
2023-02-12,Ligue 1,FC Nantes,FC Lorient,1,0
2023-02-12,Ligue 1,Olympique Lyonnais,RC Lens,2,1
2023-02-17,Ligue 1,AJ Auxerre,Olympique Lyonnais,2,1
2023-02-18,Ligue 1,OGC Nice,Stade de Reims,0,0
2023-02-18,Ligue 1,RC Strasbourg,Angers SCO,2,1
2023-02-19,Ligue 1,Paris Saint-Germain,Lille OSC,4,3
2023-02-19,Ligue 1,ESTAC Troyes,Montpellier HSC,0,1
2023-02-19,Ligue 1,FC Lorient,AC Ajaccio,3,0
2023-02-19,Ligue 1,Stade Brestois 29,AS Monaco,1,2
2023-02-19,Ligue 1,Stade Rennais,Clermont Foot 63,2,0
2023-02-19,Ligue 1,RC Lens,FC Nantes,3,1
2023-02-19,Ligue 1,Toulouse FC,Olympique Marseille,2,3
2023-02-24,Ligue 1,Lille OSC,Stade Brestois 29,2,1
2023-02-25,Ligue 1,Angers SCO,Olympique Lyonnais,1,3
2023-02-25,Ligue 1,Montpellier HSC,RC Lens,1,1
2023-02-26,Ligue 1,FC Lorient,AJ Auxerre,0,1
2023-02-26,Ligue 1,AC Ajaccio,ESTAC Troyes,2,1
2023-02-26,Ligue 1,Clermont Foot 63,RC Strasbourg,1,1
2023-02-26,Ligue 1,FC Nantes,Stade Rennais,0,1
2023-02-26,Ligue 1,Stade de Reims,Toulouse FC,3,0
2023-02-26,Ligue 1,AS Monaco,OGC Nice,0,3
2023-02-26,Ligue 1,Olympique Marseille,Paris Saint-Germain,0,3
2023-03-03,Ligue 1,OGC Nice,AJ Auxerre,1,1
2023-03-04,Ligue 1,RC Lens,Lille OSC,1,1
2023-03-04,Ligue 1,Paris Saint-Germain,FC Nantes,4,2
2023-03-05,Ligue 1,ESTAC Troyes,AS Monaco,2,2
2023-03-05,Ligue 1,Toulouse FC,Clermont Foot 63,0,1
2023-03-05,Ligue 1,Montpellier HSC,Angers SCO,5,0
2023-03-05,Ligue 1,RC Strasbourg,Stade Brestois 29,0,1
2023-03-05,Ligue 1,Stade de Reims,AC Ajaccio,1,0
2023-03-05,Ligue 1,Olympique Lyonnais,FC Lorient,0,0
2023-03-05,Ligue 1,Stade Rennais,Olympique Marseille,0,1
2023-03-10,Ligue 1,Lille OSC,Olympique Lyonnais,3,3
2023-03-11,Ligue 1,AJ Auxerre,Stade Rennais,0,0
2023-03-11,Ligue 1,Stade Brestois 29,Paris Saint-Germain,1,2
2023-03-12,Ligue 1,Clermont Foot 63,RC Lens,0,4
2023-03-12,Ligue 1,AC Ajaccio,Montpellier HSC,0,1
2023-03-12,Ligue 1,FC Lorient,ESTAC Troyes,2,0
2023-03-12,Ligue 1,FC Nantes,OGC Nice,2,2
2023-03-12,Ligue 1,Angers SCO,Toulouse FC,0,2
2023-03-12,Ligue 1,AS Monaco,Stade de Reims,0,1
2023-03-12,Ligue 1,Olympique Marseille,RC Strasbourg,2,2
2023-03-17,Ligue 1,Olympique Lyonnais,FC Nantes,1,1
2023-03-18,Ligue 1,Toulouse FC,Lille OSC,0,2
2023-03-18,Ligue 1,RC Lens,Angers SCO,3,0
2023-03-19,Ligue 1,AC Ajaccio,AS Monaco,0,2
2023-03-19,Ligue 1,ESTAC Troyes,Stade Brestois 29,2,2
2023-03-19,Ligue 1,Montpellier HSC,Clermont Foot 63,2,1
2023-03-19,Ligue 1,OGC Nice,FC Lorient,1,1
2023-03-19,Ligue 1,RC Strasbourg,AJ Auxerre,2,0
2023-03-19,Ligue 1,Paris Saint-Germain,Stade Rennais,0,2
2023-03-19,Ligue 1,Stade de Reims,Olympique Marseille,1,2
2023-03-31,Ligue 1,Olympique Marseille,Montpellier HSC,1,1
2023-04-01,Ligue 1,AJ Auxerre,ESTAC Troyes,1,0
2023-04-01,Ligue 1,Stade Rennais,RC Lens,0,1
2023-04-02,Ligue 1,Lille OSC,FC Lorient,3,1
2023-04-02,Ligue 1,Clermont Foot 63,AC Ajaccio,2,1
2023-04-02,Ligue 1,FC Nantes,Stade de Reims,0,3
2023-04-02,Ligue 1,Angers SCO,OGC Nice,1,1
2023-04-02,Ligue 1,Stade Brestois 29,Toulouse FC,3,1
2023-04-02,Ligue 1,AS Monaco,RC Strasbourg,4,3
2023-04-02,Ligue 1,Paris Saint-Germain,Olympique Lyonnais,0,1
2023-04-07,Ligue 1,RC Lens,RC Strasbourg,2,1
2023-04-08,Ligue 1,Angers SCO,Lille OSC,1,0
2023-04-08,Ligue 1,OGC Nice,Paris Saint-Germain,0,2
2023-04-09,Ligue 1,Olympique Lyonnais,Stade Rennais,3,1
2023-04-09,Ligue 1,AC Ajaccio,AJ Auxerre,0,3
2023-04-09,Ligue 1,ESTAC Troyes,Clermont Foot 63,0,2
2023-04-09,Ligue 1,Montpellier HSC,Toulouse FC,1,2
2023-04-09,Ligue 1,Stade de Reims,Stade Brestois 29,1,1
2023-04-09,Ligue 1,FC Nantes,AS Monaco,2,2
2023-04-09,Ligue 1,FC Lorient,Olympique Marseille,0,0
2023-04-14,Ligue 1,Toulouse FC,Olympique Lyonnais,1,2
2023-04-15,Ligue 1,Stade Rennais,Stade de Reims,3,0
2023-04-15,Ligue 1,Paris Saint-Germain,RC Lens,3,1
2023-04-16,Ligue 1,Lille OSC,Montpellier HSC,2,1
2023-04-16,Ligue 1,AJ Auxerre,FC Nantes,2,1
2023-04-16,Ligue 1,Clermont Foot 63,Angers SCO,2,1
2023-04-16,Ligue 1,RC Strasbourg,AC Ajaccio,3,1
2023-04-16,Ligue 1,Stade Brestois 29,OGC Nice,1,0
2023-04-16,Ligue 1,AS Monaco,FC Lorient,3,1
2023-04-16,Ligue 1,Olympique Marseille,ESTAC Troyes,3,1
2023-04-21,Ligue 1,Angers SCO,Paris Saint-Germain,1,2
2023-04-22,Ligue 1,AJ Auxerre,Lille OSC,1,1
2023-04-22,Ligue 1,RC Lens,AS Monaco,3,0
2023-04-23,Ligue 1,Stade de Reims,RC Strasbourg,0,2
2023-04-23,Ligue 1,AC Ajaccio,Stade Brestois 29,0,0
2023-04-23,Ligue 1,FC Lorient,Toulouse FC,0,1
2023-04-23,Ligue 1,FC Nantes,ESTAC Troyes,2,2
2023-04-23,Ligue 1,OGC Nice,Clermont Foot 63,1,2
2023-04-23,Ligue 1,Montpellier HSC,Stade Rennais,1,0
2023-04-23,Ligue 1,Olympique Lyonnais,Olympique Marseille,1,2
2023-04-28,Ligue 1,RC Strasbourg,Olympique Lyonnais,1,2
2023-04-29,Ligue 1,Lille OSC,AC Ajaccio,3,0
2023-04-30,Ligue 1,AS Monaco,Montpellier HSC,0,4
2023-04-30,Ligue 1,Clermont Foot 63,Stade de Reims,1,0
2023-04-30,Ligue 1,ESTAC Troyes,OGC Nice,0,1
2023-04-30,Ligue 1,Stade Rennais,Angers SCO,4,2
2023-04-30,Ligue 1,Paris Saint-Germain,FC Lorient,1,3
2023-04-30,Ligue 1,Olympique Marseille,AJ Auxerre,2,1
2023-05-02,Ligue 1,Toulouse FC,RC Lens,0,1
2023-05-03,Ligue 1,Stade Brestois 29,FC Nantes,2,0
2023-05-06,Ligue 1,OGC Nice,Stade Rennais,2,1
2023-05-06,Ligue 1,Stade de Reims,Lille OSC,1,0
2023-05-06,Ligue 1,RC Lens,Olympique Marseille,2,1
2023-05-07,Ligue 1,Angers SCO,AS Monaco,1,2
2023-05-07,Ligue 1,AC Ajaccio,Toulouse FC,0,0
2023-05-07,Ligue 1,AJ Auxerre,Clermont Foot 63,1,1
2023-05-07,Ligue 1,FC Lorient,Stade Brestois 29,2,1
2023-05-07,Ligue 1,FC Nantes,RC Strasbourg,0,2
2023-05-07,Ligue 1,Olympique Lyonnais,Montpellier HSC,5,4
2023-05-07,Ligue 1,ESTAC Troyes,Paris Saint-Germain,1,3
2023-05-12,Ligue 1,RC Lens,Stade de Reims,2,1
2023-05-13,Ligue 1,RC Strasbourg,OGC Nice,2,0
2023-05-13,Ligue 1,Paris Saint-Germain,AC Ajaccio,5,0
2023-05-14,Ligue 1,Clermont Foot 63,Olympique Lyonnais,2,1
2023-05-14,Ligue 1,Montpellier HSC,FC Lorient,1,1
2023-05-14,Ligue 1,Stade Brestois 29,AJ Auxerre,1,0
2023-05-14,Ligue 1,Stade Rennais,ESTAC Troyes,4,0
2023-05-14,Ligue 1,Toulouse FC,FC Nantes,0,0
2023-05-14,Ligue 1,AS Monaco,Lille OSC,0,0
2023-05-14,Ligue 1,Olympique Marseille,Angers SCO,3,1
2023-05-19,Ligue 1,Olympique Lyonnais,AS Monaco,3,1
2023-05-20,Ligue 1,FC Nantes,Montpellier HSC,0,3
2023-05-20,Ligue 1,Lille OSC,Olympique Marseille,2,1
2023-05-21,Ligue 1,AC Ajaccio,Stade Rennais,0,5
2023-05-21,Ligue 1,ESTAC Troyes,RC Strasbourg,1,1
2023-05-21,Ligue 1,OGC Nice,Toulouse FC,0,0
2023-05-21,Ligue 1,Stade Brestois 29,Clermont Foot 63,2,1
2023-05-21,Ligue 1,Stade de Reims,Angers SCO,2,2
2023-05-21,Ligue 1,FC Lorient,RC Lens,1,3
2023-05-21,Ligue 1,AJ Auxerre,Paris Saint-Germain,1,2
2023-05-27,Ligue 1,Clermont Foot 63,FC Lorient,2,0
2023-05-27,Ligue 1,Toulouse FC,AJ Auxerre,1,1
2023-05-27,Ligue 1,Montpellier HSC,OGC Nice,2,3
2023-05-27,Ligue 1,Olympique Marseille,Stade Brestois 29,1,2
2023-05-27,Ligue 1,Olympique Lyonnais,Stade de Reims,3,0
2023-05-27,Ligue 1,Lille OSC,FC Nantes,2,1
2023-05-27,Ligue 1,RC Strasbourg,Paris Saint-Germain,1,1
2023-05-27,Ligue 1,RC Lens,AC Ajaccio,3,0
2023-05-27,Ligue 1,Angers SCO,ESTAC Troyes,2,1
2023-05-27,Ligue 1,Stade Rennais,AS Monaco,2,0
2023-06-03,Ligue 1,AC Ajaccio,Olympique Marseille,1,0
2023-06-03,Ligue 1,AJ Auxerre,RC Lens,1,3
2023-06-03,Ligue 1,AS Monaco,Toulouse FC,1,2
2023-06-03,Ligue 1,ESTAC Troyes,Lille OSC,1,1
2023-06-03,Ligue 1,FC Lorient,RC Strasbourg,2,1
2023-06-03,Ligue 1,FC Nantes,Angers SCO,1,0
2023-06-03,Ligue 1,OGC Nice,Olympique Lyonnais,3,1
2023-06-03,Ligue 1,Paris Saint-Germain,Clermont Foot 63,2,3
2023-06-03,Ligue 1,Stade Brestois 29,Stade Rennais,1,2
2023-06-03,Ligue 1,Stade de Reims,Montpellier HSC,1,3
2022-07-29,EFL Championship,Huddersfield Town AFC,Burnley FC,0,1
2022-07-30,EFL Championship,Rotherham United FC,Swansea City AFC,1,1
2022-07-30,EFL Championship,Blackburn Rovers FC,Queens Park Rangers FC,1,0
2022-07-30,EFL Championship,Blackpool FC,Reading FC,1,0
2022-07-30,EFL Championship,Hull City AFC,Bristol City FC,2,1
2022-07-30,EFL Championship,Luton Town FC,Birmingham City FC,0,0
2022-07-30,EFL Championship,Millwall FC,Stoke City FC,2,0
2022-07-30,EFL Championship,Wigan Athletic FC,Preston North End FC,0,0
2022-07-30,EFL Championship,Cardiff City FC,Norwich City FC,1,0
2022-07-30,EFL Championship,Middlesbrough FC,West Bromwich Albion FC,1,1
2022-07-31,EFL Championship,Sunderland AFC,Coventry City FC,1,1
2022-08-01,EFL Championship,Watford FC,Sheffield United FC,1,0
2022-08-05,EFL Championship,Birmingham City FC,Huddersfield Town AFC,2,1
2022-08-06,EFL Championship,Norwich City FC,Wigan Athletic FC,1,1
2022-08-06,EFL Championship,Preston North End FC,Hull City AFC,0,0
2022-08-06,EFL Championship,Queens Park Rangers FC,Middlesbrough FC,3,2
2022-08-06,EFL Championship,Sheffield United FC,Millwall FC,2,0
2022-08-06,EFL Championship,Stoke City FC,Blackpool FC,2,0
2022-08-06,EFL Championship,Reading FC,Cardiff City FC,2,1
2022-08-06,EFL Championship,Swansea City AFC,Blackburn Rovers FC,0,3
2022-08-06,EFL Championship,Bristol City FC,Sunderland AFC,2,3
2022-08-06,EFL Championship,Burnley FC,Luton Town FC,1,1
2022-08-08,EFL Championship,West Bromwich Albion FC,Watford FC,1,1
2022-08-12,EFL Championship,Watford FC,Burnley FC,1,0
2022-08-13,EFL Championship,Cardiff City FC,Birmingham City FC,1,0
2022-08-13,EFL Championship,Blackpool FC,Swansea City AFC,0,1
2022-08-13,EFL Championship,Huddersfield Town AFC,Stoke City FC,3,1
2022-08-13,EFL Championship,Hull City AFC,Norwich City FC,2,1
2022-08-13,EFL Championship,Luton Town FC,Preston North End FC,0,1
2022-08-13,EFL Championship,Millwall FC,Coventry City FC,3,2
2022-08-13,EFL Championship,Rotherham United FC,Reading FC,4,0
2022-08-13,EFL Championship,Sunderland AFC,Queens Park Rangers FC,2,2
2022-08-13,EFL Championship,Wigan Athletic FC,Bristol City FC,1,1
2022-08-14,EFL Championship,Middlesbrough FC,Sheffield United FC,2,2
2022-08-14,EFL Championship,Blackburn Rovers FC,West Bromwich Albion FC,2,1
2022-08-16,EFL Championship,Swansea City AFC,Millwall FC,2,2
2022-08-16,EFL Championship,Preston North End FC,Rotherham United FC,0,0
2022-08-16,EFL Championship,Norwich City FC,Huddersfield Town AFC,2,1
2022-08-16,EFL Championship,Birmingham City FC,Watford FC,1,1
2022-08-16,EFL Championship,Bristol City FC,Luton Town FC,2,0
2022-08-16,EFL Championship,Burnley FC,Hull City AFC,1,1
2022-08-16,EFL Championship,Queens Park Rangers FC,Blackpool FC,0,1
2022-08-17,EFL Championship,Stoke City FC,Middlesbrough FC,2,2
2022-08-17,EFL Championship,West Bromwich Albion FC,Cardiff City FC,0,0
2022-08-17,EFL Championship,Reading FC,Blackburn Rovers FC,3,0
2022-08-17,EFL Championship,Sheffield United FC,Sunderland AFC,2,1
2022-08-19,EFL Championship,Norwich City FC,Millwall FC,2,0
2022-08-20,EFL Championship,Swansea City AFC,Luton Town FC,0,2
2022-08-20,EFL Championship,West Bromwich Albion FC,Hull City AFC,5,2
2022-08-20,EFL Championship,Stoke City FC,Sunderland AFC,0,1
2022-08-20,EFL Championship,Sheffield United FC,Blackburn Rovers FC,3,0
2022-08-20,EFL Championship,Reading FC,Middlesbrough FC,1,0
2022-08-20,EFL Championship,Birmingham City FC,Wigan Athletic FC,0,1
2022-08-20,EFL Championship,Burnley FC,Blackpool FC,3,3
2022-08-20,EFL Championship,Preston North End FC,Watford FC,0,0
2022-08-20,EFL Championship,Queens Park Rangers FC,Rotherham United FC,1,1
2022-08-21,EFL Championship,Bristol City FC,Cardiff City FC,2,0
2022-08-26,EFL Championship,Luton Town FC,Sheffield United FC,1,1
2022-08-27,EFL Championship,Sunderland AFC,Norwich City FC,0,1
2022-08-27,EFL Championship,Cardiff City FC,Preston North End FC,0,0
2022-08-27,EFL Championship,Middlesbrough FC,Swansea City AFC,2,1
2022-08-27,EFL Championship,Wigan Athletic FC,Burnley FC,1,5
2022-08-27,EFL Championship,Watford FC,Queens Park Rangers FC,2,3
2022-08-27,EFL Championship,Rotherham United FC,Birmingham City FC,2,0
2022-08-27,EFL Championship,Millwall FC,Reading FC,0,1
2022-08-27,EFL Championship,Hull City AFC,Coventry City FC,3,2
2022-08-27,EFL Championship,Huddersfield Town AFC,West Bromwich Albion FC,2,2
2022-08-27,EFL Championship,Blackpool FC,Bristol City FC,3,3
2022-08-27,EFL Championship,Blackburn Rovers FC,Stoke City FC,0,1
2022-08-30,EFL Championship,Sheffield United FC,Reading FC,4,0
2022-08-30,EFL Championship,Cardiff City FC,Luton Town FC,1,2
2022-08-30,EFL Championship,Wigan Athletic FC,West Bromwich Albion FC,1,1
2022-08-30,EFL Championship,Queens Park Rangers FC,Hull City AFC,3,1
2022-08-30,EFL Championship,Burnley FC,Millwall FC,2,0
2022-08-30,EFL Championship,Birmingham City FC,Norwich City FC,1,2
2022-08-30,EFL Championship,Watford FC,Middlesbrough FC,2,1
2022-08-31,EFL Championship,Stoke City FC,Swansea City AFC,1,1
2022-08-31,EFL Championship,Coventry City FC,Preston North End FC,0,1
2022-08-31,EFL Championship,Bristol City FC,Huddersfield Town AFC,2,0
2022-08-31,EFL Championship,Sunderland AFC,Rotherham United FC,3,0
2022-08-31,EFL Championship,Blackpool FC,Blackburn Rovers FC,0,1
2022-09-02,EFL Championship,West Bromwich Albion FC,Burnley FC,1,1
2022-09-03,EFL Championship,Millwall FC,Cardiff City FC,2,0
2022-09-03,EFL Championship,Swansea City AFC,Queens Park Rangers FC,1,0
2022-09-03,EFL Championship,Blackburn Rovers FC,Bristol City FC,2,3
2022-09-03,EFL Championship,Rotherham United FC,Watford FC,1,1
2022-09-03,EFL Championship,Preston North End FC,Birmingham City FC,0,1
2022-09-03,EFL Championship,Norwich City FC,Coventry City FC,3,0
2022-09-03,EFL Championship,Luton Town FC,Wigan Athletic FC,1,2
2022-09-04,EFL Championship,Reading FC,Stoke City FC,2,1
2022-09-04,EFL Championship,Hull City AFC,Sheffield United FC,0,2
2022-09-04,EFL Championship,Huddersfield Town AFC,Blackpool FC,0,1
2022-09-05,EFL Championship,Middlesbrough FC,Sunderland AFC,1,0
2022-09-13,EFL Championship,Swansea City AFC,Sheffield United FC,0,1
2022-09-13,EFL Championship,Middlesbrough FC,Cardiff City FC,2,3
2022-09-13,EFL Championship,Hull City AFC,Stoke City FC,0,3
2022-09-13,EFL Championship,Huddersfield Town AFC,Wigan Athletic FC,1,2
2022-09-13,EFL Championship,Blackburn Rovers FC,Watford FC,2,0
2022-09-13,EFL Championship,Preston North End FC,Burnley FC,1,1
2022-09-14,EFL Championship,Millwall FC,Queens Park Rangers FC,0,2
2022-09-14,EFL Championship,Luton Town FC,Coventry City FC,2,2
2022-09-14,EFL Championship,Norwich City FC,Bristol City FC,3,2
2022-09-14,EFL Championship,Rotherham United FC,Blackpool FC,3,0
2022-09-14,EFL Championship,West Bromwich Albion FC,Birmingham City FC,2,3
2022-09-14,EFL Championship,Reading FC,Sunderland AFC,0,3
2022-09-17,EFL Championship,Swansea City AFC,Hull City AFC,3,0
2022-09-17,EFL Championship,Huddersfield Town AFC,Cardiff City FC,1,0
2022-09-17,EFL Championship,Wigan Athletic FC,Reading FC,0,1
2022-09-17,EFL Championship,Watford FC,Sunderland AFC,2,2
2022-09-17,EFL Championship,Queens Park Rangers FC,Stoke City FC,0,0
2022-09-17,EFL Championship,Preston North End FC,Sheffield United FC,0,2
2022-09-17,EFL Championship,Norwich City FC,West Bromwich Albion FC,1,1
2022-09-17,EFL Championship,Millwall FC,Blackpool FC,2,1
2022-09-17,EFL Championship,Luton Town FC,Blackburn Rovers FC,2,0
2022-09-17,EFL Championship,Burnley FC,Bristol City FC,2,1
2022-09-17,EFL Championship,Birmingham City FC,Coventry City FC,0,0
2022-09-17,EFL Championship,Middlesbrough FC,Rotherham United FC,0,0
2022-09-30,EFL Championship,Hull City AFC,Luton Town FC,0,2
2022-10-01,EFL Championship,West Bromwich Albion FC,Swansea City AFC,2,3
2022-10-01,EFL Championship,Cardiff City FC,Burnley FC,1,1
2022-10-01,EFL Championship,Blackburn Rovers FC,Millwall FC,2,1
2022-10-01,EFL Championship,Blackpool FC,Norwich City FC,0,1
2022-10-01,EFL Championship,Bristol City FC,Queens Park Rangers FC,1,2
2022-10-01,EFL Championship,Coventry City FC,Middlesbrough FC,1,0
2022-10-01,EFL Championship,Reading FC,Huddersfield Town AFC,3,1
2022-10-01,EFL Championship,Rotherham United FC,Wigan Athletic FC,0,2
2022-10-01,EFL Championship,Sheffield United FC,Birmingham City FC,1,1
2022-10-01,EFL Championship,Sunderland AFC,Preston North End FC,0,0
2022-10-02,EFL Championship,Stoke City FC,Watford FC,0,4
2022-10-04,EFL Championship,Luton Town FC,Huddersfield Town AFC,3,3
2022-10-04,EFL Championship,Sheffield United FC,Queens Park Rangers FC,0,1
2022-10-04,EFL Championship,Sunderland AFC,Blackpool FC,0,0
2022-10-04,EFL Championship,Bristol City FC,Coventry City FC,0,0
2022-10-04,EFL Championship,Reading FC,Norwich City FC,1,1
2022-10-04,EFL Championship,Cardiff City FC,Blackburn Rovers FC,1,0
2022-10-05,EFL Championship,Watford FC,Swansea City AFC,1,2
2022-10-05,EFL Championship,Burnley FC,Stoke City FC,1,1
2022-10-05,EFL Championship,Hull City AFC,Wigan Athletic FC,2,1
2022-10-05,EFL Championship,Middlesbrough FC,Birmingham City FC,1,0
2022-10-05,EFL Championship,Rotherham United FC,Millwall FC,1,1
2022-10-05,EFL Championship,Preston North End FC,West Bromwich Albion FC,1,0
2022-10-07,EFL Championship,Queens Park Rangers FC,Reading FC,2,1
2022-10-08,EFL Championship,Wigan Athletic FC,Cardiff City FC,1,3
2022-10-08,EFL Championship,Swansea City AFC,Sunderland AFC,2,1
2022-10-08,EFL Championship,Coventry City FC,Burnley FC,0,1
2022-10-08,EFL Championship,Millwall FC,Middlesbrough FC,2,0
2022-10-08,EFL Championship,Norwich City FC,Preston North End FC,2,3
2022-10-08,EFL Championship,Stoke City FC,Sheffield United FC,3,1
2022-10-08,EFL Championship,West Bromwich Albion FC,Luton Town FC,0,0
2022-10-08,EFL Championship,Blackpool FC,Watford FC,3,1
2022-10-08,EFL Championship,Blackburn Rovers FC,Rotherham United FC,3,0
2022-10-08,EFL Championship,Birmingham City FC,Bristol City FC,3,0
2022-10-09,EFL Championship,Huddersfield Town AFC,Hull City AFC,2,0
2022-10-11,EFL Championship,Wigan Athletic FC,Blackburn Rovers FC,1,0
2022-10-12,EFL Championship,Bristol City FC,Preston North End FC,2,1
2022-10-15,EFL Championship,Luton Town FC,Queens Park Rangers FC,3,1
2022-10-15,EFL Championship,Rotherham United FC,Huddersfield Town AFC,2,1
2022-10-15,EFL Championship,Burnley FC,Swansea City AFC,4,0
2022-10-15,EFL Championship,Cardiff City FC,Coventry City FC,0,1
2022-10-15,EFL Championship,Bristol City FC,Millwall FC,1,2
2022-10-15,EFL Championship,Middlesbrough FC,Blackburn Rovers FC,1,2
2022-10-15,EFL Championship,Preston North End FC,Stoke City FC,0,2
2022-10-15,EFL Championship,Reading FC,West Bromwich Albion FC,0,2
2022-10-15,EFL Championship,Sheffield United FC,Blackpool FC,3,3
2022-10-15,EFL Championship,Sunderland AFC,Wigan Athletic FC,2,1
2022-10-15,EFL Championship,Watford FC,Norwich City FC,2,1
2022-10-16,EFL Championship,Hull City AFC,Birmingham City FC,0,2
2022-10-18,EFL Championship,Swansea City AFC,Reading FC,3,2
2022-10-18,EFL Championship,Norwich City FC,Luton Town FC,0,1
2022-10-18,EFL Championship,Huddersfield Town AFC,Preston North End FC,0,1
2022-10-18,EFL Championship,West Bromwich Albion FC,Bristol City FC,0,2
2022-10-18,EFL Championship,Stoke City FC,Rotherham United FC,0,1
2022-10-18,EFL Championship,Blackburn Rovers FC,Sunderland AFC,2,0
2022-10-19,EFL Championship,Queens Park Rangers FC,Cardiff City FC,3,0
2022-10-19,EFL Championship,Birmingham City FC,Burnley FC,1,1
2022-10-19,EFL Championship,Blackpool FC,Hull City AFC,1,3
2022-10-19,EFL Championship,Coventry City FC,Sheffield United FC,1,0
2022-10-19,EFL Championship,Wigan Athletic FC,Middlesbrough FC,1,4
2022-10-19,EFL Championship,Millwall FC,Watford FC,3,0
2022-10-22,EFL Championship,Blackpool FC,Preston North End FC,4,2
2022-10-22,EFL Championship,Sunderland AFC,Burnley FC,2,4
2022-10-22,EFL Championship,Stoke City FC,Coventry City FC,0,2
2022-10-22,EFL Championship,Sheffield United FC,Norwich City FC,2,2
2022-10-22,EFL Championship,Rotherham United FC,Hull City AFC,2,4
2022-10-22,EFL Championship,Reading FC,Bristol City FC,2,0
2022-10-22,EFL Championship,Queens Park Rangers FC,Wigan Athletic FC,2,1
2022-10-22,EFL Championship,Millwall FC,West Bromwich Albion FC,2,1
2022-10-22,EFL Championship,Blackburn Rovers FC,Birmingham City FC,2,1
2022-10-22,EFL Championship,Middlesbrough FC,Huddersfield Town AFC,0,0
2022-10-23,EFL Championship,Swansea City AFC,Cardiff City FC,2,0
2022-10-23,EFL Championship,Watford FC,Luton Town FC,4,0
2022-10-25,EFL Championship,Coventry City FC,Rotherham United FC,2,2
2022-10-25,EFL Championship,Burnley FC,Norwich City FC,1,0
2022-10-28,EFL Championship,Birmingham City FC,Queens Park Rangers FC,2,0
2022-10-29,EFL Championship,Bristol City FC,Swansea City AFC,1,1
2022-10-29,EFL Championship,West Bromwich Albion FC,Sheffield United FC,0,2
2022-10-29,EFL Championship,Cardiff City FC,Rotherham United FC,1,0
2022-10-29,EFL Championship,Preston North End FC,Middlesbrough FC,2,1
2022-10-29,EFL Championship,Norwich City FC,Stoke City FC,3,1
2022-10-29,EFL Championship,Luton Town FC,Sunderland AFC,1,1
2022-10-29,EFL Championship,Hull City AFC,Blackburn Rovers FC,0,1
2022-10-29,EFL Championship,Huddersfield Town AFC,Millwall FC,1,0
2022-10-29,EFL Championship,Coventry City FC,Blackpool FC,1,2
2022-10-29,EFL Championship,Burnley FC,Reading FC,2,1
2022-10-29,EFL Championship,Wigan Athletic FC,Watford FC,0,1
2022-11-01,EFL Championship,Preston North End FC,Swansea City AFC,1,0
2022-11-01,EFL Championship,Luton Town FC,Reading FC,0,0
2022-11-01,EFL Championship,Hull City AFC,Middlesbrough FC,1,3
2022-11-01,EFL Championship,Coventry City FC,Blackburn Rovers FC,1,0
2022-11-01,EFL Championship,West Bromwich Albion FC,Blackpool FC,1,0
2022-11-01,EFL Championship,Bristol City FC,Sheffield United FC,0,1
2022-11-02,EFL Championship,Cardiff City FC,Watford FC,1,2
2022-11-02,EFL Championship,Wigan Athletic FC,Stoke City FC,0,1
2022-11-02,EFL Championship,Norwich City FC,Queens Park Rangers FC,0,0
2022-11-02,EFL Championship,Huddersfield Town AFC,Sunderland AFC,0,2
2022-11-02,EFL Championship,Burnley FC,Rotherham United FC,3,2
2022-11-02,EFL Championship,Birmingham City FC,Millwall FC,0,0
2022-11-04,EFL Championship,Reading FC,Preston North End FC,1,2
2022-11-05,EFL Championship,Sheffield United FC,Burnley FC,5,2
2022-11-05,EFL Championship,Swansea City AFC,Wigan Athletic FC,2,2
2022-11-05,EFL Championship,Sunderland AFC,Cardiff City FC,0,1
2022-11-05,EFL Championship,Watford FC,Coventry City FC,0,1
2022-11-05,EFL Championship,Stoke City FC,Birmingham City FC,1,2
2022-11-05,EFL Championship,Rotherham United FC,Norwich City FC,1,2
2022-11-05,EFL Championship,Queens Park Rangers FC,West Bromwich Albion FC,0,1
2022-11-05,EFL Championship,Millwall FC,Hull City AFC,0,0
2022-11-05,EFL Championship,Middlesbrough FC,Bristol City FC,1,1
2022-11-05,EFL Championship,Blackpool FC,Luton Town FC,0,1
2022-11-05,EFL Championship,Blackburn Rovers FC,Huddersfield Town AFC,1,0
2022-11-08,EFL Championship,Birmingham City FC,Swansea City AFC,2,2
2022-11-08,EFL Championship,Cardiff City FC,Hull City AFC,2,3
2022-11-08,EFL Championship,Stoke City FC,Luton Town FC,2,0
2022-11-08,EFL Championship,Sheffield United FC,Rotherham United FC,0,1
2022-11-08,EFL Championship,Queens Park Rangers FC,Huddersfield Town AFC,1,2
2022-11-08,EFL Championship,Blackpool FC,Middlesbrough FC,0,3
2022-11-08,EFL Championship,Coventry City FC,Wigan Athletic FC,2,0
2022-11-08,EFL Championship,Watford FC,Reading FC,2,0
2022-11-11,EFL Championship,Birmingham City FC,Sunderland AFC,1,2
2022-11-12,EFL Championship,Cardiff City FC,Sheffield United FC,0,1
2022-11-12,EFL Championship,Huddersfield Town AFC,Swansea City AFC,0,0
2022-11-12,EFL Championship,Wigan Athletic FC,Blackpool FC,2,1
2022-11-12,EFL Championship,West Bromwich Albion FC,Stoke City FC,2,0
2022-11-12,EFL Championship,Preston North End FC,Millwall FC,2,4
2022-11-12,EFL Championship,Norwich City FC,Middlesbrough FC,1,2
2022-11-12,EFL Championship,Luton Town FC,Rotherham United FC,1,1
2022-11-12,EFL Championship,Hull City AFC,Reading FC,1,2
2022-11-12,EFL Championship,Coventry City FC,Queens Park Rangers FC,2,0
2022-11-12,EFL Championship,Bristol City FC,Watford FC,0,0
2022-11-13,EFL Championship,Burnley FC,Blackburn Rovers FC,3,0
2022-12-03,EFL Championship,Sunderland AFC,Millwall FC,3,0
2022-12-10,EFL Championship,Blackburn Rovers FC,Preston North End FC,1,4
2022-12-10,EFL Championship,Rotherham United FC,Bristol City FC,1,3
2022-12-10,EFL Championship,Reading FC,Coventry City FC,1,0
2022-12-10,EFL Championship,Stoke City FC,Cardiff City FC,2,2
2022-12-10,EFL Championship,Swansea City AFC,Norwich City FC,0,1
2022-12-10,EFL Championship,Blackpool FC,Birmingham City FC,0,0
2022-12-10,EFL Championship,Middlesbrough FC,Luton Town FC,2,1
2022-12-10,EFL Championship,Millwall FC,Wigan Athletic FC,1,1
2022-12-10,EFL Championship,Sheffield United FC,Huddersfield Town AFC,1,0
2022-12-11,EFL Championship,Queens Park Rangers FC,Burnley FC,0,3
2022-12-11,EFL Championship,Watford FC,Hull City AFC,0,0
2022-12-12,EFL Championship,Sunderland AFC,West Bromwich Albion FC,1,2
2022-12-16,EFL Championship,Birmingham City FC,Reading FC,3,2
2022-12-17,EFL Championship,West Bromwich Albion FC,Rotherham United FC,3,0
2022-12-17,EFL Championship,Preston North End FC,Queens Park Rangers FC,0,1
2022-12-17,EFL Championship,Hull City AFC,Sunderland AFC,1,1
2022-12-17,EFL Championship,Huddersfield Town AFC,Watford FC,0,2
2022-12-17,EFL Championship,Burnley FC,Middlesbrough FC,3,1
2022-12-17,EFL Championship,Bristol City FC,Stoke City FC,1,2
2022-12-17,EFL Championship,Cardiff City FC,Blackpool FC,1,1
2022-12-17,EFL Championship,Coventry City FC,Swansea City AFC,3,3
2022-12-17,EFL Championship,Norwich City FC,Blackburn Rovers FC,0,2
2022-12-19,EFL Championship,Wigan Athletic FC,Sheffield United FC,1,2
2022-12-21,EFL Championship,Coventry City FC,West Bromwich Albion FC,1,0
2022-12-26,EFL Championship,Watford FC,Millwall FC,0,2
2022-12-26,EFL Championship,Sunderland AFC,Blackburn Rovers FC,2,1
2022-12-26,EFL Championship,Sheffield United FC,Coventry City FC,3,1
2022-12-26,EFL Championship,Rotherham United FC,Stoke City FC,2,2
2022-12-26,EFL Championship,Preston North End FC,Huddersfield Town AFC,1,2
2022-12-26,EFL Championship,Hull City AFC,Blackpool FC,1,1
2022-12-26,EFL Championship,Bristol City FC,West Bromwich Albion FC,0,2
2022-12-26,EFL Championship,Middlesbrough FC,Wigan Athletic FC,4,1
2022-12-26,EFL Championship,Cardiff City FC,Queens Park Rangers FC,0,0
2022-12-26,EFL Championship,Luton Town FC,Norwich City FC,2,1
2022-12-27,EFL Championship,Reading FC,Swansea City AFC,2,1
2022-12-27,EFL Championship,Burnley FC,Birmingham City FC,3,0
2022-12-29,EFL Championship,Queens Park Rangers FC,Luton Town FC,0,3
2022-12-29,EFL Championship,Coventry City FC,Cardiff City FC,0,0
2022-12-29,EFL Championship,Blackburn Rovers FC,Middlesbrough FC,1,2
2022-12-29,EFL Championship,Huddersfield Town AFC,Rotherham United FC,2,0
2022-12-29,EFL Championship,Millwall FC,Bristol City FC,0,0
2022-12-29,EFL Championship,Wigan Athletic FC,Sunderland AFC,1,4
2022-12-29,EFL Championship,West Bromwich Albion FC,Preston North End FC,2,0
2022-12-29,EFL Championship,Blackpool FC,Sheffield United FC,1,2
2022-12-30,EFL Championship,Stoke City FC,Burnley FC,0,1
2022-12-30,EFL Championship,Swansea City AFC,Watford FC,4,0
2022-12-30,EFL Championship,Birmingham City FC,Hull City AFC,0,1
2022-12-30,EFL Championship,Norwich City FC,Reading FC,1,1
2023-01-01,EFL Championship,Blackburn Rovers FC,Cardiff City FC,1,0
2023-01-01,EFL Championship,Blackpool FC,Sunderland AFC,1,1
2023-01-01,EFL Championship,Coventry City FC,Bristol City FC,1,1
2023-01-01,EFL Championship,Huddersfield Town AFC,Luton Town FC,1,2
2023-01-01,EFL Championship,Millwall FC,Rotherham United FC,3,0
2023-01-02,EFL Championship,Swansea City AFC,Burnley FC,1,2
2023-01-02,EFL Championship,Norwich City FC,Watford FC,0,1
2023-01-02,EFL Championship,West Bromwich Albion FC,Reading FC,1,0
2023-01-02,EFL Championship,Wigan Athletic FC,Hull City AFC,1,4
2023-01-02,EFL Championship,Birmingham City FC,Middlesbrough FC,1,3
2023-01-02,EFL Championship,Stoke City FC,Preston North End FC,0,1
2023-01-02,EFL Championship,Queens Park Rangers FC,Sheffield United FC,1,1
2023-01-14,EFL Championship,Rotherham United FC,Blackburn Rovers FC,4,0
2023-01-14,EFL Championship,Cardiff City FC,Wigan Athletic FC,1,1
2023-01-14,EFL Championship,Sunderland AFC,Swansea City AFC,1,3
2023-01-14,EFL Championship,Bristol City FC,Birmingham City FC,4,2
2023-01-14,EFL Championship,Burnley FC,Coventry City FC,1,0
2023-01-14,EFL Championship,Hull City AFC,Huddersfield Town AFC,1,1
2023-01-14,EFL Championship,Luton Town FC,West Bromwich Albion FC,2,3
2023-01-14,EFL Championship,Middlesbrough FC,Millwall FC,1,0
2023-01-14,EFL Championship,Preston North End FC,Norwich City FC,0,4
2023-01-14,EFL Championship,Reading FC,Queens Park Rangers FC,2,2
2023-01-14,EFL Championship,Sheffield United FC,Stoke City FC,3,1
2023-01-14,EFL Championship,Watford FC,Blackpool FC,2,0
2023-01-20,EFL Championship,Sheffield United FC,Hull City AFC,1,0
2023-01-20,EFL Championship,Burnley FC,West Bromwich Albion FC,2,1
2023-01-21,EFL Championship,Coventry City FC,Norwich City FC,2,4
2023-01-21,EFL Championship,Cardiff City FC,Millwall FC,0,1
2023-01-21,EFL Championship,Queens Park Rangers FC,Swansea City AFC,1,1
2023-01-21,EFL Championship,Stoke City FC,Reading FC,4,0
2023-01-21,EFL Championship,Watford FC,Rotherham United FC,1,1
2023-01-21,EFL Championship,Wigan Athletic FC,Luton Town FC,0,2
2023-01-21,EFL Championship,Bristol City FC,Blackburn Rovers FC,1,1
2023-01-21,EFL Championship,Birmingham City FC,Preston North End FC,1,2
2023-01-22,EFL Championship,Sunderland AFC,Middlesbrough FC,2,0
2023-01-28,EFL Championship,Hull City AFC,Queens Park Rangers FC,3,0
2023-01-28,EFL Championship,Middlesbrough FC,Watford FC,2,0
2023-01-28,EFL Championship,Coventry City FC,Huddersfield Town AFC,2,0
2023-01-31,EFL Championship,Luton Town FC,Cardiff City FC,1,0
2023-02-03,EFL Championship,West Bromwich Albion FC,Coventry City FC,1,0
2023-02-04,EFL Championship,Rotherham United FC,Sheffield United FC,0,0
2023-02-04,EFL Championship,Norwich City FC,Burnley FC,0,3
2023-02-04,EFL Championship,Swansea City AFC,Birmingham City FC,3,4
2023-02-04,EFL Championship,Hull City AFC,Cardiff City FC,1,0
2023-02-04,EFL Championship,Reading FC,Watford FC,2,2
2023-02-04,EFL Championship,Preston North End FC,Bristol City FC,1,2
2023-02-04,EFL Championship,Millwall FC,Sunderland AFC,1,1
2023-02-04,EFL Championship,Middlesbrough FC,Blackpool FC,3,0
2023-02-04,EFL Championship,Luton Town FC,Stoke City FC,1,0
2023-02-04,EFL Championship,Huddersfield Town AFC,Queens Park Rangers FC,1,1
2023-02-06,EFL Championship,Blackburn Rovers FC,Wigan Athletic FC,0,0
2023-02-07,EFL Championship,Blackpool FC,Huddersfield Town AFC,2,2
2023-02-10,EFL Championship,Birmingham City FC,West Bromwich Albion FC,2,0
2023-02-11,EFL Championship,Sheffield United FC,Swansea City AFC,3,0
2023-02-11,EFL Championship,Cardiff City FC,Middlesbrough FC,1,3
2023-02-11,EFL Championship,Bristol City FC,Norwich City FC,1,0
2023-02-11,EFL Championship,Blackpool FC,Rotherham United FC,0,0
2023-02-11,EFL Championship,Burnley FC,Preston North End FC,3,0
2023-02-11,EFL Championship,Coventry City FC,Luton Town FC,1,1
2023-02-11,EFL Championship,Wigan Athletic FC,Huddersfield Town AFC,1,0
2023-02-11,EFL Championship,Watford FC,Blackburn Rovers FC,1,1
2023-02-11,EFL Championship,Sunderland AFC,Reading FC,1,0
2023-02-11,EFL Championship,Stoke City FC,Hull City AFC,0,0
2023-02-11,EFL Championship,Queens Park Rangers FC,Millwall FC,1,2
2023-02-14,EFL Championship,Birmingham City FC,Cardiff City FC,0,2
2023-02-14,EFL Championship,Queens Park Rangers FC,Sunderland AFC,0,3
2023-02-14,EFL Championship,Norwich City FC,Hull City AFC,3,1
2023-02-14,EFL Championship,Coventry City FC,Millwall FC,1,0
2023-02-14,EFL Championship,Reading FC,Rotherham United FC,2,1
2023-02-14,EFL Championship,Burnley FC,Watford FC,1,1
2023-02-15,EFL Championship,Stoke City FC,Huddersfield Town AFC,3,0
2023-02-15,EFL Championship,Swansea City AFC,Blackpool FC,2,1
2023-02-15,EFL Championship,Preston North End FC,Luton Town FC,1,1
2023-02-15,EFL Championship,Bristol City FC,Wigan Athletic FC,1,1
2023-02-15,EFL Championship,West Bromwich Albion FC,Blackburn Rovers FC,1,1
2023-02-15,EFL Championship,Sheffield United FC,Middlesbrough FC,1,3
2023-02-17,EFL Championship,Cardiff City FC,Reading FC,1,0
2023-02-18,EFL Championship,Millwall FC,Sheffield United FC,3,2
2023-02-18,EFL Championship,Blackburn Rovers FC,Swansea City AFC,1,0
2023-02-18,EFL Championship,Wigan Athletic FC,Norwich City FC,0,0
2023-02-18,EFL Championship,Sunderland AFC,Bristol City FC,1,1
2023-02-18,EFL Championship,Rotherham United FC,Coventry City FC,0,2
2023-02-18,EFL Championship,Middlesbrough FC,Queens Park Rangers FC,3,1
2023-02-18,EFL Championship,Luton Town FC,Burnley FC,0,1
2023-02-18,EFL Championship,Hull City AFC,Preston North End FC,0,0
2023-02-18,EFL Championship,Huddersfield Town AFC,Birmingham City FC,2,1
2023-02-18,EFL Championship,Blackpool FC,Stoke City FC,1,0
2023-02-20,EFL Championship,Watford FC,West Bromwich Albion FC,3,2
2023-02-21,EFL Championship,Swansea City AFC,Stoke City FC,1,3
2023-02-21,EFL Championship,Millwall FC,Burnley FC,1,1
2023-02-21,EFL Championship,Norwich City FC,Birmingham City FC,3,1
2023-02-21,EFL Championship,Rotherham United FC,Sunderland AFC,2,1
2023-02-21,EFL Championship,Blackburn Rovers FC,Blackpool FC,1,0
2023-02-25,EFL Championship,Coventry City FC,Sunderland AFC,2,1
2023-02-25,EFL Championship,Norwich City FC,Cardiff City FC,2,0
2023-02-25,EFL Championship,Birmingham City FC,Luton Town FC,0,1
2023-02-25,EFL Championship,Bristol City FC,Hull City AFC,1,0
2023-02-25,EFL Championship,Burnley FC,Huddersfield Town AFC,4,0
2023-02-25,EFL Championship,West Bromwich Albion FC,Middlesbrough FC,2,0
2023-02-25,EFL Championship,Stoke City FC,Millwall FC,0,1
2023-02-25,EFL Championship,Preston North End FC,Wigan Athletic FC,2,1
2023-02-25,EFL Championship,Queens Park Rangers FC,Blackburn Rovers FC,1,3
2023-02-25,EFL Championship,Reading FC,Blackpool FC,3,1
2023-02-25,EFL Championship,Sheffield United FC,Watford FC,1,0
2023-02-27,EFL Championship,Swansea City AFC,Rotherham United FC,1,1
2023-02-28,EFL Championship,Preston North End FC,Coventry City FC,0,0
2023-02-28,EFL Championship,Luton Town FC,Millwall FC,2,2
2023-03-03,EFL Championship,Hull City AFC,West Bromwich Albion FC,2,0
2023-03-04,EFL Championship,Cardiff City FC,Bristol City FC,2,0
2023-03-04,EFL Championship,Blackburn Rovers FC,Sheffield United FC,1,0
2023-03-04,EFL Championship,Luton Town FC,Swansea City AFC,1,0
2023-03-04,EFL Championship,Rotherham United FC,Queens Park Rangers FC,3,1
2023-03-04,EFL Championship,Sunderland AFC,Stoke City FC,1,5
2023-03-04,EFL Championship,Watford FC,Preston North End FC,0,0
2023-03-04,EFL Championship,Wigan Athletic FC,Birmingham City FC,1,1
2023-03-04,EFL Championship,Millwall FC,Norwich City FC,2,3
2023-03-04,EFL Championship,Middlesbrough FC,Reading FC,5,0
2023-03-04,EFL Championship,Huddersfield Town AFC,Coventry City FC,0,4
2023-03-04,EFL Championship,Blackpool FC,Burnley FC,0,0
2023-03-07,EFL Championship,Huddersfield Town AFC,Bristol City FC,0,0
2023-03-07,EFL Championship,West Bromwich Albion FC,Wigan Athletic FC,1,0
2023-03-07,EFL Championship,Reading FC,Sheffield United FC,0,1
2023-03-10,EFL Championship,Stoke City FC,Blackburn Rovers FC,3,2
2023-03-11,EFL Championship,Bristol City FC,Blackpool FC,2,0
2023-03-11,EFL Championship,Preston North End FC,Cardiff City FC,2,0
2023-03-11,EFL Championship,Swansea City AFC,Middlesbrough FC,1,3
2023-03-11,EFL Championship,Reading FC,Millwall FC,0,1
2023-03-11,EFL Championship,Sheffield United FC,Luton Town FC,0,1
2023-03-11,EFL Championship,West Bromwich Albion FC,Huddersfield Town AFC,1,0
2023-03-11,EFL Championship,Birmingham City FC,Rotherham United FC,2,0
2023-03-11,EFL Championship,Burnley FC,Wigan Athletic FC,3,0
2023-03-11,EFL Championship,Coventry City FC,Hull City AFC,1,1
2023-03-11,EFL Championship,Queens Park Rangers FC,Watford FC,1,0
2023-03-12,EFL Championship,Norwich City FC,Sunderland AFC,0,1
2023-03-14,EFL Championship,Millwall FC,Swansea City AFC,2,1
2023-03-14,EFL Championship,Blackpool FC,Queens Park Rangers FC,6,1
2023-03-14,EFL Championship,Rotherham United FC,Preston North End FC,1,2
2023-03-14,EFL Championship,Watford FC,Birmingham City FC,3,0
2023-03-14,EFL Championship,Wigan Athletic FC,Coventry City FC,1,1
2023-03-14,EFL Championship,Middlesbrough FC,Stoke City FC,1,1
2023-03-15,EFL Championship,Cardiff City FC,West Bromwich Albion FC,1,1
2023-03-15,EFL Championship,Luton Town FC,Bristol City FC,1,0
2023-03-15,EFL Championship,Hull City AFC,Burnley FC,1,3
2023-03-15,EFL Championship,Huddersfield Town AFC,Norwich City FC,1,1
2023-03-15,EFL Championship,Blackburn Rovers FC,Reading FC,2,1
2023-03-15,EFL Championship,Sunderland AFC,Sheffield United FC,1,2
2023-03-18,EFL Championship,Blackpool FC,Coventry City FC,1,4
2023-03-18,EFL Championship,Middlesbrough FC,Preston North End FC,4,0
2023-03-18,EFL Championship,Millwall FC,Huddersfield Town AFC,0,1
2023-03-18,EFL Championship,Queens Park Rangers FC,Birmingham City FC,0,1
2023-03-18,EFL Championship,Reading FC,Hull City AFC,1,1
2023-03-18,EFL Championship,Stoke City FC,Norwich City FC,0,0
2023-03-18,EFL Championship,Sunderland AFC,Luton Town FC,1,1
2023-03-18,EFL Championship,Watford FC,Wigan Athletic FC,1,1
2023-03-19,EFL Championship,Swansea City AFC,Bristol City FC,2,0
2023-03-31,EFL Championship,Burnley FC,Sunderland AFC,0,0
2023-04-01,EFL Championship,Preston North End FC,Blackpool FC,3,1
2023-04-01,EFL Championship,Luton Town FC,Watford FC,2,0
2023-04-01,EFL Championship,Cardiff City FC,Swansea City AFC,2,3
2023-04-01,EFL Championship,West Bromwich Albion FC,Millwall FC,0,0
2023-04-01,EFL Championship,Wigan Athletic FC,Queens Park Rangers FC,1,0
2023-04-01,EFL Championship,Norwich City FC,Sheffield United FC,0,1
2023-04-01,EFL Championship,Birmingham City FC,Blackburn Rovers FC,1,0
2023-04-01,EFL Championship,Bristol City FC,Reading FC,1,1
2023-04-01,EFL Championship,Coventry City FC,Stoke City FC,0,4
2023-04-01,EFL Championship,Huddersfield Town AFC,Middlesbrough FC,4,2
2023-04-01,EFL Championship,Hull City AFC,Rotherham United FC,0,0
2023-04-07,EFL Championship,Millwall FC,Luton Town FC,0,0
2023-04-07,EFL Championship,Rotherham United FC,West Bromwich Albion FC,3,1
2023-04-07,EFL Championship,Swansea City AFC,Coventry City FC,0,0
2023-04-07,EFL Championship,Blackpool FC,Cardiff City FC,1,3
2023-04-07,EFL Championship,Blackburn Rovers FC,Norwich City FC,0,2
2023-04-07,EFL Championship,Queens Park Rangers FC,Preston North End FC,0,2
2023-04-07,EFL Championship,Reading FC,Birmingham City FC,1,1
2023-04-07,EFL Championship,Sheffield United FC,Wigan Athletic FC,1,0
2023-04-07,EFL Championship,Stoke City FC,Bristol City FC,1,2
2023-04-07,EFL Championship,Watford FC,Huddersfield Town AFC,2,3
2023-04-07,EFL Championship,Sunderland AFC,Hull City AFC,4,4
2023-04-07,EFL Championship,Middlesbrough FC,Burnley FC,1,2
2023-04-10,EFL Championship,Huddersfield Town AFC,Blackburn Rovers FC,2,2
2023-04-10,EFL Championship,Wigan Athletic FC,Swansea City AFC,0,2
2023-04-10,EFL Championship,Cardiff City FC,Sunderland AFC,0,1
2023-04-10,EFL Championship,West Bromwich Albion FC,Queens Park Rangers FC,2,2
2023-04-10,EFL Championship,Preston North End FC,Reading FC,2,1
2023-04-10,EFL Championship,Norwich City FC,Rotherham United FC,0,0
2023-04-10,EFL Championship,Coventry City FC,Watford FC,2,2
2023-04-10,EFL Championship,Hull City AFC,Millwall FC,1,0
2023-04-10,EFL Championship,Luton Town FC,Blackpool FC,3,1
2023-04-10,EFL Championship,Birmingham City FC,Stoke City FC,0,0
2023-04-10,EFL Championship,Bristol City FC,Middlesbrough FC,2,2
2023-04-10,EFL Championship,Burnley FC,Sheffield United FC,2,0
2023-04-14,EFL Championship,Middlesbrough FC,Norwich City FC,5,1
2023-04-15,EFL Championship,Sheffield United FC,Cardiff City FC,4,1
2023-04-15,EFL Championship,Swansea City AFC,Huddersfield Town AFC,1,0
2023-04-15,EFL Championship,Blackpool FC,Wigan Athletic FC,1,0
2023-04-15,EFL Championship,Millwall FC,Preston North End FC,2,0
2023-04-15,EFL Championship,Queens Park Rangers FC,Coventry City FC,0,3
2023-04-15,EFL Championship,Reading FC,Burnley FC,0,0
2023-04-15,EFL Championship,Rotherham United FC,Luton Town FC,0,2
2023-04-15,EFL Championship,Stoke City FC,West Bromwich Albion FC,1,2
2023-04-15,EFL Championship,Sunderland AFC,Birmingham City FC,2,1
2023-04-15,EFL Championship,Watford FC,Bristol City FC,2,0
2023-04-15,EFL Championship,Blackburn Rovers FC,Hull City AFC,0,0
2023-04-18,EFL Championship,Stoke City FC,Wigan Athletic FC,0,1
2023-04-18,EFL Championship,Sunderland AFC,Huddersfield Town AFC,1,1
2023-04-18,EFL Championship,Sheffield United FC,Bristol City FC,1,0
2023-04-18,EFL Championship,Rotherham United FC,Burnley FC,2,2
2023-04-18,EFL Championship,Blackpool FC,West Bromwich Albion FC,0,2
2023-04-18,EFL Championship,Millwall FC,Birmingham City FC,0,1
2023-04-19,EFL Championship,Swansea City AFC,Preston North End FC,4,2
2023-04-19,EFL Championship,Watford FC,Cardiff City FC,1,3
2023-04-19,EFL Championship,Blackburn Rovers FC,Coventry City FC,1,1
2023-04-19,EFL Championship,Queens Park Rangers FC,Norwich City FC,1,1
2023-04-19,EFL Championship,Reading FC,Luton Town FC,1,1
2023-04-19,EFL Championship,Middlesbrough FC,Hull City AFC,3,1
2023-04-22,EFL Championship,Hull City AFC,Watford FC,1,0
2023-04-22,EFL Championship,Wigan Athletic FC,Millwall FC,2,1
2023-04-22,EFL Championship,Cardiff City FC,Stoke City FC,1,1
2023-04-22,EFL Championship,Norwich City FC,Swansea City AFC,0,3
2023-04-22,EFL Championship,Birmingham City FC,Blackpool FC,0,1
2023-04-22,EFL Championship,Bristol City FC,Rotherham United FC,2,1
2023-04-22,EFL Championship,Burnley FC,Queens Park Rangers FC,1,2
2023-04-22,EFL Championship,Coventry City FC,Reading FC,2,1
2023-04-22,EFL Championship,Preston North End FC,Blackburn Rovers FC,1,1
2023-04-23,EFL Championship,West Bromwich Albion FC,Sunderland AFC,1,2
2023-04-24,EFL Championship,Luton Town FC,Middlesbrough FC,2,1
2023-04-25,EFL Championship,Blackburn Rovers FC,Burnley FC,0,1
2023-04-26,EFL Championship,Sheffield United FC,West Bromwich Albion FC,2,0
2023-04-27,EFL Championship,Rotherham United FC,Cardiff City FC,1,2
2023-04-28,EFL Championship,Blackpool FC,Millwall FC,2,3
2023-04-29,EFL Championship,Hull City AFC,Swansea City AFC,1,1
2023-04-29,EFL Championship,Sheffield United FC,Preston North End FC,4,1
2023-04-29,EFL Championship,Stoke City FC,Queens Park Rangers FC,0,1
2023-04-29,EFL Championship,Sunderland AFC,Watford FC,2,2
2023-04-29,EFL Championship,Reading FC,Wigan Athletic FC,1,1
2023-04-29,EFL Championship,Coventry City FC,Birmingham City FC,2,0
2023-04-29,EFL Championship,Bristol City FC,Burnley FC,1,2
2023-04-29,EFL Championship,West Bromwich Albion FC,Norwich City FC,2,1
2023-04-30,EFL Championship,Cardiff City FC,Huddersfield Town AFC,1,2
2023-05-01,EFL Championship,Rotherham United FC,Middlesbrough FC,1,0
2023-05-01,EFL Championship,Blackburn Rovers FC,Luton Town FC,1,1
2023-05-04,EFL Championship,Huddersfield Town AFC,Sheffield United FC,1,0
2023-05-08,EFL Championship,Swansea City AFC,West Bromwich Albion FC,3,2
2023-05-08,EFL Championship,Burnley FC,Cardiff City FC,3,0
2023-05-08,EFL Championship,Birmingham City FC,Sheffield United FC,1,2
2023-05-08,EFL Championship,Huddersfield Town AFC,Reading FC,2,0
2023-05-08,EFL Championship,Luton Town FC,Hull City AFC,0,0
2023-05-08,EFL Championship,Middlesbrough FC,Coventry City FC,1,1
2023-05-08,EFL Championship,Millwall FC,Blackburn Rovers FC,3,4
2023-05-08,EFL Championship,Norwich City FC,Blackpool FC,0,1
2023-05-08,EFL Championship,Preston North End FC,Sunderland AFC,0,3
2023-05-08,EFL Championship,Queens Park Rangers FC,Bristol City FC,0,2
2023-05-08,EFL Championship,Watford FC,Stoke City FC,2,0
2023-05-08,EFL Championship,Wigan Athletic FC,Rotherham United FC,0,0
2023-05-13,EFL Championship,Sunderland AFC,Luton Town FC,2,1
2023-05-14,EFL Championship,Coventry City FC,Middlesbrough FC,0,0
2023-05-16,EFL Championship,Luton Town FC,Sunderland AFC,2,0
2023-05-17,EFL Championship,Middlesbrough FC,Coventry City FC,0,1
2023-05-27,EFL Championship,Coventry City FC,Luton Town FC,1,1
